MaxTemperature,MinTemperature,MeanTemperature,Pressure,Humidity,CloudCoverage,WindSpeed,WindDirection,Rainfall,WeatherCode,PreviousRainfall,PreviousDayTemperature,PreviousDayHumidity,Month,DayOfYear,Season
21.7,12.2,16.7,1019.0,57,1,19.1,69,0.0,0,0.0,16.4,63.0,1,2,Winter
22.2,12.5,17.1,1019.2,44,1,17.9,57,0.0,0,0.0,16.7,57.0,1,3,Winter
22.4,12.8,17.7,1017.0,50,10,12.3,352,0.0,1,0.0,17.1,44.0,1,4,Winter
19.7,17.0,18.0,1016.2,65,90,18.1,93,1.3,51,0.0,17.7,50.0,1,5,Winter
21.8,14.7,18.1,1016.9,53,70,21.9,70,0.0,3,1.3,18.0,65.0,1,6,Winter
21.0,13.7,16.9,1017.5,55,42,15.5,70,2.6,55,0.0,18.1,53.0,1,7,Winter
21.8,12.6,17.1,1018.0,56,25,15.9,74,0.1,51,2.6,16.9,55.0,1,8,Winter
22.1,13.9,17.4,1018.4,52,9,23.0,63,0.0,1,0.1,17.1,56.0,1,9,Winter
22.6,13.0,17.5,1018.2,51,10,15.1,49,0.0,1,0.0,17.4,52.0,1,10,Winter
22.9,12.0,17.5,1017.9,65,6,14.6,333,0.0,1,0.0,17.5,51.0,1,11,Winter
23.1,13.5,18.3,1017.8,76,4,13.9,299,0.0,0,0.0,17.5,65.0,1,12,Winter
24.7,13.3,19.0,1019.4,69,0,10.9,354,0.0,0,0.0,18.3,76.0,1,13,Winter
25.1,13.4,19.2,1018.1,66,11,17.3,315,0.0,3,0.0,19.0,69.0,1,14,Winter
26.4,15.3,20.5,1015.9,70,2,12.8,302,0.0,1,0.0,19.2,66.0,1,15,Winter
27.6,15.9,21.3,1016.7,45,32,20.5,65,0.0,3,0.0,20.5,70.0,1,16,Winter
27.2,16.3,21.3,1016.0,44,40,13.0,7,0.0,3,0.0,21.3,45.0,1,17,Winter
24.3,16.1,20.1,1013.7,74,4,25.5,275,0.0,1,0.0,21.3,44.0,1,18,Winter
24.3,16.3,20.3,1015.5,50,0,21.3,27,0.0,0,0.0,20.1,74.0,1,19,Winter
23.9,13.6,18.6,1016.0,53,48,15.9,338,0.0,3,0.0,20.3,50.0,1,20,Winter
25.9,14.5,20.2,1014.8,55,5,17.7,46,0.0,1,0.0,18.6,53.0,1,21,Winter
25.1,16.8,20.5,1018.0,44,29,32.7,52,0.0,3,0.0,20.2,55.0,1,22,Winter
25.5,16.3,20.3,1019.5,40,47,24.7,53,0.0,3,0.0,20.5,44.0,1,23,Winter
25.7,14.0,19.8,1017.7,46,29,13.7,10,0.0,3,0.0,20.3,40.0,1,24,Winter
25.4,15.9,20.7,1013.8,75,11,20.5,277,0.0,2,0.0,19.8,46.0,1,25,Winter
26.6,17.5,21.7,1012.0,43,36,18.8,353,0.0,3,0.0,20.7,75.0,1,26,Winter
25.0,14.2,19.5,1014.6,35,87,15.5,75,0.0,3,0.0,21.7,43.0,1,27,Winter
26.1,14.2,20.2,1015.0,41,8,12.7,358,0.0,2,0.0,19.5,35.0,1,28,Winter
25.9,14.6,20.2,1014.4,72,20,13.0,307,0.0,3,0.0,20.2,41.0,1,29,Winter
26.0,14.1,20.1,1013.7,67,19,13.6,292,0.0,2,0.0,20.2,72.0,1,30,Winter
27.3,15.8,21.2,1013.1,59,0,13.1,40,0.0,0,0.0,20.1,67.0,1,31,Winter
27.3,14.9,20.9,1013.8,61,0,14.1,339,0.0,0,0.0,21.2,59.0,2,32,Winter
27.2,16.0,21.2,1013.0,64,0,16.0,299,0.0,0,0.0,20.9,61.0,2,33,Winter
25.5,16.8,21.1,1012.0,77,3,23.9,269,0.0,1,0.0,21.2,64.0,2,34,Winter
26.3,20.3,22.6,1008.8,80,6,27.2,270,0.0,1,0.0,21.1,77.0,2,35,Winter
27.7,17.5,22.3,1007.5,77,21,20.3,278,0.0,3,0.0,22.6,80.0,2,36,Winter
25.6,18.0,21.4,1007.9,78,9,18.4,257,0.0,1,0.0,22.3,77.0,2,37,Winter
25.9,19.2,22.1,1007.2,74,14,25.2,259,0.0,1,0.0,21.4,78.0,2,38,Winter
29.3,16.5,22.2,1007.9,52,0,18.4,320,0.0,0,0.0,22.1,74.0,2,39,Winter
26.7,12.9,20.0,1009.0,53,0,12.1,48,0.0,0,0.0,22.2,52.0,2,40,Winter
25.3,13.2,19.5,1010.3,62,0,14.9,293,0.0,0,0.0,20.0,53.0,2,41,Winter
26.7,13.2,20.2,1012.4,56,0,13.9,321,0.0,0,0.0,19.5,62.0,2,42,Winter
26.5,13.6,20.1,1012.4,62,0,17.1,290,0.0,0,0.0,20.2,56.0,2,43,Winter
27.4,14.6,20.9,1010.2,62,0,16.9,293,0.0,0,0.0,20.1,62.0,2,44,Winter
28.3,14.3,21.2,1011.1,52,0,13.6,351,0.0,0,0.0,20.9,62.0,2,45,Winter
27.4,15.6,21.0,1010.8,63,0,18.3,283,0.0,0,0.0,21.2,52.0,2,46,Winter
26.2,16.1,20.9,1009.1,78,3,21.0,249,0.0,1,0.0,21.0,63.0,2,47,Winter
26.0,16.4,21.2,1009.5,72,12,22.0,265,0.0,2,0.0,20.9,78.0,2,48,Winter
24.6,19.6,21.6,1009.7,69,9,31.4,267,0.0,1,0.0,21.2,72.0,2,49,Winter
25.5,19.4,21.9,1009.4,56,8,30.3,267,0.0,1,0.0,21.6,69.0,2,50,Winter
28.7,16.9,22.1,1013.2,37,0,18.6,330,0.0,0,0.0,21.9,56.0,2,51,Winter
27.1,14.7,20.4,1014.6,51,0,14.3,286,0.0,0,0.0,22.1,37.0,2,52,Winter
26.3,12.8,19.8,1013.1,66,0,17.0,288,0.0,0,0.0,20.4,51.0,2,53,Winter
25.6,18.0,21.3,1011.1,67,0,31.8,267,0.0,0,0.0,19.8,66.0,2,54,Winter
27.4,19.6,22.7,1010.9,69,0,21.7,277,0.0,0,0.0,21.3,67.0,2,55,Winter
31.8,16.4,24.1,1012.5,51,11,13.6,33,0.0,2,0.0,22.7,69.0,2,56,Winter
30.0,16.6,22.9,1010.6,56,0,20.8,291,0.0,0,0.0,24.1,51.0,2,57,Winter
26.7,18.5,22.1,1010.6,75,0,30.4,265,0.0,0,0.0,22.9,56.0,2,58,Winter
28.3,20.9,24.0,1011.4,69,1,29.0,267,0.0,0,0.0,22.1,75.0,2,59,Winter
29.3,21.2,24.4,1011.0,65,15,29.1,269,0.0,2,0.0,24.0,69.0,3,60,HotDry
27.9,20.7,23.7,1010.8,70,0,25.9,270,0.0,0,0.0,24.4,65.0,3,61,HotDry
30.5,20.1,24.5,1009.2,67,0,22.7,277,0.0,0,0.0,23.7,70.0,3,62,HotDry
31.1,21.6,25.3,1011.7,64,1,27.0,271,0.0,0,0.0,24.5,67.0,3,63,HotDry
31.7,21.6,25.4,1012.8,62,21,23.1,271,0.0,1,0.0,25.3,64.0,3,64,HotDry
32.9,20.8,26.4,1011.5,44,25,25.8,297,0.0,2,0.0,25.4,62.0,3,65,HotDry
31.2,20.5,25.7,1011.1,28,34,22.1,305,0.0,3,0.0,26.4,44.0,3,66,HotDry
31.8,19.3,25.2,1012.8,57,81,22.5,276,0.0,3,0.0,25.7,28.0,3,67,HotDry
31.6,21.5,25.8,1014.4,61,41,21.7,275,0.0,3,0.0,25.2,57.0,3,68,HotDry
32.4,20.3,25.8,1012.8,63,26,21.8,271,0.0,2,0.0,25.8,61.0,3,69,HotDry
31.2,21.0,25.5,1012.4,64,59,23.1,264,0.0,3,0.0,25.8,63.0,3,70,HotDry
32.5,19.5,25.6,1013.0,50,6,18.8,302,0.0,1,0.0,25.5,64.0,3,71,HotDry
32.3,17.9,25.0,1012.6,44,11,19.4,334,0.0,1,0.0,25.6,50.0,3,72,HotDry
32.4,17.1,25.0,1011.4,49,5,19.6,278,0.0,2,0.0,25.0,44.0,3,73,HotDry
31.6,18.7,24.7,1010.7,67,46,23.8,272,0.0,3,0.0,25.0,49.0,3,74,HotDry
35.4,21.2,27.5,1010.0,53,16,20.5,283,0.0,3,0.0,24.7,67.0,3,75,HotDry
35.8,20.2,28.1,1010.2,43,0,20.3,312,0.0,0,0.0,27.5,53.0,3,76,HotDry
33.4,21.1,26.8,1009.6,33,1,18.4,301,0.0,0,0.0,28.1,43.0,3,77,HotDry
33.0,20.3,26.1,1009.6,57,48,23.4,270,0.0,3,0.0,26.8,33.0,3,78,HotDry
31.3,21.5,25.8,1009.7,68,40,23.2,263,0.0,3,0.0,26.1,57.0,3,79,HotDry
30.0,22.6,25.8,1009.9,75,89,25.2,264,0.0,3,0.0,25.8,68.0,3,80,HotDry
30.6,22.8,26.0,1008.9,77,45,27.9,259,0.0,3,0.0,25.8,75.0,3,81,HotDry
30.8,23.6,26.6,1005.9,73,31,31.4,256,0.0,3,0.0,26.0,77.0,3,82,HotDry
30.7,23.3,26.3,1006.4,79,13,23.6,253,0.0,1,0.0,26.6,73.0,3,83,HotDry
29.6,23.7,26.1,1008.8,79,28,23.1,251,0.0,3,0.0,26.3,79.0,3,84,HotDry
30.1,24.1,26.6,1008.4,79,73,29.3,254,0.0,3,0.0,26.1,79.0,3,85,HotDry
30.8,24.3,27.0,1008.1,75,61,24.4,255,0.0,3,0.0,26.6,79.0,3,86,HotDry
31.6,23.8,27.0,1007.7,70,33,25.6,267,0.0,3,0.0,27.0,75.0,3,87,HotDry
30.9,23.2,26.5,1007.9,70,5,23.7,262,0.0,1,0.0,27.0,70.0,3,88,HotDry
30.3,23.0,25.9,1008.6,75,34,28.9,264,0.0,3,0.0,26.5,70.0,3,89,HotDry
29.9,23.5,26.0,1007.8,68,85,25.7,272,0.1,51,0.0,25.9,75.0,3,90,HotDry
25.7,19.8,23.4,1010.2,84,99,26.0,189,17.6,63,0.1,26.0,68.0,4,91,HotDry
26.6,21.6,23.6,1011.7,80,71,15.0,162,0.7,51,17.6,23.4,84.0,4,92,HotDry
27.0,20.9,24.2,1009.9,81,24,20.0,277,0.2,51,0.7,23.6,80.0,4,93,HotDry
27.9,22.5,24.9,1008.7,82,15,20.3,275,0.0,2,0.2,24.2,81.0,4,94,HotDry
28.5,22.8,25.5,1009.3,80,23,22.6,277,0.0,3,0.0,24.9,82.0,4,95,HotDry
29.4,24.2,26.3,1008.7,80,24,21.4,262,0.0,2,0.0,25.5,80.0,4,96,HotDry
29.9,24.3,26.7,1006.0,79,9,28.2,255,0.0,1,0.0,26.3,80.0,4,97,HotDry
30.3,24.7,27.1,1002.8,77,17,30.9,252,0.0,1,0.0,26.7,79.0,4,98,HotDry
31.9,25.8,28.5,1002.5,52,2,34.0,260,0.0,0,0.0,27.1,77.0,4,99,HotDry
33.7,22.7,27.7,1006.4,43,0,24.4,287,0.0,0,0.0,28.5,52.0,4,100,HotDry
30.9,23.2,26.5,1006.8,66,0,30.6,263,0.0,0,0.0,27.7,43.0,4,101,HotDry
29.6,24.0,26.2,1004.9,67,6,32.4,255,0.0,1,0.0,26.5,66.0,4,102,HotDry
33.0,23.2,27.6,1004.0,51,0,28.6,273,0.0,0,0.0,26.2,67.0,4,103,HotDry
34.5,23.2,28.0,1005.1,51,0,24.4,269,0.0,0,0.0,27.6,51.0,4,104,HotDry
31.7,22.4,26.8,1006.1,68,0,24.2,237,0.0,0,0.0,28.0,51.0,4,105,HotDry
31.5,22.4,26.5,1009.0,70,0,26.1,251,0.0,0,0.0,26.8,68.0,4,106,HotDry
30.5,22.6,26.1,1008.4,74,5,29.5,263,0.0,1,0.0,26.5,70.0,4,107,HotDry
31.0,23.5,26.6,1006.1,71,5,29.8,253,0.0,1,0.0,26.1,74.0,4,108,HotDry
30.2,23.9,26.5,1005.9,77,17,30.0,249,0.0,2,0.0,26.6,71.0,4,109,HotDry
31.0,23.8,26.9,1009.9,75,16,25.3,261,0.0,2,0.0,26.5,77.0,4,110,HotDry
33.7,23.3,27.5,1012.1,69,29,23.8,279,0.0,3,0.0,26.9,75.0,4,111,HotDry
32.2,24.1,27.4,1007.7,73,3,30.9,267,0.0,1,0.0,27.5,69.0,4,112,HotDry
33.1,25.3,28.7,1003.6,61,0,34.1,261,0.0,0,0.0,27.4,73.0,4,113,HotDry
33.2,26.0,29.1,1001.9,60,0,35.2,258,0.0,0,0.0,28.7,61.0,4,114,HotDry
33.3,25.9,29.0,1003.4,65,0,32.4,256,0.0,0,0.0,29.1,60.0,4,115,HotDry
32.4,24.9,28.2,1006.1,75,1,25.8,233,0.0,0,0.0,29.0,65.0,4,116,HotDry
33.0,25.2,28.5,1005.9,76,7,32.3,253,0.0,2,0.0,28.2,75.0,4,117,HotDry
32.5,25.6,28.5,1005.4,67,12,33.5,259,0.0,3,0.0,28.5,76.0,4,118,HotDry
32.4,25.0,28.3,1004.8,67,3,35.4,258,0.0,1,0.0,28.5,67.0,4,119,HotDry
31.9,25.5,28.3,1002.0,65,6,37.6,260,0.0,1,0.0,28.3,67.0,4,120,HotDry
33.4,24.8,28.7,999.3,65,26,26.6,254,0.0,3,0.0,28.3,65.0,5,121,HotDry
34.8,25.4,28.9,1001.5,63,54,27.9,252,0.0,3,0.0,28.7,65.0,5,122,HotDry
32.8,24.2,27.7,1003.1,74,3,29.1,245,0.0,1,0.0,28.9,63.0,5,123,HotDry
32.0,24.4,27.6,1003.6,72,2,31.4,255,0.0,1,0.0,27.7,74.0,5,124,HotDry
30.7,24.7,27.1,1004.3,79,22,33.9,258,0.0,2,0.0,27.6,72.0,5,125,HotDry
31.1,24.7,27.3,1006.2,79,18,31.0,257,0.0,1,0.0,27.1,79.0,5,126,HotDry
31.4,24.9,27.4,1008.2,76,56,27.9,263,0.0,3,0.0,27.3,79.0,5,127,HotDry
31.4,25.1,27.8,1008.1,76,66,28.0,258,0.0,3,0.0,27.4,76.0,5,128,HotDry
31.8,26.0,28.6,1006.9,76,50,27.8,256,0.0,3,0.0,27.8,76.0,5,129,HotDry
35.4,26.8,30.2,1005.8,67,5,25.4,259,0.0,2,0.0,28.6,76.0,5,130,HotDry
36.0,27.6,31.0,1005.2,59,18,31.5,264,0.0,2,0.0,30.2,67.0,5,131,HotDry
35.6,26.7,30.7,1004.4,62,25,31.0,263,0.0,3,0.0,31.0,59.0,5,132,HotDry
40.8,25.9,32.9,1003.0,54,21,21.3,258,0.0,2,0.0,30.7,62.0,5,133,HotDry
40.6,28.6,33.9,1002.2,35,0,26.7,276,0.0,0,0.0,32.9,54.0,5,134,HotDry
37.4,26.7,31.5,1002.1,55,22,28.9,265,0.0,3,0.0,33.9,35.0,5,135,HotDry
34.2,26.1,29.6,1004.7,75,2,24.9,258,0.0,0,0.0,31.5,55.0,5,136,HotDry
33.9,25.8,29.1,1006.3,77,44,22.9,263,0.0,3,0.0,29.6,75.0,5,137,HotDry
33.4,25.9,29.0,1006.3,76,23,25.6,258,0.0,3,0.0,29.1,77.0,5,138,HotDry
33.5,26.0,29.2,1004.5,77,20,29.5,257,0.0,3,0.0,29.0,76.0,5,139,HotDry
35.0,26.6,30.2,1001.8,69,2,31.6,258,0.0,0,0.0,29.2,77.0,5,140,HotDry
33.8,26.7,29.7,999.9,74,5,30.8,257,0.0,1,0.0,30.2,69.0,5,141,HotDry
33.4,26.7,29.6,1000.3,78,8,27.9,248,0.0,1,0.0,29.7,74.0,5,142,HotDry
33.2,27.1,29.6,1000.2,79,15,33.6,251,0.0,2,0.0,29.6,78.0,5,143,HotDry
33.9,27.4,30.2,997.4,75,2,34.0,249,0.0,0,0.0,29.6,79.0,5,144,HotDry
40.8,27.1,33.0,996.8,55,0,26.2,259,0.0,0,0.0,30.2,75.0,5,145,HotDry
38.3,27.6,31.9,997.8,51,0,27.9,257,0.0,0,0.0,33.0,55.0,5,146,HotDry
33.6,26.6,29.3,999.1,75,5,28.8,246,0.0,1,0.0,31.9,51.0,5,147,HotDry
32.5,26.1,28.7,998.5,80,12,27.7,227,0.0,1,0.0,29.3,75.0,5,148,HotDry
31.7,25.7,28.3,999.5,76,28,21.5,223,0.0,2,0.0,28.7,80.0,5,149,HotDry
33.4,25.1,28.9,999.4,72,28,19.4,256,0.0,3,0.0,28.3,76.0,5,150,HotDry
33.8,26.7,29.7,998.6,70,22,26.0,250,0.0,2,0.0,28.9,72.0,5,151,HotDry
32.8,27.5,29.6,999.1,74,92,24.5,242,0.0,3,0.0,29.7,70.0,6,152,Monsoon
32.8,27.8,29.9,998.9,74,51,31.8,249,0.0,3,0.0,29.6,74.0,6,153,Monsoon
32.6,27.7,29.8,999.4,75,44,34.4,250,0.0,3,0.0,29.9,74.0,6,154,Monsoon
32.7,27.5,29.7,1000.9,74,33,34.1,252,0.0,2,0.0,29.8,75.0,6,155,Monsoon
32.8,27.9,29.8,1002.0,72,28,33.4,252,0.0,2,0.0,29.7,74.0,6,156,Monsoon
32.4,27.6,29.7,1001.7,72,34,35.8,250,0.0,2,0.0,29.8,72.0,6,157,Monsoon
31.9,28.0,29.6,999.6,76,56,38.9,242,0.4,51,0.0,29.7,72.0,6,158,Monsoon
32.3,27.9,29.7,998.7,80,59,34.3,237,0.6,51,0.4,29.6,76.0,6,159,Monsoon
32.2,27.8,29.6,1000.2,79,58,33.0,232,0.0,3,0.6,29.7,80.0,6,160,Monsoon
32.3,27.7,29.6,999.0,79,44,34.8,237,0.0,2,0.0,29.6,79.0,6,161,Monsoon
32.8,27.2,29.6,997.1,79,26,29.9,237,0.0,2,0.0,29.6,79.0,6,162,Monsoon
33.1,27.0,29.5,999.0,78,28,25.0,245,0.0,2,0.0,29.6,79.0,6,163,Monsoon
32.0,27.5,29.2,1001.9,76,35,26.3,248,0.0,2,0.0,29.5,78.0,6,164,Monsoon
32.3,27.1,29.2,1001.8,75,33,33.2,254,0.0,2,0.0,29.2,76.0,6,165,Monsoon
32.4,27.1,29.3,999.9,75,39,36.8,253,0.0,3,0.0,29.2,75.0,6,166,Monsoon
32.8,27.4,29.6,997.7,78,20,37.9,254,0.0,2,0.0,29.3,75.0,6,167,Monsoon
33.5,27.6,30.0,996.7,78,16,39.6,251,0.0,2,0.0,29.6,78.0,6,168,Monsoon
32.9,27.5,29.6,997.4,79,17,41.1,249,0.0,1,0.0,30.0,78.0,6,169,Monsoon
32.2,27.8,29.5,997.8,77,46,42.0,249,0.0,2,0.0,29.6,79.0,6,170,Monsoon
31.7,27.7,29.4,998.9,76,61,42.8,245,0.0,3,0.0,29.5,77.0,6,171,Monsoon
31.4,27.7,29.1,1000.1,76,61,34.6,244,0.0,3,0.0,29.4,76.0,6,172,Monsoon
32.0,27.3,29.2,999.0,74,45,29.3,244,0.0,2,0.0,29.1,76.0,6,173,Monsoon
32.2,27.0,29.2,996.7,76,31,29.7,236,0.0,1,0.0,29.2,74.0,6,174,Monsoon
33.0,26.7,29.3,995.7,78,16,25.2,233,0.0,1,0.0,29.2,76.0,6,175,Monsoon
32.9,26.8,29.3,997.8,79,16,27.4,244,0.0,2,0.0,29.3,78.0,6,176,Monsoon
31.9,27.2,29.1,998.9,78,44,29.8,246,0.0,3,0.0,29.3,79.0,6,177,Monsoon
31.9,27.2,29.1,997.0,77,50,33.5,248,0.0,3,0.0,29.1,78.0,6,178,Monsoon
31.7,27.1,28.9,996.1,80,42,33.8,245,0.0,2,0.0,29.1,77.0,6,179,Monsoon
31.9,27.0,28.9,996.1,79,49,32.7,240,0.0,3,0.0,28.9,80.0,6,180,Monsoon
32.0,26.8,28.9,996.7,79,48,29.5,227,0.0,3,0.0,28.9,79.0,6,181,Monsoon
32.0,26.7,28.9,998.8,79,51,25.2,226,0.0,3,0.0,28.9,79.0,7,182,Monsoon
32.1,26.8,29.0,998.9,78,49,23.0,229,0.0,2,0.0,28.9,79.0,7,183,Monsoon
32.1,26.8,29.1,998.9,78,47,21.3,226,0.0,3,0.0,29.0,78.0,7,184,Monsoon
31.8,26.9,29.1,999.2,77,44,21.9,214,0.0,3,0.0,29.1,78.0,7,185,Monsoon
31.8,27.1,29.1,997.9,75,53,22.5,221,0.0,3,0.0,29.1,77.0,7,186,Monsoon
32.5,26.8,29.2,995.4,75,36,20.7,221,0.0,3,0.0,29.1,75.0,7,187,Monsoon
33.2,27.0,29.5,995.1,78,23,22.7,220,0.0,2,0.0,29.2,75.0,7,188,Monsoon
32.5,27.3,29.3,996.2,79,45,35.2,246,0.0,3,0.0,29.5,78.0,7,189,Monsoon
31.7,27.1,28.9,996.0,78,51,34.1,245,0.0,2,0.0,29.3,79.0,7,190,Monsoon
31.8,26.8,28.8,995.4,77,56,31.0,240,0.0,3,0.0,28.9,78.0,7,191,Monsoon
32.2,26.3,28.8,997.3,78,40,20.5,225,0.0,3,0.0,28.8,77.0,7,192,Monsoon
32.0,26.8,28.9,999.2,76,81,18.0,217,0.0,3,0.0,28.8,78.0,7,193,Monsoon
30.4,26.9,28.4,998.2,78,95,21.7,232,0.0,3,0.0,28.9,76.0,7,194,Monsoon
31.3,26.7,28.7,997.2,75,97,25.9,233,0.0,3,0.0,28.4,78.0,7,195,Monsoon
30.9,27.2,28.6,999.4,76,98,32.8,242,0.0,3,0.0,28.7,75.0,7,196,Monsoon
30.4,26.9,28.4,999.7,77,95,28.1,252,0.4,51,0.0,28.6,76.0,7,197,Monsoon
30.3,26.9,28.1,999.9,81,100,24.5,259,8.9,63,0.4,28.4,77.0,7,198,Monsoon
27.7,25.2,26.6,997.5,87,100,30.4,289,129.8,65,8.9,28.1,81.0,7,199,Monsoon
26.8,25.4,26.1,998.5,88,100,27.2,276,54.5,63,129.8,26.6,87.0,7,200,Monsoon
26.5,25.2,25.9,1001.7,87,89,21.3,253,14.1,63,54.5,26.1,88.0,7,201,Monsoon
29.7,25.6,27.4,1002.2,84,74,20.4,249,0.0,3,14.1,25.9,87.0,7,202,Monsoon
29.3,26.2,27.5,1003.0,85,71,17.1,244,0.2,51,0.0,27.4,84.0,7,203,Monsoon
29.5,25.9,27.5,1003.0,83,75,18.7,248,0.0,3,0.2,27.5,85.0,7,204,Monsoon
28.6,26.2,27.2,1001.0,84,84,39.7,255,0.0,3,0.0,27.5,83.0,7,205,Monsoon
28.5,25.9,27.0,999.2,85,71,38.4,255,0.2,51,0.0,27.2,84.0,7,206,Monsoon
29.0,25.8,27.2,1000.4,85,91,29.8,255,0.5,51,0.2,27.0,85.0,7,207,Monsoon
29.1,26.1,27.2,1002.3,84,81,32.5,257,0.4,51,0.5,27.2,85.0,7,208,Monsoon
28.7,26.0,27.1,1001.9,84,89,37.5,259,0.0,3,0.4,27.2,84.0,7,209,Monsoon
28.8,26.0,27.2,1000.1,83,88,37.5,255,0.4,51,0.0,27.1,84.0,7,210,Monsoon
29.1,26.3,27.6,997.7,84,86,33.5,255,0.0,3,0.4,27.2,83.0,7,211,Monsoon
29.7,26.5,27.8,997.4,85,76,26.6,263,1.0,53,0.0,27.6,84.0,7,212,Monsoon
30.2,26.6,28.1,996.9,86,98,20.5,275,0.0,3,1.0,27.8,85.0,8,213,Monsoon
33.9,26.4,29.9,998.0,82,71,26.8,46,6.9,63,0.0,28.1,86.0,8,214,Monsoon
33.0,27.9,29.6,998.6,87,70,11.1,322,22.9,65,6.9,29.9,82.0,8,215,Monsoon
28.6,26.3,27.5,1001.1,88,100,23.1,269,32.0,63,22.9,29.6,87.0,8,216,Monsoon
29.1,26.3,27.6,1001.6,86,90,30.2,258,0.0,3,32.0,27.5,88.0,8,217,Monsoon
28.8,26.1,27.2,998.6,86,87,33.6,253,0.0,3,0.0,27.6,86.0,8,218,Monsoon
29.3,25.9,27.4,998.8,84,71,22.4,243,0.0,3,0.0,27.2,86.0,8,219,Monsoon
29.6,26.1,27.5,999.4,83,66,22.7,257,0.0,3,0.0,27.4,84.0,8,220,Monsoon
29.0,25.8,27.2,999.6,84,65,20.0,256,0.0,3,0.0,27.5,83.0,8,221,Monsoon
29.5,25.7,27.4,1000.1,84,86,17.1,252,0.0,3,0.0,27.2,84.0,8,222,Monsoon
29.1,26.0,27.3,998.9,84,42,19.3,246,0.0,2,0.0,27.4,84.0,8,223,Monsoon
29.3,25.8,27.3,998.6,85,67,17.9,227,0.0,3,0.0,27.3,84.0,8,224,Monsoon
29.8,25.8,27.4,999.7,87,35,17.0,225,0.0,2,0.0,27.3,85.0,8,225,Monsoon
30.2,25.7,27.5,997.6,88,20,17.5,215,0.0,2,0.0,27.4,87.0,8,226,Monsoon
29.8,25.4,27.3,997.6,86,48,15.0,201,0.0,3,0.0,27.5,88.0,8,227,Monsoon
30.1,25.7,27.4,999.1,84,59,16.8,198,0.0,3,0.0,27.3,86.0,8,228,Monsoon
30.1,25.4,27.4,1000.2,84,58,20.0,222,0.0,3,0.0,27.4,84.0,8,229,Monsoon
29.2,25.5,27.1,1000.7,83,93,21.5,234,0.0,3,0.0,27.4,84.0,8,230,Monsoon
29.0,25.6,27.1,999.6,81,59,26.1,240,0.0,3,0.0,27.1,83.0,8,231,Monsoon
29.0,25.6,27.1,1000.2,80,78,27.9,239,0.0,3,0.0,27.1,81.0,8,232,Monsoon
28.9,25.5,27.0,1001.9,81,63,24.1,242,0.1,51,0.0,27.1,80.0,8,233,Monsoon
29.2,25.6,27.0,1001.3,81,66,31.1,249,0.0,3,0.1,27.0,81.0,8,234,Monsoon
29.3,25.6,27.0,1000.9,79,85,36.2,254,0.0,3,0.0,27.0,81.0,8,235,Monsoon
29.5,25.4,27.0,1001.3,81,52,30.5,247,0.0,3,0.0,27.0,79.0,8,236,Monsoon
29.5,25.2,26.9,1001.9,81,51,28.8,244,0.0,3,0.0,27.0,81.0,8,237,Monsoon
29.3,25.2,26.8,1001.7,81,54,28.5,246,0.0,2,0.0,26.9,81.0,8,238,Monsoon
29.0,24.9,26.7,1002.3,80,44,28.4,252,0.0,2,0.0,26.8,81.0,8,239,Monsoon
28.3,24.9,26.5,1002.5,81,51,30.0,252,0.0,3,0.0,26.7,80.0,8,240,Monsoon
28.7,25.0,26.6,1002.4,81,50,29.9,251,0.0,3,0.0,26.5,81.0,8,241,Monsoon
29.1,25.1,26.8,1003.6,83,61,23.6,246,0.2,51,0.0,26.6,81.0,8,242,Monsoon
29.1,25.3,26.8,1002.9,83,67,20.6,238,0.0,3,0.2,26.8,83.0,8,243,Monsoon
28.9,25.1,26.6,1003.6,82,56,21.4,240,0.0,3,0.0,26.8,83.0,9,244,Monsoon
29.0,25.2,26.7,1005.6,79,44,27.3,250,0.0,2,0.0,26.6,82.0,9,245,Monsoon
28.8,25.2,26.7,1004.2,81,53,38.3,254,0.0,3,0.0,26.7,79.0,9,246,Monsoon
29.4,25.4,26.9,1001.6,81,41,40.5,253,0.0,2,0.0,26.7,81.0,9,247,Monsoon
29.1,25.5,26.9,1000.6,81,61,36.6,247,0.0,3,0.0,26.9,81.0,9,248,Monsoon
29.4,25.0,26.9,1002.1,81,63,24.8,241,0.0,3,0.0,26.9,81.0,9,249,Monsoon
29.6,25.2,26.9,1003.8,79,50,28.0,252,0.0,2,0.0,26.9,81.0,9,250,Monsoon
29.4,25.0,26.8,1003.0,79,42,31.1,256,0.0,2,0.0,26.9,79.0,9,251,Monsoon
28.9,25.2,26.7,1003.0,79,52,26.6,248,0.0,3,0.0,26.8,79.0,9,252,Monsoon
29.1,24.8,26.6,1005.1,78,38,20.8,248,0.0,2,0.0,26.7,79.0,9,253,Monsoon
29.1,24.6,26.5,1005.4,77,50,18.9,247,0.0,3,0.0,26.6,78.0,9,254,Monsoon
29.3,24.5,26.6,1004.5,77,38,20.4,251,0.0,3,0.0,26.5,77.0,9,255,Monsoon
30.0,24.9,27.0,1003.4,77,31,26.0,256,0.0,2,0.0,26.6,77.0,9,256,Monsoon
30.2,25.4,27.2,1001.9,79,45,24.5,245,0.0,3,0.0,27.0,77.0,9,257,Monsoon
29.9,25.1,27.1,1003.6,77,43,21.1,244,0.0,2,0.0,27.2,79.0,9,258,Monsoon
29.7,24.5,26.8,1006.3,77,40,22.1,248,0.0,3,0.0,27.1,77.0,9,259,Monsoon
29.7,25.0,26.9,1006.5,75,49,26.3,249,0.0,3,0.0,26.8,77.0,9,260,Monsoon
29.5,24.9,26.8,1006.4,75,58,27.5,249,0.0,3,0.0,26.9,75.0,9,261,Monsoon
29.9,24.6,26.9,1006.1,75,47,26.1,252,0.0,3,0.0,26.8,75.0,9,262,Monsoon
29.7,24.5,26.7,1006.2,77,38,24.6,256,0.0,3,0.0,26.9,75.0,9,263,Monsoon
30.0,24.7,26.7,1007.5,78,25,20.1,260,0.0,3,0.0,26.7,77.0,9,264,Monsoon
31.1,24.5,27.1,1007.7,80,12,25.2,268,0.0,1,0.0,26.7,78.0,9,265,Monsoon
30.6,24.9,27.2,1005.7,82,27,22.7,253,0.0,2,0.0,27.1,80.0,9,266,Monsoon
30.0,25.0,27.1,1005.6,80,54,26.3,241,0.0,3,0.0,27.2,82.0,9,267,Monsoon
29.6,25.0,26.9,1007.5,78,41,21.9,249,0.0,2,0.0,27.1,80.0,9,268,Monsoon
29.8,25.0,26.8,1008.0,77,36,23.8,257,0.0,2,0.0,26.9,78.0,9,269,Monsoon
30.0,24.7,26.7,1007.5,79,37,19.4,248,0.0,2,0.0,26.8,77.0,9,270,Monsoon
29.8,24.0,26.4,1007.5,79,35,21.1,258,0.0,2,0.0,26.7,79.0,9,271,Monsoon
29.8,23.7,26.3,1008.2,80,34,18.2,250,0.0,3,0.0,26.4,79.0,9,272,Monsoon
29.9,24.0,26.5,1009.3,79,33,19.7,254,0.0,2,0.0,26.3,80.0,9,273,Monsoon
30.5,24.3,26.6,1009.8,77,26,16.5,256,0.0,3,0.0,26.5,79.0,10,274,PostMonsoon
31.9,23.8,26.9,1010.7,76,28,16.2,279,0.0,3,0.0,26.6,77.0,10,275,PostMonsoon
34.7,23.6,28.3,1008.3,68,1,22.3,293,0.0,0,0.0,26.9,76.0,10,276,PostMonsoon
35.2,24.2,28.6,1005.3,69,0,23.9,288,0.0,0,0.0,28.3,68.0,10,277,PostMonsoon
39.3,25.3,32.6,1004.4,47,9,23.7,31,0.0,1,0.0,28.6,69.0,10,278,PostMonsoon
38.4,29.5,33.6,1005.8,41,10,25.4,36,0.1,51,0.0,32.6,47.0,10,279,PostMonsoon
37.4,28.4,32.6,1005.1,45,14,22.5,27,0.0,1,0.1,33.6,41.0,10,280,PostMonsoon
34.6,26.8,30.2,1004.8,59,3,22.9,272,0.0,0,0.0,32.6,45.0,10,281,PostMonsoon
34.8,24.9,28.9,1005.4,48,0,22.1,294,0.0,0,0.0,30.2,59.0,10,282,PostMonsoon
33.7,21.1,27.5,1008.6,58,0,14.0,119,0.0,0,0.0,28.9,48.0,10,283,PostMonsoon
34.5,23.9,28.7,1010.2,53,0,18.1,4,0.0,0,0.0,27.5,58.0,10,284,PostMonsoon
34.4,23.5,28.5,1010.1,54,2,21.2,294,0.0,0,0.0,28.7,53.0,10,285,PostMonsoon
33.0,23.0,27.1,1009.6,73,15,22.1,284,0.0,2,0.0,28.5,54.0,10,286,PostMonsoon
36.6,23.4,28.6,1006.6,62,1,22.7,288,0.0,0,0.0,27.1,73.0,10,287,PostMonsoon
34.6,23.8,28.9,1004.3,28,0,23.0,320,0.0,0,0.0,28.6,62.0,10,288,PostMonsoon
33.6,20.3,26.9,1005.9,60,0,20.1,188,0.0,0,0.0,28.9,28.0,10,289,PostMonsoon
32.1,20.5,26.2,1008.2,68,2,18.9,256,0.0,1,0.0,26.9,60.0,10,290,PostMonsoon
33.1,21.6,26.5,1008.4,61,0,20.7,281,0.0,0,0.0,26.2,68.0,10,291,PostMonsoon
30.2,22.0,25.4,1010.0,74,3,20.3,263,0.0,1,0.0,26.5,61.0,10,292,PostMonsoon
29.6,21.7,25.0,1012.5,76,24,18.8,264,0.0,3,0.0,25.4,74.0,10,293,PostMonsoon
29.1,22.6,25.0,1014.3,78,24,17.4,267,0.0,3,0.0,25.0,76.0,10,294,PostMonsoon
29.4,21.4,24.9,1014.1,80,26,19.5,266,0.0,3,0.0,25.0,78.0,10,295,PostMonsoon
29.1,22.2,25.1,1013.1,78,18,24.3,267,0.0,3,0.0,24.9,80.0,10,296,PostMonsoon
29.1,23.0,25.6,1013.1,79,13,22.9,258,0.0,1,0.0,25.1,78.0,10,297,PostMonsoon
29.6,23.6,25.9,1014.1,80,18,16.4,260,0.0,2,0.0,25.6,79.0,10,298,PostMonsoon
30.4,23.2,25.8,1015.0,79,30,18.9,281,0.0,3,0.0,25.9,80.0,10,299,PostMonsoon
29.7,23.6,25.8,1014.3,83,31,20.1,269,0.0,3,0.0,25.8,79.0,10,300,PostMonsoon
29.7,24.0,26.1,1013.1,82,19,21.6,259,0.0,2,0.0,25.8,83.0,10,301,PostMonsoon
29.7,22.9,25.6,1012.4,81,9,22.4,260,0.0,1,0.0,26.1,82.0,10,302,PostMonsoon
30.2,22.2,25.4,1013.0,77,8,20.3,259,0.0,1,0.0,25.6,81.0,10,303,PostMonsoon
29.2,21.3,24.5,1015.0,74,15,16.6,276,0.0,2,0.0,25.4,77.0,10,304,PostMonsoon
29.0,20.3,24.2,1014.2,79,18,18.1,276,0.0,3,0.0,24.5,74.0,11,305,PostMonsoon
29.3,22.5,25.3,1014.0,76,20,16.2,259,0.0,2,0.0,24.2,79.0,11,306,PostMonsoon
31.6,20.8,25.4,1015.3,74,29,14.7,300,0.0,3,0.0,25.3,76.0,11,307,PostMonsoon
32.6,21.7,26.8,1014.8,61,4,18.4,299,0.0,1,0.0,25.4,74.0,11,308,PostMonsoon
31.5,22.3,26.1,1012.7,66,0,19.5,285,0.0,0,0.0,26.8,61.0,11,309,PostMonsoon
29.7,20.3,24.9,1011.0,79,29,15.5,268,0.0,3,0.0,26.1,66.0,11,310,PostMonsoon
29.6,21.9,24.8,1012.2,74,30,13.9,296,0.0,3,0.0,24.9,79.0,11,311,PostMonsoon
29.1,20.4,24.3,1012.4,74,1,15.5,288,0.0,0,0.0,24.8,74.0,11,312,PostMonsoon
29.5,20.0,24.7,1009.5,79,3,19.7,274,0.0,0,0.0,24.3,74.0,11,313,PostMonsoon
30.5,22.5,25.8,1008.7,79,15,15.3,256,0.0,2,0.0,24.7,79.0,11,314,PostMonsoon
32.5,21.9,26.9,1011.9,55,2,25.4,50,0.0,0,0.0,25.8,79.0,11,315,PostMonsoon
31.6,21.0,26.2,1014.2,53,0,13.8,354,0.0,0,0.0,26.9,55.0,11,316,PostMonsoon
30.9,20.9,25.4,1014.1,68,0,15.1,295,0.0,0,0.0,26.2,53.0,11,317,PostMonsoon
30.7,19.0,24.8,1013.7,72,0,15.5,294,0.0,0,0.0,25.4,68.0,11,318,PostMonsoon
29.0,20.7,24.6,1012.7,83,16,18.9,275,0.0,3,0.0,24.8,72.0,11,319,PostMonsoon
29.4,22.5,25.6,1013.9,83,30,16.3,258,0.0,2,0.0,24.6,83.0,11,320,PostMonsoon
29.8,22.5,25.6,1014.5,80,27,15.4,284,0.0,3,0.0,25.6,83.0,11,321,PostMonsoon
31.6,22.0,26.2,1013.1,68,8,18.1,294,0.0,1,0.0,25.6,80.0,11,322,PostMonsoon
29.7,19.9,24.5,1011.9,73,1,16.7,247,0.0,1,0.0,26.2,68.0,11,323,PostMonsoon
28.5,21.3,24.3,1011.4,70,1,15.9,233,0.0,1,0.0,24.5,73.0,11,324,PostMonsoon
28.1,21.0,24.3,1011.8,66,89,14.5,220,0.0,3,0.0,24.3,70.0,11,325,PostMonsoon
27.4,18.1,23.1,1012.8,70,100,10.8,270,0.0,3,0.0,24.3,66.0,11,326,PostMonsoon
27.8,18.7,23.4,1012.6,68,57,15.4,286,0.0,3,0.0,23.1,70.0,11,327,PostMonsoon
28.9,18.5,23.4,1013.1,62,0,13.0,300,0.0,0,0.0,23.4,68.0,11,328,PostMonsoon
29.0,17.4,23.2,1015.3,58,0,12.3,4,0.0,0,0.0,23.4,62.0,11,329,PostMonsoon
29.1,17.4,23.4,1016.6,57,0,9.6,16,0.0,0,0.0,23.2,58.0,11,330,PostMonsoon
29.2,17.6,23.3,1017.2,49,0,12.0,28,0.0,0,0.0,23.4,57.0,11,331,PostMonsoon
27.7,16.6,22.2,1016.3,68,0,13.8,301,0.0,0,0.0,23.3,49.0,11,332,PostMonsoon
28.1,17.5,22.7,1016.5,74,19,16.1,297,0.0,2,0.0,22.2,68.0,11,333,PostMonsoon
28.3,16.9,22.8,1017.1,67,1,13.2,332,0.0,0,0.0,22.7,74.0,11,334,PostMonsoon
29.8,17.6,23.5,1017.5,55,0,11.3,26,0.0,0,0.0,22.8,67.0,12,335,Winter
30.1,18.0,23.8,1016.6,46,3,14.7,37,0.0,1,0.0,23.5,55.0,12,336,Winter
29.2,16.6,23.0,1016.6,56,12,12.3,345,0.0,2,0.0,23.8,46.0,12,337,Winter
28.6,17.9,22.9,1016.0,57,2,13.7,316,0.0,1,0.0,23.0,56.0,12,338,Winter
26.6,17.6,21.9,1014.6,70,1,12.6,285,0.0,0,0.0,22.9,57.0,12,339,Winter
25.9,17.0,21.8,1013.6,76,19,15.0,281,0.0,2,0.0,21.9,70.0,12,340,Winter
25.9,20.0,22.6,1013.9,58,11,19.8,300,0.5,51,0.0,21.8,76.0,12,341,Winter
23.9,14.1,19.1,1017.2,31,0,20.9,11,0.0,0,0.5,22.6,58.0,12,342,Winter
23.3,13.1,18.0,1015.7,38,0,14.9,44,0.0,0,0.0,19.1,31.0,12,343,Winter
22.5,12.6,17.4,1014.1,40,0,14.1,40,0.0,0,0.0,18.0,38.0,12,344,Winter
23.3,13.4,17.9,1015.9,34,0,18.7,40,0.0,0,0.0,17.4,40.0,12,345,Winter
23.2,12.4,17.4,1017.4,32,1,22.2,30,0.0,0,0.0,17.9,34.0,12,346,Winter
24.1,12.5,17.9,1017.2,37,0,17.7,23,0.0,0,0.0,17.4,32.0,12,347,Winter
24.7,12.7,18.4,1016.2,41,0,16.6,26,0.0,0,0.0,17.9,37.0,12,348,Winter
25.1,12.8,18.7,1016.3,47,0,12.2,340,0.0,0,0.0,18.4,41.0,12,349,Winter
25.0,12.3,18.6,1016.3,53,5,10.6,51,0.0,1,0.0,18.7,47.0,12,350,Winter
26.3,15.1,20.1,1017.1,36,23,17.9,60,0.0,3,0.0,18.6,53.0,12,351,Winter
26.4,15.9,20.6,1017.5,36,8,22.1,57,0.0,2,0.0,20.1,36.0,12,352,Winter
26.9,16.1,20.8,1016.1,43,52,14.7,39,0.0,3,0.0,20.6,36.0,12,353,Winter
26.3,13.7,19.9,1016.1,61,16,12.6,318,0.0,3,0.0,20.8,43.0,12,354,Winter
28.7,13.5,20.9,1018.2,57,1,13.0,47,0.0,0,0.0,19.9,61.0,12,355,Winter
27.8,15.5,21.3,1018.8,48,0,14.2,7,0.0,0,0.0,20.9,57.0,12,356,Winter
26.1,15.0,20.4,1016.2,75,0,13.8,296,0.0,0,0.0,21.3,48.0,12,357,Winter
25.5,16.5,21.1,1013.8,85,49,15.3,234,0.0,3,0.0,20.4,75.0,12,358,Winter
25.7,20.1,22.7,1012.9,83,65,23.8,251,1.2,51,0.0,21.1,85.0,12,359,Winter
26.9,21.1,23.5,1011.9,71,37,19.5,286,0.0,3,1.2,22.7,83.0,12,360,Winter
25.0,16.3,20.4,1013.6,37,7,19.7,326,0.0,2,0.0,23.5,71.0,12,361,Winter
24.9,14.7,19.4,1016.7,41,1,18.6,87,0.0,0,0.0,20.4,37.0,12,362,Winter
25.1,16.6,20.3,1017.2,72,9,15.9,295,0.0,1,0.0,19.4,41.0,12,363,Winter
24.8,15.4,19.8,1018.4,54,11,17.7,79,0.0,1,0.0,20.3,72.0,12,364,Winter
24.2,14.6,19.3,1017.8,48,70,15.4,353,0.0,3,0.0,19.8,54.0,12,365,Winter
24.8,15.6,20.1,1017.5,55,84,13.9,25,0.0,3,0.0,19.3,48.0,1,1,Winter
23.5,14.4,18.7,1018.5,32,96,15.7,52,0.0,3,0.0,20.1,55.0,1,2,Winter
24.2,13.7,18.4,1019.2,30,29,18.4,45,0.0,3,0.0,18.7,32.0,1,3,Winter
24.4,11.4,17.8,1018.3,37,2,13.0,51,0.0,1,0.0,18.4,30.0,1,4,Winter
24.4,12.6,18.2,1016.7,41,0,14.2,15,0.0,0,0.0,17.8,37.0,1,5,Winter
24.0,13.8,18.6,1014.5,66,0,10.8,308,0.0,0,0.0,18.2,41.0,1,6,Winter
25.6,14.1,19.3,1015.6,40,0,25.9,51,0.0,0,0.0,18.6,66.0,1,7,Winter
24.6,15.1,19.2,1016.2,33,0,26.0,46,0.0,0,0.0,19.3,40.0,1,8,Winter
25.1,13.4,18.7,1017.6,37,0,17.6,43,0.0,0,0.0,19.2,33.0,1,9,Winter
24.9,12.5,18.2,1017.7,39,0,15.6,43,0.0,0,0.0,18.7,37.0,1,10,Winter
22.9,11.3,17.3,1015.6,68,1,12.8,274,0.0,0,0.0,18.2,39.0,1,11,Winter
24.7,13.5,18.5,1016.3,52,2,22.4,64,0.0,1,0.0,17.3,68.0,1,12,Winter
22.9,14.1,18.0,1018.3,40,0,37.5,52,0.0,0,0.0,18.5,52.0,1,13,Winter
24.7,14.6,19.0,1017.2,37,0,24.6,37,0.0,0,0.0,18.0,40.0,1,14,Winter
25.5,12.9,18.8,1016.3,40,0,18.1,42,0.0,0,0.0,19.0,37.0,1,15,Winter
24.5,11.3,18.0,1015.0,62,1,18.3,300,0.0,0,0.0,18.8,40.0,1,16,Winter
24.4,17.4,20.4,1014.1,68,6,16.6,291,0.0,1,0.0,18.0,62.0,1,17,Winter
26.6,14.1,20.2,1015.2,47,0,14.8,54,0.0,0,0.0,20.4,68.0,1,18,Winter
25.8,16.2,20.4,1013.7,34,2,23.5,47,0.0,0,0.0,20.2,47.0,1,19,Winter
25.6,16.0,20.3,1014.7,41,1,21.2,53,0.0,0,0.0,20.4,34.0,1,20,Winter
25.3,16.0,20.2,1016.4,45,15,23.5,58,0.0,1,0.0,20.3,41.0,1,21,Winter
24.0,14.3,18.7,1017.7,66,12,13.2,323,0.3,51,0.0,20.2,45.0,1,22,Winter
24.1,14.5,18.8,1019.1,41,18,22.4,68,0.0,2,0.3,18.7,66.0,1,23,Winter
23.1,13.1,18.0,1017.9,42,0,17.0,345,0.0,0,0.0,18.8,41.0,1,24,Winter
23.9,14.3,19.2,1016.6,52,0,15.1,353,0.0,0,0.0,18.0,42.0,1,25,Winter
24.0,12.6,17.9,1017.8,32,17,20.1,53,0.0,3,0.0,19.2,52.0,1,26,Winter
23.7,13.6,18.2,1017.5,30,0,25.6,43,0.0,0,0.0,17.9,32.0,1,27,Winter
23.9,13.5,18.4,1016.6,35,0,20.7,28,0.0,0,0.0,18.2,30.0,1,28,Winter
24.1,11.2,17.7,1016.6,47,1,14.4,344,0.0,0,0.0,18.4,35.0,1,29,Winter
24.2,11.5,18.1,1016.4,53,2,11.4,47,0.0,1,0.0,17.7,47.0,1,30,Winter
24.0,12.7,18.4,1015.8,41,4,14.8,19,0.0,2,0.0,18.1,53.0,1,31,Winter
23.6,12.7,18.5,1013.9,65,20,20.6,283,0.0,3,0.0,18.4,41.0,2,32,Winter
23.6,15.1,19.5,1014.3,73,50,18.8,267,0.0,3,0.0,18.5,65.0,2,33,Winter
23.9,17.9,20.4,1014.0,64,23,22.0,274,1.6,53,0.0,19.5,73.0,2,34,Winter
24.8,14.3,20.0,1015.0,55,11,15.1,333,0.0,2,1.6,20.4,64.0,2,35,Winter
24.7,14.7,19.7,1016.5,48,38,16.9,26,0.0,3,0.0,20.0,55.0,2,36,Winter
25.3,15.1,20.3,1015.9,50,41,14.9,6,0.0,3,0.0,19.7,48.0,2,37,Winter
25.5,13.9,19.7,1014.5,43,34,14.8,50,0.0,3,0.0,20.3,50.0,2,38,Winter
26.2,16.8,21.1,1013.7,32,32,22.7,33,0.0,3,0.0,19.7,43.0,2,39,Winter
25.6,15.3,20.1,1014.3,38,2,22.9,327,0.0,0,0.0,21.1,32.0,2,40,Winter
24.3,14.4,19.7,1015.3,76,38,19.1,239,0.3,51,0.0,20.1,38.0,2,41,Winter
22.4,17.4,20.0,1014.0,79,88,24.6,180,14.5,63,0.3,19.7,76.0,2,42,Winter
22.2,16.1,19.0,1012.8,76,46,19.2,68,4.0,61,14.5,20.0,79.0,2,43,Winter
22.2,15.2,18.6,1014.3,77,24,14.5,68,0.2,51,4.0,19.0,76.0,2,44,Winter
22.3,15.7,18.9,1016.3,72,21,14.2,34,0.4,51,0.2,18.6,77.0,2,45,Winter
23.1,15.1,19.0,1016.2,74,0,11.2,337,0.0,0,0.4,18.9,72.0,2,46,Winter
23.5,13.9,19.0,1014.0,75,1,12.9,307,0.0,0,0.0,19.0,74.0,2,47,Winter
24.2,15.4,19.9,1013.9,76,28,22.7,274,0.0,2,0.0,19.0,75.0,2,48,Winter
25.2,15.9,20.7,1016.3,70,26,18.1,24,0.0,3,0.0,19.9,76.0,2,49,Winter
26.0,16.5,20.8,1015.6,43,29,29.9,59,0.0,2,0.0,20.7,70.0,2,50,Winter
22.7,16.4,19.3,1013.2,52,37,23.9,63,0.0,2,0.0,20.8,43.0,2,51,Winter
24.4,14.7,19.6,1015.7,58,2,14.2,341,0.0,0,0.0,19.3,52.0,2,52,Winter
25.1,13.8,20.0,1017.7,58,0,17.7,338,0.0,0,0.0,19.6,58.0,2,53,Winter
26.1,14.6,20.5,1015.7,52,0,16.6,315,0.0,0,0.0,20.0,58.0,2,54,Winter
27.5,14.4,21.4,1014.5,51,5,14.4,14,0.0,1,0.0,20.5,52.0,2,55,Winter
28.7,16.6,22.7,1014.0,40,25,17.8,41,0.0,3,0.0,21.4,51.0,2,56,Winter
28.7,15.6,22.5,1013.5,45,3,15.5,357,0.0,1,0.0,22.7,40.0,2,57,Winter
29.1,16.5,22.7,1012.0,49,16,21.4,308,0.0,3,0.0,22.5,45.0,2,58,Winter
27.4,18.1,22.2,1011.3,72,6,19.2,284,0.0,1,0.0,22.7,49.0,2,59,Winter
30.9,17.6,24.0,1012.3,55,0,19.5,338,0.0,0,0.0,22.2,72.0,3,60,HotDry
31.6,16.9,24.6,1013.5,50,0,19.2,336,0.0,0,0.0,24.0,55.0,3,61,HotDry
31.9,19.3,25.2,1014.2,47,1,23.8,300,0.0,0,0.0,24.6,50.0,3,62,HotDry
27.5,19.8,23.4,1012.8,74,28,22.1,274,0.0,3,0.0,25.2,47.0,3,63,HotDry
28.9,19.6,23.8,1011.2,78,77,18.9,268,0.0,3,0.0,23.4,74.0,3,64,HotDry
29.4,20.1,24.0,1011.1,80,67,23.5,271,0.0,3,0.0,23.8,78.0,3,65,HotDry
31.6,20.3,25.0,1011.2,73,32,21.4,283,0.0,3,0.0,24.0,80.0,3,66,HotDry
32.5,20.8,25.8,1011.0,68,32,19.3,287,0.0,3,0.0,25.0,73.0,3,67,HotDry
30.6,21.4,25.5,1010.8,62,60,20.2,278,0.0,3,0.0,25.8,68.0,3,68,HotDry
27.1,21.5,23.6,1010.3,72,30,29.7,256,0.0,3,0.0,25.5,62.0,3,69,HotDry
28.5,20.0,23.6,1010.2,70,0,24.3,262,0.0,0,0.0,23.6,72.0,3,70,HotDry
29.2,17.6,23.3,1009.8,74,38,19.3,255,0.0,3,0.0,23.6,70.0,3,71,HotDry
26.5,21.7,23.7,1009.4,77,53,25.3,245,0.0,3,0.0,23.3,74.0,3,72,HotDry
27.9,20.5,23.8,1009.1,61,0,26.6,264,0.0,0,0.0,23.7,77.0,3,73,HotDry
29.3,18.4,23.9,1010.9,46,0,20.5,304,0.0,0,0.0,23.8,61.0,3,74,HotDry
28.2,18.5,23.5,1010.6,61,15,21.3,263,0.0,2,0.0,23.9,46.0,3,75,HotDry
25.5,21.2,22.8,1009.5,74,63,28.1,262,2.4,53,0.0,23.5,61.0,3,76,HotDry
26.1,17.8,21.8,1009.3,51,1,23.5,297,0.0,0,2.4,22.8,74.0,3,77,HotDry
27.2,15.0,21.6,1009.1,50,14,17.7,298,0.0,3,0.0,21.8,51.0,3,78,HotDry
28.4,16.3,22.6,1009.8,59,8,21.2,279,0.0,1,0.0,21.6,50.0,3,79,HotDry
22.5,18.5,20.6,1009.1,74,38,23.2,68,5.8,61,0.0,22.6,59.0,3,80,HotDry
25.7,18.1,21.7,1009.7,79,8,22.6,283,0.0,1,5.8,20.6,74.0,3,81,HotDry
26.9,17.4,22.2,1011.7,71,9,20.2,298,0.0,2,0.0,21.7,79.0,3,82,HotDry
28.8,17.2,23.3,1012.0,60,0,20.5,286,0.0,0,0.0,22.2,71.0,3,83,HotDry
29.0,17.9,23.5,1011.8,62,0,17.3,278,0.0,0,0.0,23.3,60.0,3,84,HotDry
31.1,18.3,24.5,1013.1,68,1,17.5,285,0.0,0,0.0,23.5,62.0,3,85,HotDry
31.0,20.1,25.1,1013.3,63,0,21.2,285,0.0,0,0.0,24.5,68.0,3,86,HotDry
32.2,22.1,26.1,1011.1,63,12,21.4,272,0.0,2,0.0,25.1,63.0,3,87,HotDry
31.3,20.2,25.4,1008.9,40,5,24.6,286,0.0,2,0.0,26.1,63.0,3,88,HotDry
29.7,20.7,24.6,1009.6,33,10,27.6,289,0.0,3,0.0,25.4,40.0,3,89,HotDry
30.3,19.9,24.6,1008.7,38,10,28.2,290,0.0,1,0.0,24.6,33.0,3,90,HotDry
31.1,21.7,25.7,1007.6,38,1,30.1,278,0.0,0,0.0,24.6,38.0,4,91,HotDry
31.1,20.6,25.5,1009.1,68,0,25.1,265,0.0,0,0.0,25.7,38.0,4,92,HotDry
32.4,20.7,25.8,1009.1,76,74,21.6,262,0.0,3,0.0,25.5,68.0,4,93,HotDry
33.5,22.3,27.0,1010.3,69,41,18.8,236,0.0,3,0.0,25.8,76.0,4,94,HotDry
35.1,22.2,27.9,1010.6,58,78,21.4,261,0.0,3,0.0,27.0,69.0,4,95,HotDry
33.7,22.4,27.3,1008.5,65,92,24.3,264,0.0,3,0.0,27.9,58.0,4,96,HotDry
33.0,23.7,27.7,1007.5,63,55,28.1,258,0.0,3,0.0,27.3,65.0,4,97,HotDry
31.6,23.3,26.9,1007.2,69,42,27.7,259,0.0,3,0.0,27.7,63.0,4,98,HotDry
31.0,23.3,26.9,1006.2,73,89,28.8,255,0.0,3,0.0,26.9,69.0,4,99,HotDry
31.7,24.9,27.8,1007.8,65,87,26.5,261,0.0,3,0.0,26.9,73.0,4,100,HotDry
33.9,25.0,28.8,1008.5,59,36,30.0,264,0.0,3,0.0,27.8,65.0,4,101,HotDry
33.9,24.9,28.8,1008.7,59,77,27.9,272,0.0,3,0.0,28.8,59.0,4,102,HotDry
32.3,24.9,28.1,1008.6,50,27,30.1,264,0.0,3,0.0,28.8,59.0,4,103,HotDry
31.2,21.7,26.0,1010.6,67,28,25.4,270,0.0,2,0.0,28.1,50.0,4,104,HotDry
32.2,22.8,26.8,1010.8,64,70,29.3,272,0.0,3,0.0,26.0,67.0,4,105,HotDry
32.1,23.3,27.1,1008.5,72,99,25.1,266,0.0,3,0.0,26.8,64.0,4,106,HotDry
34.2,24.3,28.3,1004.3,65,67,29.6,259,0.0,3,0.0,27.1,72.0,4,107,HotDry
31.7,24.3,27.5,1003.3,67,14,29.9,255,0.0,3,0.0,28.3,65.0,4,108,HotDry
31.6,23.4,27.0,1005.7,72,1,25.7,252,0.0,1,0.0,27.5,67.0,4,109,HotDry
32.4,23.2,27.3,1006.2,70,2,25.1,262,0.0,1,0.0,27.0,72.0,4,110,HotDry
31.4,23.6,27.2,1005.0,71,29,25.8,255,0.0,3,0.0,27.3,70.0,4,111,HotDry
31.5,24.1,27.3,1005.4,80,63,22.7,243,0.0,3,0.0,27.2,71.0,4,112,HotDry
35.6,23.7,29.4,1002.9,66,64,33.3,262,0.0,3,0.0,27.3,80.0,4,113,HotDry
34.8,27.3,31.0,1000.8,46,1,39.1,263,0.0,0,0.0,29.4,66.0,4,114,HotDry
34.0,25.1,29.1,1001.8,59,1,30.5,254,0.0,1,0.0,31.0,46.0,4,115,HotDry
34.3,25.7,29.4,1003.6,46,2,25.0,260,0.0,0,0.0,29.1,59.0,4,116,HotDry
36.8,24.6,29.9,1003.9,51,1,24.6,265,0.0,0,0.0,29.4,46.0,4,117,HotDry
37.4,25.7,30.7,1003.7,38,1,28.3,276,0.0,0,0.0,29.9,51.0,4,118,HotDry
34.5,24.8,28.9,1003.6,70,34,20.5,246,0.0,3,0.0,30.7,38.0,4,119,HotDry
35.0,26.0,30.0,1004.7,62,62,29.7,263,0.0,3,0.0,28.9,70.0,4,120,HotDry
34.8,26.6,29.9,1006.1,54,39,28.8,267,0.0,3,0.0,30.0,62.0,5,121,HotDry
31.5,24.6,27.8,1006.6,64,0,28.2,259,0.0,0,0.0,29.9,54.0,5,122,HotDry
34.7,22.8,28.2,1007.5,73,11,24.6,275,0.0,2,0.0,27.8,64.0,5,123,HotDry
36.3,24.4,29.6,1007.9,60,0,23.8,274,0.0,0,0.0,28.2,73.0,5,124,HotDry
32.5,24.8,28.2,1005.7,67,0,32.3,260,0.0,0,0.0,29.6,60.0,5,125,HotDry
31.6,24.6,27.7,1004.3,76,12,32.0,256,0.0,2,0.0,28.2,67.0,5,126,HotDry
33.2,24.7,28.6,1002.6,77,7,23.2,222,0.0,1,0.0,27.7,76.0,5,127,HotDry
33.3,24.9,28.7,1002.7,76,15,21.0,201,0.0,3,0.0,28.6,77.0,5,128,HotDry
33.1,25.0,28.6,1003.5,79,23,19.6,201,0.0,3,0.0,28.7,76.0,5,129,HotDry
34.6,24.9,29.2,1001.6,75,21,27.5,232,0.0,3,0.0,28.6,79.0,5,130,HotDry
33.0,26.2,29.2,1001.4,74,1,32.2,243,0.0,0,0.0,29.2,75.0,5,131,HotDry
33.4,26.1,29.3,1002.8,77,20,27.5,241,0.0,3,0.0,29.2,74.0,5,132,HotDry
35.2,27.5,30.7,1003.1,66,7,29.6,256,0.0,3,0.0,29.3,77.0,5,133,HotDry
35.9,28.2,31.1,1002.2,63,0,24.0,254,0.0,0,0.0,30.7,66.0,5,134,HotDry
36.2,28.0,31.8,1000.5,58,0,31.0,255,0.0,0,0.0,31.1,63.0,5,135,HotDry
35.1,28.8,31.4,1000.5,60,0,32.5,256,0.0,0,0.0,31.8,58.0,5,136,HotDry
36.1,27.8,31.4,999.7,62,0,26.4,255,0.0,0,0.0,31.4,60.0,5,137,HotDry
39.8,27.2,33.0,998.3,58,0,23.0,242,0.0,0,0.0,31.4,62.0,5,138,HotDry
41.2,29.7,35.5,1000.3,20,0,30.7,311,0.0,0,0.0,33.0,58.0,5,139,HotDry
39.6,28.3,33.5,1001.7,20,0,30.8,302,0.0,0,0.0,35.5,20.0,5,140,HotDry
40.0,26.4,32.6,1002.5,23,0,24.5,299,0.0,0,0.0,33.5,20.0,5,141,HotDry
35.2,24.8,29.4,1005.3,58,0,25.4,194,0.0,0,0.0,32.6,23.0,5,142,HotDry
33.1,22.7,27.9,1006.8,74,12,24.3,234,0.0,2,0.0,29.4,58.0,5,143,HotDry
31.2,25.3,28.1,1005.7,77,32,33.8,249,0.0,2,0.0,27.9,74.0,5,144,HotDry
31.8,26.6,28.8,1004.2,76,41,35.0,254,0.0,3,0.0,28.1,77.0,5,145,HotDry
32.3,27.1,29.2,1002.2,79,32,36.4,256,0.0,3,0.0,28.8,76.0,5,146,HotDry
33.1,26.9,29.4,1001.6,81,25,31.9,247,0.0,2,0.0,29.2,79.0,5,147,HotDry
32.6,26.9,29.4,1004.6,81,44,30.1,243,0.0,3,0.0,29.4,81.0,5,148,HotDry
32.4,27.5,29.5,1004.4,78,54,27.4,252,0.0,2,0.0,29.4,81.0,5,149,HotDry
33.2,27.1,29.7,1003.0,78,26,21.4,237,0.0,2,0.0,29.5,78.0,5,150,HotDry
33.9,26.7,29.8,1003.7,75,36,19.7,203,0.0,3,0.0,29.7,78.0,5,151,HotDry
35.1,26.9,30.4,1006.9,72,13,22.1,237,0.0,2,0.0,29.8,75.0,6,152,Monsoon
35.0,26.7,30.1,1006.5,73,6,22.2,259,0.0,2,0.0,30.4,72.0,6,153,Monsoon
32.6,27.4,29.6,1003.5,75,28,33.8,257,0.0,2,0.0,30.1,73.0,6,154,Monsoon
33.0,27.9,30.0,1003.1,73,39,30.0,249,0.0,2,0.0,29.6,75.0,6,155,Monsoon
32.7,27.7,29.7,1005.1,72,24,29.9,258,0.0,2,0.0,30.0,73.0,6,156,Monsoon
33.4,27.5,29.8,1004.2,72,11,34.2,261,0.0,1,0.0,29.7,72.0,6,157,Monsoon
33.2,27.6,29.8,1002.5,76,26,31.5,258,0.0,2,0.0,29.8,72.0,6,158,Monsoon
33.5,27.2,29.9,1002.5,77,13,28.9,257,0.0,1,0.0,29.8,76.0,6,159,Monsoon
34.8,27.1,30.4,1002.5,75,11,23.4,260,0.0,2,0.0,29.9,77.0,6,160,Monsoon
35.7,27.7,31.0,1001.3,73,11,26.6,229,0.0,1,0.0,30.4,75.0,6,161,Monsoon
34.3,28.3,30.9,1001.6,73,21,21.9,224,0.0,2,0.0,31.0,73.0,6,162,Monsoon
34.4,29.0,31.3,1001.3,73,21,26.2,236,0.0,1,0.0,30.9,73.0,6,163,Monsoon
34.5,29.0,31.2,999.5,73,24,32.0,250,0.0,2,0.0,31.3,73.0,6,164,Monsoon
34.2,29.4,31.3,998.4,73,21,32.2,256,0.0,2,0.0,31.2,73.0,6,165,Monsoon
34.1,28.8,30.9,997.9,76,23,31.7,255,0.0,2,0.0,31.3,73.0,6,166,Monsoon
33.4,28.4,30.6,996.7,75,17,31.7,255,0.0,1,0.0,30.9,76.0,6,167,Monsoon
34.2,28.2,30.6,997.3,72,16,28.1,255,0.0,1,0.0,30.6,75.0,6,168,Monsoon
34.5,28.1,30.9,996.6,73,8,26.9,249,0.0,2,0.0,30.6,72.0,6,169,Monsoon
34.9,28.5,31.2,995.0,74,10,25.5,227,0.0,1,0.0,30.9,73.0,6,170,Monsoon
34.6,28.9,31.3,994.1,74,39,22.5,238,0.2,51,0.0,31.2,74.0,6,171,Monsoon
34.4,29.3,31.4,993.9,75,54,24.2,243,0.0,3,0.2,31.3,74.0,6,172,Monsoon
34.0,29.6,31.3,995.3,75,88,21.6,229,0.0,3,0.0,31.4,75.0,6,173,Monsoon
34.3,29.3,31.1,995.7,74,89,21.3,225,0.0,3,0.0,31.3,75.0,6,174,Monsoon
33.5,29.3,31.1,994.4,74,62,27.3,238,0.0,3,0.0,31.1,74.0,6,175,Monsoon
33.2,29.0,30.7,994.2,74,85,40.6,246,0.0,3,0.0,31.1,74.0,6,176,Monsoon
32.6,28.9,30.4,994.1,76,84,40.3,242,0.1,51,0.0,30.7,74.0,6,177,Monsoon
33.0,28.3,30.2,994.6,78,74,35.3,237,0.0,3,0.1,30.4,76.0,6,178,Monsoon
32.2,28.3,29.8,996.0,78,60,29.6,236,0.8,51,0.0,30.2,78.0,6,179,Monsoon
31.9,27.8,29.5,995.4,78,59,31.4,232,0.2,51,0.8,29.8,78.0,6,180,Monsoon
32.1,27.8,29.6,996.6,76,52,27.1,225,0.0,3,0.2,29.5,78.0,6,181,Monsoon
32.6,27.6,29.8,999.5,77,46,21.8,211,0.0,2,0.0,29.6,76.0,7,182,Monsoon
32.7,27.8,29.8,1003.1,76,36,22.8,224,0.0,2,0.0,29.8,77.0,7,183,Monsoon
32.5,27.6,29.6,1003.4,75,36,28.0,246,0.0,2,0.0,29.8,76.0,7,184,Monsoon
32.0,27.6,29.3,1001.9,76,41,36.3,252,0.0,2,0.0,29.6,75.0,7,185,Monsoon
31.8,27.5,29.2,999.0,78,67,39.4,249,0.0,3,0.0,29.3,76.0,7,186,Monsoon
32.1,27.3,29.2,997.8,80,44,35.0,246,0.0,3,0.0,29.2,78.0,7,187,Monsoon
31.9,27.1,29.1,997.4,81,57,37.2,248,0.1,51,0.0,29.2,80.0,7,188,Monsoon
32.1,27.3,29.2,999.5,79,62,35.5,248,0.0,3,0.1,29.1,81.0,7,189,Monsoon
31.9,27.5,29.2,999.8,77,74,33.0,250,0.0,3,0.0,29.2,79.0,7,190,Monsoon
31.6,27.6,29.2,999.6,77,77,35.2,246,0.0,3,0.0,29.2,77.0,7,191,Monsoon
31.7,27.5,29.3,1000.4,75,60,34.2,246,0.0,3,0.0,29.2,77.0,7,192,Monsoon
32.1,27.5,29.5,1000.5,75,59,31.8,248,0.0,3,0.0,29.3,75.0,7,193,Monsoon
32.0,27.7,29.5,1001.3,75,44,27.3,256,0.0,2,0.0,29.5,75.0,7,194,Monsoon
31.8,27.7,29.4,999.9,74,44,34.2,259,0.0,3,0.0,29.5,75.0,7,195,Monsoon
32.0,27.7,29.5,999.3,73,63,33.7,257,0.0,3,0.0,29.4,74.0,7,196,Monsoon
31.4,27.9,29.4,998.6,75,69,33.8,251,0.0,3,0.0,29.5,73.0,7,197,Monsoon
31.3,27.7,29.3,996.7,76,63,35.0,247,0.0,3,0.0,29.4,75.0,7,198,Monsoon
32.0,27.4,29.3,994.3,78,84,30.5,243,0.0,3,0.0,29.3,76.0,7,199,Monsoon
32.1,27.1,29.2,996.5,77,73,23.6,233,0.0,3,0.0,29.3,78.0,7,200,Monsoon
31.6,27.2,28.9,999.5,76,57,28.2,241,0.0,3,0.0,29.2,77.0,7,201,Monsoon
31.5,26.9,28.6,998.9,77,62,30.3,247,0.0,3,0.0,28.9,76.0,7,202,Monsoon
31.3,26.7,28.7,997.3,76,59,24.7,244,0.0,3,0.0,28.6,77.0,7,203,Monsoon
32.1,26.7,29.0,997.6,78,55,20.5,226,0.0,3,0.0,28.7,76.0,7,204,Monsoon
32.7,26.9,29.0,998.2,80,39,25.2,247,0.0,3,0.0,29.0,78.0,7,205,Monsoon
31.5,26.2,28.3,999.4,80,97,25.0,240,0.0,3,0.0,29.0,80.0,7,206,Monsoon
30.7,26.6,28.2,999.9,76,85,30.5,243,0.0,3,0.0,28.3,80.0,7,207,Monsoon
30.7,26.5,28.2,1000.7,76,96,31.7,246,0.0,3,0.0,28.2,76.0,7,208,Monsoon
30.3,26.4,28.1,1002.6,78,96,29.5,249,0.1,51,0.0,28.2,76.0,7,209,Monsoon
28.5,26.7,27.4,1003.6,81,100,30.2,258,0.1,51,0.1,28.1,78.0,7,210,Monsoon
29.6,26.5,27.5,1004.0,82,82,27.3,257,0.1,51,0.1,27.4,81.0,7,211,Monsoon
29.7,26.0,27.6,1004.3,81,72,27.2,247,0.8,51,0.1,27.5,82.0,7,212,Monsoon
30.0,26.1,27.7,1002.9,79,96,24.0,234,0.3,51,0.8,27.6,81.0,8,213,Monsoon
29.3,26.4,27.6,1002.4,81,73,23.7,233,0.1,51,0.3,27.7,79.0,8,214,Monsoon
29.8,26.7,27.8,1001.2,82,83,28.8,248,0.0,3,0.1,27.6,81.0,8,215,Monsoon
30.2,26.5,28.1,998.6,81,65,29.9,245,0.0,3,0.0,27.8,82.0,8,216,Monsoon
31.1,26.2,28.4,998.5,79,49,22.3,234,0.0,3,0.0,28.1,81.0,8,217,Monsoon
33.1,26.9,29.2,999.3,77,29,23.7,254,0.0,2,0.0,28.4,79.0,8,218,Monsoon
35.1,27.0,29.9,998.9,77,61,21.4,285,5.6,63,0.0,29.2,77.0,8,219,Monsoon
33.2,26.7,29.5,997.7,80,100,20.3,5,9.1,61,5.6,29.9,77.0,8,220,Monsoon
29.0,26.7,27.8,995.1,85,100,27.0,33,31.7,63,9.1,29.5,80.0,8,221,Monsoon
30.4,25.8,27.6,995.2,85,93,37.2,78,4.0,61,31.7,27.8,85.0,8,222,Monsoon
29.5,25.3,26.9,1001.2,85,63,26.1,144,2.1,61,4.0,27.6,85.0,8,223,Monsoon
28.5,25.6,26.6,1001.9,86,44,22.3,244,0.0,3,2.1,26.9,85.0,8,224,Monsoon
28.2,25.1,26.4,1000.8,85,57,27.6,254,0.0,3,0.0,26.6,86.0,8,225,Monsoon
28.2,25.4,26.5,1000.9,84,95,27.7,254,0.0,3,0.0,26.4,85.0,8,226,Monsoon
28.4,25.5,26.7,1002.9,85,90,28.5,258,0.0,3,0.0,26.5,84.0,8,227,Monsoon
28.4,25.6,26.7,1004.2,84,75,35.3,259,0.0,3,0.0,26.7,85.0,8,228,Monsoon
28.4,25.6,26.7,1003.4,84,49,40.6,259,0.3,51,0.0,26.7,84.0,8,229,Monsoon
28.9,25.6,26.9,1001.2,83,65,40.3,258,0.0,3,0.3,26.7,84.0,8,230,Monsoon
29.2,25.8,27.2,1001.9,84,61,32.1,250,0.0,3,0.0,26.9,83.0,8,231,Monsoon
29.5,25.6,27.2,1003.0,83,67,23.6,242,0.0,3,0.0,27.2,84.0,8,232,Monsoon
29.3,25.8,27.1,1002.5,82,56,29.8,248,0.0,2,0.0,27.2,83.0,8,233,Monsoon
28.9,25.4,26.7,1002.4,84,67,35.3,252,0.0,3,0.0,27.1,82.0,8,234,Monsoon
28.4,25.2,26.4,1003.9,83,62,35.6,251,0.1,51,0.0,26.7,84.0,8,235,Monsoon
28.5,24.8,26.2,1005.0,83,62,31.4,250,0.0,3,0.1,26.4,83.0,8,236,Monsoon
28.0,24.7,26.0,1004.3,83,66,32.2,246,0.0,3,0.0,26.2,83.0,8,237,Monsoon
27.9,24.5,25.8,1003.6,82,75,34.4,251,0.0,3,0.0,26.0,83.0,8,238,Monsoon
28.0,24.4,25.9,1002.6,83,65,33.8,250,0.0,3,0.0,25.8,82.0,8,239,Monsoon
28.7,24.4,26.2,1003.4,83,61,23.7,243,0.0,3,0.0,25.9,83.0,8,240,Monsoon
28.6,24.5,26.3,1005.9,82,68,24.2,244,0.0,3,0.0,26.2,83.0,8,241,Monsoon
28.7,24.9,26.5,1005.4,82,62,28.5,248,0.0,3,0.0,26.3,82.0,8,242,Monsoon
29.5,25.1,26.9,1003.9,81,56,25.2,244,0.0,3,0.0,26.5,82.0,8,243,Monsoon
29.5,24.9,26.9,1006.0,81,47,20.1,233,0.0,3,0.0,26.9,81.0,9,244,Monsoon
29.5,25.0,26.9,1007.0,81,60,24.7,243,0.0,3,0.0,26.9,81.0,9,245,Monsoon
29.4,25.3,26.9,1003.9,81,52,25.5,243,0.0,3,0.0,26.9,81.0,9,246,Monsoon
30.4,24.8,26.9,1001.6,85,25,20.9,239,0.0,2,0.0,26.9,81.0,9,247,Monsoon
30.5,24.3,26.8,1001.3,85,28,20.5,229,0.0,3,0.0,26.9,85.0,9,248,Monsoon
30.0,24.2,26.5,1003.2,85,44,21.9,238,0.0,3,0.0,26.8,85.0,9,249,Monsoon
29.9,24.5,26.4,1003.8,83,53,23.7,250,0.0,3,0.0,26.5,85.0,9,250,Monsoon
30.0,24.5,26.6,1002.2,82,35,28.4,251,0.0,3,0.0,26.4,83.0,9,251,Monsoon
29.6,24.8,26.6,1002.5,83,58,29.8,246,0.0,3,0.0,26.6,82.0,9,252,Monsoon
29.4,24.6,26.6,1003.9,79,45,25.6,252,0.0,2,0.0,26.6,83.0,9,253,Monsoon
29.3,24.4,26.4,1005.1,80,36,24.6,252,0.0,2,0.0,26.6,79.0,9,254,Monsoon
29.5,24.3,26.4,1006.0,79,46,22.0,252,0.0,3,0.0,26.4,80.0,9,255,Monsoon
29.4,24.3,26.4,1005.4,77,40,22.5,248,0.0,2,0.0,26.4,79.0,9,256,Monsoon
29.5,24.2,26.3,1005.8,76,54,22.9,239,0.0,2,0.0,26.4,77.0,9,257,Monsoon
29.2,24.3,26.2,1008.7,77,48,19.1,243,0.0,3,0.0,26.3,76.0,9,258,Monsoon
29.2,24.0,26.0,1010.4,76,25,20.3,255,0.0,2,0.0,26.2,77.0,9,259,Monsoon
29.4,24.0,26.2,1010.7,77,25,22.5,255,0.0,2,0.0,26.0,76.0,9,260,Monsoon
29.0,24.1,26.0,1009.7,76,31,24.6,251,0.0,2,0.0,26.2,77.0,9,261,Monsoon
29.2,24.1,26.2,1008.4,76,46,23.2,245,0.0,3,0.0,26.0,76.0,9,262,Monsoon
29.5,24.0,26.5,1007.8,80,53,20.2,242,0.0,2,0.0,26.2,76.0,9,263,Monsoon
30.1,24.4,26.8,1007.8,79,44,19.2,237,0.0,3,0.0,26.5,80.0,9,264,Monsoon
30.2,24.7,26.9,1009.3,80,31,18.6,234,0.0,2,0.0,26.8,79.0,9,265,Monsoon
30.9,24.6,27.1,1009.6,78,25,20.9,259,0.0,3,0.0,26.9,80.0,9,266,Monsoon
30.8,24.4,27.0,1008.1,80,21,22.6,261,0.0,2,0.0,27.1,78.0,9,267,Monsoon
31.4,24.4,27.2,1007.5,80,22,23.6,268,0.0,3,0.0,27.0,80.0,9,268,Monsoon
31.8,24.7,27.3,1007.0,78,17,24.6,268,0.0,2,0.0,27.2,80.0,9,269,Monsoon
31.3,24.3,27.0,1007.9,81,19,23.2,269,0.0,2,0.0,27.3,78.0,9,270,Monsoon
31.6,24.3,27.1,1008.5,81,30,21.0,270,0.0,3,0.0,27.0,81.0,9,271,Monsoon
30.3,24.2,26.7,1006.5,83,29,23.6,259,0.0,3,0.0,27.1,81.0,9,272,Monsoon
31.6,24.5,27.2,1005.8,81,24,20.1,250,0.0,2,0.0,26.7,83.0,9,273,Monsoon
30.5,24.5,26.9,1008.1,81,25,18.0,244,0.0,3,0.0,27.2,81.0,10,274,PostMonsoon
29.9,24.0,26.5,1009.7,82,25,18.8,257,0.0,2,0.0,26.9,81.0,10,275,PostMonsoon
29.6,24.0,26.3,1009.3,82,31,21.6,253,0.0,3,0.0,26.5,82.0,10,276,PostMonsoon
31.0,24.3,26.9,1009.3,81,31,19.2,248,0.0,3,0.0,26.3,82.0,10,277,PostMonsoon
32.2,24.1,27.2,1009.2,80,31,18.9,264,0.0,3,0.0,26.9,81.0,10,278,PostMonsoon
36.0,24.2,28.6,1008.2,73,12,18.8,286,0.0,2,0.0,27.2,80.0,10,279,PostMonsoon
32.2,24.2,27.3,1007.0,76,9,25.3,273,0.0,2,0.0,28.6,73.0,10,280,PostMonsoon
30.8,24.3,26.8,1004.9,82,8,24.5,256,0.0,2,0.0,27.3,76.0,10,281,PostMonsoon
32.5,24.4,27.4,1004.0,80,13,20.1,239,0.0,3,0.0,26.8,82.0,10,282,PostMonsoon
31.0,24.5,26.9,1006.0,84,20,21.9,240,0.0,2,0.0,27.4,80.0,10,283,PostMonsoon
29.7,24.5,26.5,1007.6,84,44,24.5,251,0.0,3,0.0,26.9,84.0,10,284,PostMonsoon
29.4,24.6,26.4,1010.2,83,46,23.9,255,0.0,3,0.0,26.5,84.0,10,285,PostMonsoon
29.9,24.1,26.2,1012.3,83,36,24.1,268,0.0,3,0.0,26.4,83.0,10,286,PostMonsoon
30.7,23.9,26.7,1010.8,78,5,28.9,268,0.0,1,0.0,26.2,83.0,10,287,PostMonsoon
38.7,23.8,30.5,1007.6,52,0,27.2,299,0.0,0,0.0,26.7,78.0,10,288,PostMonsoon
36.1,25.9,30.6,1006.6,24,0,32.0,314,0.0,0,0.0,30.5,52.0,10,289,PostMonsoon
34.8,24.3,29.1,1007.9,28,0,26.2,315,0.0,0,0.0,30.6,24.0,10,290,PostMonsoon
34.0,21.6,27.9,1011.3,43,0,23.5,59,0.0,0,0.0,29.1,28.0,10,291,PostMonsoon
33.8,23.5,28.3,1015.0,46,0,17.9,41,0.0,0,0.0,27.9,43.0,10,292,PostMonsoon
33.7,22.2,27.9,1016.5,51,0,16.6,337,0.0,0,0.0,28.3,46.0,10,293,PostMonsoon
31.3,21.6,26.1,1014.7,65,2,17.8,267,0.0,1,0.0,27.9,51.0,10,294,PostMonsoon
31.6,21.8,25.6,1013.0,74,22,15.5,218,0.0,2,0.0,26.1,65.0,10,295,PostMonsoon
33.0,21.3,26.4,1012.3,65,5,17.3,291,0.0,1,0.0,25.6,74.0,10,296,PostMonsoon
33.3,20.4,26.5,1011.3,65,1,17.9,286,0.0,0,0.0,26.4,65.0,10,297,PostMonsoon
35.0,20.6,27.3,1013.5,58,8,19.8,303,0.0,3,0.0,26.5,65.0,10,298,PostMonsoon
35.2,21.4,28.0,1013.6,48,29,16.8,316,0.0,3,0.0,27.3,58.0,10,299,PostMonsoon
34.4,20.6,27.1,1011.8,55,0,18.5,282,0.0,0,0.0,28.0,48.0,10,300,PostMonsoon
31.7,21.3,25.8,1011.1,71,0,18.4,279,0.0,0,0.0,27.1,55.0,10,301,PostMonsoon
30.9,20.9,25.2,1012.3,79,33,16.9,279,0.0,3,0.0,25.8,71.0,10,302,PostMonsoon
33.1,22.0,26.7,1013.1,69,28,13.6,303,0.0,3,0.0,25.2,79.0,10,303,PostMonsoon
34.6,21.5,27.8,1011.8,49,0,16.9,317,0.0,0,0.0,26.7,69.0,10,304,PostMonsoon
35.4,22.0,28.8,1010.5,40,0,14.9,332,0.0,0,0.0,27.8,49.0,11,305,PostMonsoon
34.9,21.1,28.6,1010.5,47,0,12.2,25,0.0,0,0.0,28.8,40.0,11,306,PostMonsoon
34.6,23.3,28.5,1010.7,44,0,15.8,5,0.0,0,0.0,28.6,47.0,11,307,PostMonsoon
34.1,20.7,27.4,1011.1,47,0,13.5,7,0.0,0,0.0,28.5,44.0,11,308,PostMonsoon
34.5,20.8,27.4,1011.1,44,0,13.4,15,0.0,0,0.0,27.4,47.0,11,309,PostMonsoon
33.3,19.5,26.3,1010.2,54,0,18.0,289,0.0,0,0.0,27.4,44.0,11,310,PostMonsoon
33.3,20.3,26.7,1009.4,55,0,14.1,319,0.0,0,0.0,26.3,54.0,11,311,PostMonsoon
33.3,20.3,26.7,1009.8,45,0,14.3,353,0.0,0,0.0,26.7,55.0,11,312,PostMonsoon
32.8,20.5,26.4,1010.6,49,0,17.4,295,0.0,0,0.0,26.7,45.0,11,313,PostMonsoon
32.7,20.7,26.2,1011.0,60,0,20.2,277,0.0,0,0.0,26.4,49.0,11,314,PostMonsoon
29.3,22.6,25.2,1010.9,78,1,30.0,257,0.0,0,0.0,26.2,60.0,11,315,PostMonsoon
29.5,23.4,25.7,1010.1,82,13,20.0,259,0.0,1,0.0,25.2,78.0,11,316,PostMonsoon
28.6,22.7,25.1,1010.8,81,35,19.9,245,0.0,3,0.0,25.7,82.0,11,317,PostMonsoon
28.4,22.7,24.9,1012.9,80,41,20.4,247,0.0,3,0.0,25.1,81.0,11,318,PostMonsoon
29.6,23.2,25.7,1013.4,70,1,23.4,264,0.0,0,0.0,24.9,80.0,11,319,PostMonsoon
29.2,20.4,24.5,1014.1,34,10,20.3,317,0.0,1,0.0,25.7,70.0,11,320,PostMonsoon
30.6,17.7,24.1,1015.2,44,1,14.5,39,0.0,0,0.0,24.5,34.0,11,321,PostMonsoon
29.8,18.0,24.1,1015.9,44,6,12.8,12,0.0,1,0.0,24.1,44.0,11,322,PostMonsoon
30.1,16.9,23.9,1016.9,46,6,13.4,339,0.0,1,0.0,24.1,44.0,11,323,PostMonsoon
29.8,16.7,23.4,1015.8,52,20,16.9,314,0.0,2,0.0,23.9,46.0,11,324,PostMonsoon
28.4,18.5,23.0,1015.2,71,52,16.9,277,0.0,3,0.0,23.4,52.0,11,325,PostMonsoon
28.7,18.8,22.9,1015.6,81,34,16.0,257,0.0,3,0.0,23.0,71.0,11,326,PostMonsoon
29.5,18.1,23.5,1015.4,70,45,16.7,294,0.0,3,0.0,22.9,81.0,11,327,PostMonsoon
28.3,17.5,22.8,1014.8,71,75,16.1,291,0.0,3,0.0,23.5,70.0,11,328,PostMonsoon
26.6,18.7,22.5,1014.6,77,46,17.5,283,0.0,3,0.0,22.8,71.0,11,329,PostMonsoon
26.9,19.3,22.9,1015.2,68,16,13.0,86,0.0,1,0.0,22.5,77.0,11,330,PostMonsoon
26.8,20.0,23.1,1017.8,55,17,21.1,66,0.6,51,0.0,22.9,68.0,11,331,PostMonsoon
26.4,18.3,22.4,1019.1,57,4,15.7,40,0.0,0,0.6,23.1,55.0,11,332,PostMonsoon
26.4,17.5,21.9,1019.3,60,2,12.7,26,0.0,0,0.0,22.4,57.0,11,333,PostMonsoon
27.3,17.2,21.9,1019.7,46,33,19.9,59,0.0,3,0.0,21.9,60.0,11,334,PostMonsoon
26.9,17.4,21.8,1018.8,35,28,32.5,58,0.0,2,0.0,21.9,46.0,12,335,Winter
28.1,18.0,22.4,1019.3,39,53,25.7,57,0.0,3,0.0,21.8,35.0,12,336,Winter
28.1,17.7,22.4,1019.1,41,88,17.8,50,0.0,3,0.0,22.4,39.0,12,337,Winter
27.4,14.5,20.7,1017.1,59,52,12.9,351,0.0,3,0.0,22.4,41.0,12,338,Winter
27.9,14.7,21.2,1014.6,57,0,11.0,19,0.0,0,0.0,20.7,59.0,12,339,Winter
29.7,16.1,22.7,1015.4,49,27,12.7,40,0.0,2,0.0,21.2,57.0,12,340,Winter
30.8,18.3,24.1,1016.4,38,10,14.5,71,0.0,1,0.0,22.7,49.0,12,341,Winter
30.0,18.3,23.4,1014.8,46,5,14.8,52,0.0,0,0.0,24.1,38.0,12,342,Winter
28.0,15.7,21.8,1013.8,62,1,11.4,7,0.0,0,0.0,23.4,46.0,12,343,Winter
26.5,15.9,21.2,1013.2,66,2,15.3,287,0.0,0,0.0,21.8,62.0,12,344,Winter
25.4,17.4,21.5,1011.3,66,10,17.6,283,0.0,1,0.0,21.2,66.0,12,345,Winter
21.4,15.4,18.6,1011.7,31,0,27.7,310,0.0,0,0.0,21.5,66.0,12,346,Winter
16.5,10.1,13.8,1015.0,28,1,29.4,312,0.0,0,0.0,18.6,31.0,12,347,Winter
19.3,8.4,14.2,1017.8,31,71,15.5,55,0.0,3,0.0,13.8,28.0,12,348,Winter
20.6,9.8,15.2,1018.6,36,47,15.2,17,0.0,3,0.0,14.2,31.0,12,349,Winter
21.4,10.6,15.8,1018.9,33,40,15.6,58,0.0,3,0.0,15.2,36.0,12,350,Winter
20.8,11.9,16.1,1019.3,34,4,17.9,33,0.0,1,0.0,15.8,33.0,12,351,Winter
21.6,10.7,16.5,1019.7,47,0,10.9,349,0.0,0,0.0,16.1,34.0,12,352,Winter
22.2,11.5,16.5,1021.6,37,0,20.5,70,0.0,0,0.0,16.5,47.0,12,353,Winter
21.7,13.3,16.9,1022.2,29,23,31.0,56,0.0,2,0.0,16.5,37.0,12,354,Winter
22.5,12.6,17.2,1020.7,38,71,21.9,48,0.0,3,0.0,16.9,29.0,12,355,Winter
24.6,12.5,18.3,1019.7,45,0,15.8,44,0.0,0,0.0,17.2,38.0,12,356,Winter
24.1,13.2,18.2,1018.7,42,0,17.1,41,0.0,0,0.0,18.3,45.0,12,357,Winter
24.8,11.9,17.8,1018.1,41,0,21.3,59,0.0,0,0.0,18.2,42.0,12,358,Winter
23.7,13.5,18.1,1019.8,37,13,28.0,51,0.0,2,0.0,17.8,41.0,12,359,Winter
23.4,13.8,18.0,1018.3,35,39,28.6,52,0.0,3,0.0,18.1,37.0,12,360,Winter
24.4,14.6,18.8,1019.6,35,0,36.0,51,0.0,0,0.0,18.0,35.0,12,361,Winter
25.0,14.9,19.2,1020.9,34,1,28.6,54,0.0,0,0.0,18.8,35.0,12,362,Winter
23.3,10.8,17.5,1018.0,57,1,18.4,311,0.0,0,0.0,19.2,34.0,12,363,Winter
25.3,13.2,19.2,1015.6,71,9,14.1,76,0.0,2,0.0,17.5,57.0,12,364,Winter
25.5,12.1,18.7,1017.9,51,0,12.3,18,0.0,0,0.0,19.2,71.0,12,365,Winter
23.5,16.1,19.4,1015.9,77,19,20.2,288,0.0,3,0.0,18.7,51.0,1,1,Winter
25.2,15.3,20.1,1014.3,74,24,15.0,96,0.0,2,0.0,19.4,77.0,1,2,Winter
25.5,16.1,20.5,1015.1,44,83,15.1,46,0.0,3,0.0,20.1,74.0,1,3,Winter
25.7,15.9,20.5,1016.5,42,12,14.0,25,0.0,2,0.0,20.5,44.0,1,4,Winter
24.6,15.5,19.7,1017.2,43,5,23.8,56,0.0,0,0.0,20.5,42.0,1,5,Winter
24.4,14.5,19.3,1018.2,43,2,18.8,62,0.0,0,0.0,19.7,43.0,1,6,Winter
24.7,14.2,19.2,1019.3,40,1,20.0,45,0.0,0,0.0,19.3,43.0,1,7,Winter
25.0,14.1,19.3,1017.7,48,1,16.8,354,0.0,0,0.0,19.2,40.0,1,8,Winter
25.3,14.5,19.6,1016.4,45,0,23.2,37,0.0,0,0.0,19.3,48.0,1,9,Winter
25.0,15.3,19.8,1017.7,43,0,26.3,34,0.0,0,0.0,19.6,45.0,1,10,Winter
25.4,14.8,19.8,1019.5,39,0,19.6,35,0.0,0,0.0,19.8,43.0,1,11,Winter
24.8,13.4,19.1,1018.9,47,66,17.6,323,0.0,3,0.0,19.8,39.0,1,12,Winter
25.4,14.1,19.8,1018.3,49,3,17.9,48,0.0,1,0.0,19.1,47.0,1,13,Winter
25.5,15.4,20.0,1019.4,35,0,24.3,50,0.0,0,0.0,19.8,49.0,1,14,Winter
24.8,15.4,19.7,1017.5,37,1,19.2,30,0.0,1,0.0,20.0,35.0,1,15,Winter
25.4,13.0,19.0,1016.2,58,0,16.6,310,0.0,0,0.0,19.7,37.0,1,16,Winter
25.8,12.5,19.4,1018.9,43,0,14.3,52,0.0,0,0.0,19.0,58.0,1,17,Winter
25.1,13.8,19.5,1019.3,35,0,13.8,31,0.0,0,0.0,19.4,43.0,1,18,Winter
24.4,12.0,18.3,1019.2,55,0,9.8,347,0.0,0,0.0,19.5,35.0,1,19,Winter
26.2,12.0,19.0,1019.2,50,0,11.3,15,0.0,0,0.0,18.3,55.0,1,20,Winter
25.2,13.0,18.8,1016.5,63,0,13.8,294,0.0,0,0.0,19.0,50.0,1,21,Winter
26.0,12.4,19.2,1014.8,62,1,14.2,306,0.0,1,0.0,18.8,63.0,1,22,Winter
27.7,12.8,20.2,1018.5,40,0,21.3,55,0.0,0,0.0,19.2,62.0,1,23,Winter
26.4,16.6,20.9,1020.1,31,0,23.9,51,0.0,0,0.0,20.2,40.0,1,24,Winter
25.2,11.7,18.5,1018.3,60,0,14.8,292,0.0,0,0.0,20.9,31.0,1,25,Winter
25.6,14.1,19.3,1017.5,75,0,15.0,281,0.0,0,0.0,18.5,60.0,1,26,Winter
25.4,13.1,19.1,1017.5,79,25,14.3,283,0.0,3,0.0,19.3,75.0,1,27,Winter
25.3,12.9,18.9,1018.0,77,20,15.1,298,0.0,2,0.0,19.1,79.0,1,28,Winter
25.7,13.1,19.6,1017.2,77,3,14.5,287,0.0,1,0.0,18.9,77.0,1,29,Winter
26.6,16.9,21.3,1016.5,82,6,16.7,276,0.0,0,0.0,19.6,77.0,1,30,Winter
27.9,18.0,22.2,1017.8,73,35,15.4,304,0.0,3,0.0,21.3,82.0,1,31,Winter
28.3,16.6,22.5,1018.4,61,2,13.0,357,0.0,0,0.0,22.2,73.0,2,32,Winter
26.6,17.0,21.5,1017.4,74,1,15.2,255,0.0,1,0.0,22.5,61.0,2,33,Winter
28.1,15.5,21.3,1017.7,66,18,12.8,293,0.0,3,0.0,21.5,74.0,2,34,Winter
29.8,16.1,22.8,1018.5,48,0,15.5,43,0.0,0,0.0,21.3,66.0,2,35,Winter
29.2,15.6,22.6,1017.6,47,0,15.8,324,0.0,0,0.0,22.8,48.0,2,36,Winter
28.4,16.7,22.2,1017.0,52,2,17.2,295,0.0,1,0.0,22.6,47.0,2,37,Winter
26.7,16.1,21.1,1016.8,74,0,23.1,267,0.0,0,0.0,22.2,52.0,2,38,Winter
29.2,17.0,22.3,1015.1,57,1,18.8,294,0.0,1,0.0,21.1,74.0,2,39,Winter
28.6,14.0,21.5,1016.3,39,0,22.1,70,0.0,0,0.0,22.3,57.0,2,40,Winter
27.5,15.4,21.3,1016.4,37,3,16.6,54,0.0,0,0.0,21.5,39.0,2,41,Winter
27.4,13.7,20.5,1016.3,53,3,16.6,309,0.0,1,0.0,21.3,37.0,2,42,Winter
25.1,15.9,20.2,1015.3,71,62,15.8,285,0.0,3,0.0,20.5,53.0,2,43,Winter
26.0,15.2,20.2,1013.9,76,50,14.6,265,0.0,3,0.0,20.2,71.0,2,44,Winter
28.2,16.0,21.6,1013.6,65,4,21.5,304,0.0,1,0.0,20.2,76.0,2,45,Winter
27.2,17.1,21.8,1012.5,70,0,20.5,270,0.0,0,0.0,21.6,65.0,2,46,Winter
27.5,17.3,22.2,1012.8,67,0,21.6,263,0.0,0,0.0,21.8,70.0,2,47,Winter
26.4,16.2,21.6,1013.1,73,18,19.7,264,0.0,2,0.0,22.2,67.0,2,48,Winter
27.7,18.1,22.3,1013.5,74,27,17.9,275,0.0,3,0.0,21.6,73.0,2,49,Winter
28.3,19.6,23.4,1015.4,52,38,26.4,43,0.0,3,0.0,22.3,74.0,2,50,Winter
28.3,18.4,23.1,1017.3,41,38,26.7,53,0.0,3,0.0,23.4,52.0,2,51,Winter
28.8,18.6,23.3,1016.9,48,23,21.1,47,0.0,3,0.0,23.1,41.0,2,52,Winter
28.2,17.7,22.9,1015.6,57,23,17.7,310,0.0,3,0.0,23.3,48.0,2,53,Winter
26.3,18.3,22.1,1013.6,72,24,23.4,279,0.0,3,0.0,22.9,57.0,2,54,Winter
23.6,16.3,20.5,1014.5,40,0,23.5,293,0.0,0,0.0,22.1,72.0,2,55,Winter
25.6,16.5,21.1,1015.4,38,45,18.4,312,0.0,3,0.0,20.5,40.0,2,56,Winter
27.1,16.4,21.5,1016.0,48,0,21.3,332,0.0,0,0.0,21.1,38.0,2,57,Winter
26.6,16.8,21.7,1015.8,70,14,20.6,265,0.0,2,0.0,21.5,48.0,2,58,Winter
27.5,16.7,22.0,1016.1,68,2,21.6,277,0.0,1,0.0,21.7,70.0,2,59,Winter
29.7,15.7,22.7,1016.2,64,0,21.1,288,0.0,0,0.0,22.0,68.0,3,60,HotDry
29.5,16.6,23.0,1016.5,64,19,17.9,281,0.0,3,0.0,22.7,64.0,3,61,HotDry
29.3,17.2,22.9,1014.7,78,12,20.7,280,0.0,2,0.0,23.0,64.0,3,62,HotDry
31.0,17.4,23.9,1013.3,73,44,22.7,275,0.0,3,0.0,22.9,78.0,3,63,HotDry
27.9,21.2,24.0,1012.3,72,53,24.0,260,0.0,3,0.0,23.9,73.0,3,64,HotDry
27.9,19.7,23.2,1013.2,77,7,20.6,268,0.0,2,0.0,24.0,72.0,3,65,HotDry
28.3,20.7,23.6,1011.6,76,19,27.6,273,0.0,2,0.0,23.2,77.0,3,66,HotDry
27.8,20.5,23.7,1009.2,75,5,24.5,263,0.0,3,0.0,23.6,76.0,3,67,HotDry
28.3,20.8,23.9,1009.3,76,30,23.0,268,0.0,3,0.0,23.7,75.0,3,68,HotDry
28.0,20.8,24.0,1008.3,77,46,20.9,272,0.0,3,0.0,23.9,76.0,3,69,HotDry
28.6,22.1,24.7,1008.2,77,12,23.2,269,0.2,51,0.0,24.0,77.0,3,70,HotDry
27.5,22.4,24.3,1007.5,77,31,26.3,253,0.0,3,0.2,24.7,77.0,3,71,HotDry
28.0,22.5,25.0,1008.7,75,26,25.6,247,0.0,2,0.0,24.3,77.0,3,72,HotDry
29.8,22.5,25.4,1012.0,75,69,16.0,279,0.0,3,0.0,25.0,75.0,3,73,HotDry
27.9,22.3,24.7,1013.0,75,63,28.7,266,0.0,3,0.0,25.4,75.0,3,74,HotDry
28.4,21.7,24.6,1012.1,69,17,26.1,269,0.0,2,0.0,24.7,75.0,3,75,HotDry
29.5,20.8,24.3,1010.6,73,0,25.1,263,0.0,0,0.0,24.6,69.0,3,76,HotDry
28.9,21.9,24.6,1010.0,75,16,31.7,258,0.0,1,0.0,24.3,73.0,3,77,HotDry
28.7,21.9,24.7,1008.6,75,8,33.1,254,0.0,1,0.0,24.6,75.0,3,78,HotDry
29.2,21.9,25.0,1008.7,71,1,29.2,252,0.0,0,0.0,24.7,75.0,3,79,HotDry
29.6,22.3,25.2,1009.8,77,8,30.4,253,0.0,1,0.0,25.0,71.0,3,80,HotDry
28.7,22.4,24.9,1012.3,80,16,24.2,247,0.0,1,0.0,25.2,77.0,3,81,HotDry
33.0,22.2,26.7,1013.6,67,37,21.3,288,0.0,3,0.0,24.9,80.0,3,82,HotDry
32.3,21.7,26.8,1011.6,57,20,19.8,287,0.0,3,0.0,26.7,67.0,3,83,HotDry
26.8,22.8,24.6,1010.8,61,20,25.8,265,0.2,51,0.0,26.8,57.0,3,84,HotDry
30.1,19.8,25.1,1012.9,58,5,21.4,315,0.0,2,0.2,24.6,61.0,3,85,HotDry
30.4,20.3,25.4,1012.6,57,22,20.2,265,0.0,2,0.0,25.1,58.0,3,86,HotDry
29.1,20.3,24.5,1011.2,63,73,25.8,272,0.0,3,0.0,25.4,57.0,3,87,HotDry
31.3,22.7,26.4,1011.9,68,83,20.5,277,0.0,3,0.0,24.5,63.0,3,88,HotDry
31.4,23.2,26.2,1012.0,72,99,25.6,266,0.0,3,0.0,26.4,68.0,3,89,HotDry
31.2,23.7,26.4,1012.3,57,98,23.5,281,0.0,3,0.0,26.2,72.0,3,90,HotDry
29.4,23.0,25.6,1011.0,72,35,30.6,267,0.0,3,0.0,26.4,57.0,4,91,HotDry
28.4,22.9,25.1,1009.3,61,0,29.3,259,0.0,0,0.0,25.6,72.0,4,92,HotDry
29.4,22.5,25.2,1007.9,73,12,27.4,255,0.0,2,0.0,25.1,61.0,4,93,HotDry
30.3,22.7,25.6,1008.7,75,19,23.2,251,0.0,3,0.0,25.2,73.0,4,94,HotDry
29.9,22.4,25.3,1010.9,72,25,22.8,263,0.0,3,0.0,25.6,75.0,4,95,HotDry
30.1,21.8,25.3,1011.1,70,10,32.9,268,0.0,2,0.0,25.3,72.0,4,96,HotDry
30.2,23.8,26.7,1009.3,74,28,39.8,266,0.0,3,0.0,25.3,70.0,4,97,HotDry
31.1,24.4,27.2,1006.5,63,60,41.4,268,0.0,3,0.0,26.7,74.0,4,98,HotDry
32.6,23.3,27.5,1006.4,32,39,28.4,283,0.0,3,0.0,27.2,63.0,4,99,HotDry
34.6,22.1,27.9,1006.6,44,53,28.8,278,0.0,3,0.0,27.5,32.0,4,100,HotDry
33.7,22.9,27.6,1007.1,60,40,25.4,269,0.0,2,0.0,27.9,44.0,4,101,HotDry
32.1,22.1,26.8,1008.7,65,51,29.6,257,0.0,3,0.0,27.6,60.0,4,102,HotDry
30.7,22.2,26.0,1010.0,68,4,23.9,259,0.0,1,0.0,26.8,65.0,4,103,HotDry
34.9,20.7,27.2,1010.3,66,0,22.1,257,0.0,0,0.0,26.0,68.0,4,104,HotDry
36.6,22.7,29.2,1010.6,54,3,20.0,265,0.0,1,0.0,27.2,66.0,4,105,HotDry
37.6,22.3,29.6,1011.1,50,6,21.3,284,0.0,1,0.0,29.2,54.0,4,106,HotDry
37.6,24.0,30.3,1011.5,45,3,24.1,281,0.0,1,0.0,29.6,50.0,4,107,HotDry
34.4,24.4,28.8,1010.9,51,5,27.6,269,0.0,1,0.0,30.3,45.0,4,108,HotDry
32.9,22.8,27.4,1009.3,66,64,25.4,263,0.0,3,0.0,28.8,51.0,4,109,HotDry
33.2,23.6,27.8,1008.8,68,27,31.6,257,0.0,3,0.0,27.4,66.0,4,110,HotDry
33.3,24.3,28.3,1008.1,65,21,32.7,258,0.0,3,0.0,27.8,68.0,4,111,HotDry
34.2,25.2,28.9,1004.5,63,0,22.8,252,0.0,0,0.0,28.3,65.0,4,112,HotDry
37.1,26.4,30.9,1002.5,33,0,31.6,296,0.0,0,0.0,28.9,63.0,4,113,HotDry
38.8,24.8,30.9,1003.6,28,0,24.8,291,0.0,0,0.0,30.9,33.0,4,114,HotDry
38.4,26.6,31.6,1004.3,24,0,22.6,302,0.0,0,0.0,30.9,28.0,4,115,HotDry
34.3,22.9,28.3,1005.4,62,0,23.9,185,0.0,0,0.0,31.6,24.0,4,116,HotDry
32.7,22.8,27.1,1008.8,75,27,19.5,231,0.0,3,0.0,28.3,62.0,4,117,HotDry
32.6,24.1,27.5,1009.0,75,34,21.5,266,0.0,3,0.0,27.1,75.0,4,118,HotDry
31.6,24.7,27.3,1007.3,78,29,29.2,258,0.0,3,0.0,27.5,75.0,4,119,HotDry
31.6,25.1,27.9,1003.9,79,20,30.2,250,0.0,2,0.0,27.3,78.0,4,120,HotDry
38.0,26.7,31.4,1001.1,35,0,35.5,286,0.0,0,0.0,27.9,79.0,5,121,HotDry
36.4,25.7,30.5,1003.7,29,0,26.8,280,0.0,0,0.0,31.4,35.0,5,122,HotDry
34.2,22.8,28.2,1007.4,66,3,24.7,235,0.0,1,0.0,30.5,29.0,5,123,HotDry
30.7,24.0,26.9,1008.2,79,31,28.7,251,0.0,3,0.0,28.2,66.0,5,124,HotDry
31.3,24.8,27.5,1005.8,80,20,31.0,252,0.0,2,0.0,26.9,79.0,5,125,HotDry
31.6,25.5,28.2,1003.7,79,18,33.5,242,0.0,2,0.0,27.5,80.0,5,126,HotDry
32.2,25.7,28.6,1003.6,78,7,30.8,239,0.0,1,0.0,28.2,79.0,5,127,HotDry
31.5,26.1,28.5,1006.7,79,56,28.1,233,0.0,3,0.0,28.6,78.0,5,128,HotDry
31.8,25.9,28.4,1008.9,76,35,22.5,244,0.0,3,0.0,28.5,79.0,5,129,HotDry
32.4,25.7,28.4,1010.8,73,22,26.0,255,0.0,2,0.0,28.4,76.0,5,130,HotDry
32.1,25.9,28.4,1010.0,75,21,31.6,262,0.0,2,0.0,28.4,73.0,5,131,HotDry
32.2,25.8,28.5,1008.5,78,31,28.9,254,0.0,3,0.0,28.4,75.0,5,132,HotDry
32.6,25.8,28.8,1008.5,78,26,23.7,230,0.0,3,0.0,28.5,78.0,5,133,HotDry
36.1,25.6,29.9,1010.1,70,16,21.7,187,0.0,2,0.0,28.8,78.0,5,134,HotDry
34.0,26.1,29.4,1010.4,71,24,22.0,256,0.0,3,0.0,29.9,70.0,5,135,HotDry
35.4,25.4,29.5,1010.3,71,4,22.7,264,0.0,0,0.0,29.4,71.0,5,136,HotDry
34.2,25.4,29.1,1009.4,73,9,23.2,259,0.0,1,0.0,29.5,71.0,5,137,HotDry
32.5,25.1,28.3,1007.6,75,15,27.4,258,0.0,2,0.0,29.1,73.0,5,138,HotDry
32.5,25.7,28.6,1006.2,78,29,31.8,252,0.0,3,0.0,28.3,75.0,5,139,HotDry
32.8,26.3,28.9,1005.9,78,24,32.3,251,0.0,2,0.0,28.6,78.0,5,140,HotDry
32.5,26.6,29.1,1005.2,78,48,29.2,254,0.0,3,0.0,28.9,78.0,5,141,HotDry
33.1,26.8,29.5,1003.7,77,95,26.1,251,0.0,3,0.0,29.1,78.0,5,142,HotDry
34.2,27.4,30.2,1003.9,75,61,28.5,249,0.0,3,0.0,29.5,77.0,5,143,HotDry
33.8,27.1,29.9,1006.1,79,76,28.5,258,0.0,3,0.0,30.2,75.0,5,144,HotDry
34.2,27.3,30.2,1006.0,77,34,31.9,262,0.0,2,0.0,29.9,79.0,5,145,HotDry
34.1,27.4,30.2,1005.3,77,29,33.0,253,0.0,2,0.0,30.2,77.0,5,146,HotDry
33.8,27.3,30.0,1005.9,79,46,31.3,250,0.0,3,0.0,30.2,77.0,5,147,HotDry
33.2,27.8,29.9,1005.2,77,72,33.1,254,0.0,3,0.0,30.0,79.0,5,148,HotDry
32.8,27.6,29.8,1004.5,77,58,33.9,255,0.0,3,0.0,29.9,77.0,5,149,HotDry
32.8,27.8,29.9,1006.6,74,42,26.6,261,0.0,3,0.0,29.8,77.0,5,150,HotDry
33.5,27.3,29.8,1006.0,74,18,34.9,263,0.0,2,0.0,29.9,74.0,5,151,HotDry
33.6,27.3,29.9,1004.8,75,9,34.5,264,0.0,2,0.0,29.8,74.0,6,152,Monsoon
33.9,27.7,30.3,1002.7,76,34,32.3,264,0.0,2,0.0,29.9,75.0,6,153,Monsoon
33.9,27.9,30.6,1000.7,74,13,35.1,252,0.0,2,0.0,30.3,76.0,6,154,Monsoon
34.3,28.0,30.6,999.2,74,5,29.2,241,0.0,2,0.0,30.6,74.0,6,155,Monsoon
34.4,27.4,30.2,999.5,74,5,29.8,256,0.0,1,0.0,30.6,74.0,6,156,Monsoon
34.3,27.2,30.3,999.7,75,9,24.2,256,0.0,1,0.0,30.2,74.0,6,157,Monsoon
37.2,26.7,31.4,999.3,67,14,18.8,241,0.0,2,0.0,30.3,75.0,6,158,Monsoon
38.8,29.1,32.6,997.0,67,8,30.1,154,0.0,1,0.0,31.4,67.0,6,159,Monsoon
35.0,28.9,31.3,996.9,75,18,28.1,182,0.0,2,0.0,32.6,67.0,6,160,Monsoon
34.3,28.7,31.0,998.0,75,22,23.7,196,0.0,1,0.0,31.3,75.0,6,161,Monsoon
36.0,29.1,31.4,1000.1,74,38,28.8,171,0.0,2,0.0,31.0,75.0,6,162,Monsoon
33.9,29.0,31.2,999.4,78,58,23.7,214,0.5,51,0.0,31.4,74.0,6,163,Monsoon
33.3,29.2,30.9,998.6,79,45,23.9,235,0.5,51,0.5,31.2,78.0,6,164,Monsoon
33.6,28.8,30.8,998.2,76,23,27.1,242,0.0,2,0.5,30.9,79.0,6,165,Monsoon
33.8,27.9,30.4,998.3,75,21,30.7,246,0.0,2,0.0,30.8,76.0,6,166,Monsoon
33.9,27.6,30.2,999.8,76,19,27.7,248,0.0,2,0.0,30.4,75.0,6,167,Monsoon
33.5,27.4,30.0,1000.5,77,17,24.7,237,0.0,1,0.0,30.2,76.0,6,168,Monsoon
33.2,27.9,30.1,999.8,75,29,30.4,241,0.0,2,0.0,30.0,77.0,6,169,Monsoon
33.3,27.8,30.1,998.8,78,36,31.4,239,0.0,2,0.0,30.1,75.0,6,170,Monsoon
33.4,27.9,30.2,997.9,78,34,30.9,236,0.0,2,0.0,30.1,78.0,6,171,Monsoon
33.4,27.9,30.2,998.9,79,25,28.6,232,0.0,2,0.0,30.2,78.0,6,172,Monsoon
34.0,27.5,30.1,1001.9,77,18,27.4,235,0.0,2,0.0,30.2,79.0,6,173,Monsoon
33.3,27.4,30.0,1002.5,77,24,28.0,246,0.0,2,0.0,30.1,77.0,6,174,Monsoon
33.8,28.1,30.5,1001.3,73,33,23.3,234,0.0,2,0.0,30.0,77.0,6,175,Monsoon
33.8,28.2,30.6,1002.5,72,27,23.0,223,0.0,2,0.0,30.5,73.0,6,176,Monsoon
33.4,28.4,30.4,1003.0,72,29,22.2,235,0.0,2,0.0,30.6,72.0,6,177,Monsoon
33.5,27.7,30.3,1003.0,72,24,25.9,251,0.0,2,0.0,30.4,72.0,6,178,Monsoon
33.5,28.4,30.6,1002.8,73,30,28.7,248,0.0,2,0.0,30.3,72.0,6,179,Monsoon
33.5,28.5,30.6,1000.9,74,39,33.2,244,0.0,3,0.0,30.6,73.0,6,180,Monsoon
33.6,28.5,30.6,998.3,74,35,35.9,245,0.0,2,0.0,30.6,74.0,6,181,Monsoon
33.8,28.7,30.8,997.6,73,31,31.4,250,0.0,2,0.0,30.6,74.0,7,182,Monsoon
33.4,28.5,30.7,999.0,74,34,28.0,246,0.0,2,0.0,30.8,73.0,7,183,Monsoon
33.0,28.9,30.7,999.4,72,45,31.6,250,0.0,2,0.0,30.7,74.0,7,184,Monsoon
33.5,28.7,30.6,999.7,72,50,34.4,253,0.0,2,0.0,30.7,72.0,7,185,Monsoon
32.9,28.6,30.4,999.3,73,62,37.6,253,0.0,3,0.0,30.6,72.0,7,186,Monsoon
33.4,28.7,30.5,997.3,76,52,36.9,248,0.0,3,0.0,30.4,73.0,7,187,Monsoon
33.7,28.5,30.5,996.8,79,25,38.9,248,0.0,2,0.0,30.5,76.0,7,188,Monsoon
33.3,28.3,30.3,997.0,79,24,40.0,248,0.0,2,0.0,30.5,79.0,7,189,Monsoon
33.1,28.3,30.3,996.7,78,24,39.0,244,0.0,2,0.0,30.3,79.0,7,190,Monsoon
33.5,28.3,30.4,996.7,77,44,30.9,238,0.0,3,0.0,30.3,78.0,7,191,Monsoon
34.0,28.4,30.6,997.5,74,37,23.3,207,0.0,2,0.0,30.4,77.0,7,192,Monsoon
33.8,28.5,30.7,996.1,76,44,23.6,212,0.0,2,0.0,30.6,74.0,7,193,Monsoon
35.3,27.3,30.7,997.8,75,23,21.4,183,0.0,3,0.0,30.7,76.0,7,194,Monsoon
34.3,28.2,30.6,999.1,76,49,23.1,209,0.0,3,0.0,30.7,75.0,7,195,Monsoon
33.1,28.0,29.9,999.8,74,27,24.0,224,0.0,2,0.0,30.6,76.0,7,196,Monsoon
32.3,27.4,29.5,1000.0,74,35,29.9,239,0.0,2,0.0,29.9,74.0,7,197,Monsoon
32.0,27.3,29.3,999.4,74,36,31.9,242,0.0,2,0.0,29.5,74.0,7,198,Monsoon
32.5,27.4,29.6,999.2,75,41,28.8,239,0.0,3,0.0,29.3,74.0,7,199,Monsoon
32.5,27.7,29.8,1000.3,75,49,26.7,235,0.0,3,0.0,29.6,75.0,7,200,Monsoon
32.5,27.9,29.9,1001.3,71,62,27.3,233,0.0,3,0.0,29.8,75.0,7,201,Monsoon
32.6,28.0,29.9,1002.3,72,64,27.6,242,0.0,3,0.0,29.9,71.0,7,202,Monsoon
32.3,27.7,29.6,1001.7,74,49,34.4,250,0.0,2,0.0,29.9,72.0,7,203,Monsoon
31.2,27.7,29.2,1001.2,74,71,34.6,247,0.0,3,0.0,29.6,74.0,7,204,Monsoon
31.1,27.6,29.0,1002.0,76,73,38.8,248,0.3,51,0.0,29.2,74.0,7,205,Monsoon
30.8,27.3,28.7,999.1,79,83,41.8,249,0.3,51,0.3,29.0,76.0,7,206,Monsoon
31.0,27.4,28.8,997.6,81,55,41.1,242,0.0,3,0.3,28.7,79.0,7,207,Monsoon
30.5,27.2,28.6,1001.1,81,69,30.0,239,1.1,51,0.0,28.8,81.0,7,208,Monsoon
30.3,27.1,28.4,1004.9,79,55,31.4,252,0.3,51,1.1,28.6,81.0,7,209,Monsoon
30.9,27.0,28.6,1004.4,78,46,39.0,261,0.0,2,0.3,28.4,79.0,7,210,Monsoon
31.3,27.1,28.9,1002.5,77,57,37.8,253,0.0,3,0.0,28.6,78.0,7,211,Monsoon
31.8,27.2,29.0,1001.9,79,44,37.2,251,0.0,3,0.0,28.9,77.0,7,212,Monsoon
31.5,27.2,29.0,1000.8,79,46,39.8,252,0.0,2,0.0,29.0,79.0,8,213,Monsoon
31.0,27.4,28.9,1000.5,78,63,39.8,249,0.0,3,0.0,29.0,79.0,8,214,Monsoon
31.5,27.2,29.1,1002.5,78,57,33.1,246,0.0,3,0.0,28.9,78.0,8,215,Monsoon
31.4,27.0,28.8,1004.7,77,48,29.1,249,0.0,2,0.0,29.1,78.0,8,216,Monsoon
31.5,26.6,28.6,1004.5,76,34,29.8,258,0.0,2,0.0,28.8,77.0,8,217,Monsoon
31.6,26.7,28.6,1004.7,75,60,27.8,260,0.1,51,0.0,28.6,76.0,8,218,Monsoon
31.9,26.7,28.8,1005.2,75,72,26.5,259,0.0,3,0.1,28.6,75.0,8,219,Monsoon
32.3,27.2,29.2,1003.0,76,57,26.1,258,0.0,3,0.0,28.8,75.0,8,220,Monsoon
32.4,27.5,29.5,1001.8,75,38,25.6,249,0.0,3,0.0,29.2,76.0,8,221,Monsoon
32.3,27.3,29.4,1001.1,76,36,29.7,248,0.0,3,0.0,29.5,75.0,8,222,Monsoon
31.9,27.4,29.3,998.9,75,55,38.3,250,0.0,3,0.0,29.4,76.0,8,223,Monsoon
31.6,27.6,29.3,998.0,74,69,38.8,245,0.0,3,0.0,29.3,75.0,8,224,Monsoon
31.9,27.4,29.3,999.1,75,47,31.6,243,0.0,2,0.0,29.3,74.0,8,225,Monsoon
32.3,27.2,29.4,1002.6,74,34,20.9,247,0.0,3,0.0,29.3,75.0,8,226,Monsoon
34.0,27.4,29.8,1003.1,73,24,23.6,265,0.2,51,0.0,29.4,74.0,8,227,Monsoon
35.2,27.2,30.2,1001.8,73,48,24.6,268,0.0,3,0.2,29.8,73.0,8,228,Monsoon
33.5,26.6,29.2,999.2,77,12,27.9,263,0.0,1,0.0,30.2,73.0,8,229,Monsoon
32.0,26.4,28.6,998.9,77,23,29.7,259,0.0,2,0.0,29.2,77.0,8,230,Monsoon
31.8,26.7,28.7,1000.1,76,29,29.4,257,0.0,2,0.0,28.6,77.0,8,231,Monsoon
31.6,26.9,28.6,998.8,76,42,33.1,254,0.0,2,0.0,28.7,76.0,8,232,Monsoon
31.7,26.7,28.8,998.8,74,36,25.8,243,0.0,2,0.0,28.6,76.0,8,233,Monsoon
31.6,26.8,28.9,999.9,76,41,24.5,244,0.0,2,0.0,28.8,74.0,8,234,Monsoon
31.4,27.0,28.8,998.7,77,54,27.3,246,0.0,2,0.0,28.9,76.0,8,235,Monsoon
31.8,26.9,29.0,997.2,78,64,20.9,237,0.0,3,0.0,28.8,77.0,8,236,Monsoon
32.5,26.8,29.2,996.2,79,68,23.0,249,0.0,3,0.0,29.0,78.0,8,237,Monsoon
32.8,26.7,29.1,997.1,79,70,32.0,251,0.0,3,0.0,29.2,79.0,8,238,Monsoon
31.5,26.6,28.4,999.9,80,58,40.4,255,0.0,3,0.0,29.1,79.0,8,239,Monsoon
30.8,26.6,28.0,1000.3,78,43,43.2,259,0.0,3,0.0,28.4,80.0,8,240,Monsoon
30.8,26.3,28.0,1001.2,78,75,39.8,259,0.0,3,0.0,28.0,78.0,8,241,Monsoon
30.7,26.2,27.9,1003.2,77,47,32.7,258,0.0,2,0.0,28.0,78.0,8,242,Monsoon
30.3,25.9,27.6,1004.2,77,46,35.6,254,0.0,3,0.0,27.9,77.0,8,243,Monsoon
29.9,25.6,27.3,1002.8,78,48,37.6,256,0.0,2,0.0,27.6,77.0,9,244,Monsoon
30.2,25.6,27.4,1000.8,80,29,38.9,255,0.0,2,0.0,27.3,78.0,9,245,Monsoon
30.7,25.5,27.5,1001.1,81,20,34.6,246,0.0,2,0.0,27.4,80.0,9,246,Monsoon
30.1,25.5,27.5,1002.1,82,59,25.4,238,0.0,3,0.0,27.5,81.0,9,247,Monsoon
30.7,25.7,27.7,1003.6,80,69,21.1,234,0.0,3,0.0,27.5,82.0,9,248,Monsoon
30.7,25.9,27.9,1004.6,78,76,20.2,232,0.0,3,0.0,27.7,80.0,9,249,Monsoon
30.5,25.8,27.8,1004.5,78,53,24.2,235,0.0,3,0.0,27.9,78.0,9,250,Monsoon
30.2,26.0,27.7,1003.4,79,59,28.1,242,0.0,3,0.0,27.8,78.0,9,251,Monsoon
29.6,25.9,27.4,1003.0,77,54,29.8,244,0.0,3,0.0,27.7,79.0,9,252,Monsoon
30.1,25.6,27.3,1002.1,77,39,29.3,245,0.0,3,0.0,27.4,77.0,9,253,Monsoon
30.3,25.0,27.3,1003.0,78,54,22.3,234,0.0,3,0.0,27.3,77.0,9,254,Monsoon
30.1,24.6,26.9,1006.0,76,30,21.3,242,0.0,2,0.0,27.3,78.0,9,255,Monsoon
29.9,24.7,26.8,1007.4,72,32,23.1,250,0.0,2,0.0,26.9,76.0,9,256,Monsoon
29.9,25.0,27.0,1006.9,72,44,28.6,252,0.0,2,0.0,26.8,72.0,9,257,Monsoon
29.9,25.2,27.2,1006.6,73,38,26.8,251,0.0,2,0.0,27.0,72.0,9,258,Monsoon
29.7,25.2,27.2,1007.8,74,44,19.1,248,0.0,3,0.0,27.2,73.0,9,259,Monsoon
30.8,24.6,27.2,1009.2,75,13,20.8,258,0.0,1,0.0,27.2,74.0,9,260,Monsoon
31.3,24.7,27.3,1010.0,73,36,24.9,269,0.0,2,0.0,27.2,75.0,9,261,Monsoon
31.7,25.2,27.8,1008.5,74,9,33.8,265,0.0,2,0.0,27.3,73.0,9,262,Monsoon
31.0,25.8,28.0,1005.9,77,11,38.3,260,0.0,1,0.0,27.8,74.0,9,263,Monsoon
31.8,26.5,28.6,1004.6,80,20,28.0,246,0.0,2,0.0,28.0,77.0,9,264,Monsoon
33.1,26.4,28.9,1004.6,80,25,21.5,231,0.0,2,0.0,28.6,80.0,9,265,Monsoon
32.0,26.1,28.4,1006.1,78,23,18.1,212,0.0,1,0.0,28.9,80.0,9,266,Monsoon
31.6,25.3,27.9,1008.1,78,30,21.2,239,0.0,3,0.0,28.4,78.0,9,267,Monsoon
31.3,25.6,27.7,1008.3,77,21,26.4,255,0.0,2,0.0,27.9,78.0,9,268,Monsoon
30.5,25.7,27.7,1008.1,77,46,32.2,251,0.0,3,0.0,27.7,77.0,9,269,Monsoon
30.9,26.0,27.8,1006.1,79,31,34.5,245,0.0,2,0.0,27.7,77.0,9,270,Monsoon
31.8,25.3,28.0,1006.4,80,22,26.7,244,0.0,3,0.0,27.8,79.0,9,271,Monsoon
31.5,24.8,27.6,1010.5,78,29,19.8,249,0.0,3,0.0,28.0,80.0,9,272,Monsoon
34.3,24.8,28.5,1011.4,73,5,20.5,266,0.0,1,0.0,27.6,78.0,9,273,Monsoon
34.8,24.6,28.6,1011.4,70,8,21.3,272,0.0,2,0.0,28.5,73.0,10,274,PostMonsoon
32.9,25.3,28.4,1009.5,74,1,27.5,263,0.0,0,0.0,28.6,70.0,10,275,PostMonsoon
32.7,25.9,28.6,1006.5,77,2,22.1,252,0.0,1,0.0,28.4,74.0,10,276,PostMonsoon
33.0,24.9,28.5,1007.0,81,30,19.8,225,0.0,3,0.0,28.6,77.0,10,277,PostMonsoon
34.4,25.5,29.2,1009.6,76,13,20.9,254,0.0,1,0.0,28.5,81.0,10,278,PostMonsoon
37.8,25.0,30.6,1010.8,62,0,21.8,291,0.0,0,0.0,29.2,76.0,10,279,PostMonsoon
36.5,25.7,29.9,1009.7,67,0,21.9,267,0.0,0,0.0,30.6,62.0,10,280,PostMonsoon
33.4,25.7,28.9,1008.4,74,1,24.9,258,0.0,0,0.0,29.9,67.0,10,281,PostMonsoon
32.8,25.9,28.9,1007.7,70,0,28.3,245,0.0,0,0.0,28.9,74.0,10,282,PostMonsoon
33.6,26.1,29.1,1007.4,71,0,32.9,247,0.0,0,0.0,28.9,70.0,10,283,PostMonsoon
32.7,26.5,28.9,1007.3,70,2,29.6,256,0.0,0,0.0,29.1,71.0,10,284,PostMonsoon
33.7,26.0,28.9,1008.8,63,6,21.6,255,0.0,1,0.0,28.9,70.0,10,285,PostMonsoon
35.5,23.9,29.3,1009.8,53,0,21.3,277,0.0,0,0.0,28.9,63.0,10,286,PostMonsoon
34.9,23.2,28.7,1009.6,40,0,19.1,297,0.0,0,0.0,29.3,53.0,10,287,PostMonsoon
34.9,20.0,27.9,1009.8,43,0,14.8,353,0.0,0,0.0,28.7,40.0,10,288,PostMonsoon
36.1,22.0,29.2,1010.0,31,0,19.1,23,0.0,0,0.0,27.9,43.0,10,289,PostMonsoon
36.1,22.7,29.5,1009.0,31,0,18.7,358,0.0,0,0.0,29.2,31.0,10,290,PostMonsoon
35.4,22.3,28.9,1007.8,32,0,19.5,324,0.0,0,0.0,29.5,31.0,10,291,PostMonsoon
33.5,21.0,27.4,1007.7,37,0,18.1,323,0.0,0,0.0,28.9,32.0,10,292,PostMonsoon
32.2,20.4,26.0,1009.1,57,0,17.7,255,0.0,0,0.0,27.4,37.0,10,293,PostMonsoon
33.9,19.4,26.3,1009.9,55,0,20.0,298,0.0,0,0.0,26.0,57.0,10,294,PostMonsoon
33.5,21.1,26.9,1011.7,68,0,16.0,260,0.0,0,0.0,26.3,55.0,10,295,PostMonsoon
35.1,23.9,28.5,1013.4,58,5,18.4,293,0.0,1,0.0,26.9,68.0,10,296,PostMonsoon
31.7,23.1,26.9,1013.1,72,0,21.4,275,0.0,0,0.0,28.5,58.0,10,297,PostMonsoon
32.5,23.4,27.2,1012.4,76,0,15.5,223,0.0,0,0.0,26.9,72.0,10,298,PostMonsoon
34.3,22.1,27.4,1012.2,71,13,16.5,256,0.0,2,0.0,27.2,76.0,10,299,PostMonsoon
34.3,22.0,27.3,1012.1,69,0,18.0,287,0.0,0,0.0,27.4,71.0,10,300,PostMonsoon
32.1,23.4,27.1,1011.4,73,0,26.4,264,0.0,0,0.0,27.3,69.0,10,301,PostMonsoon
34.6,22.6,28.1,1009.6,65,5,19.4,263,0.0,1,0.0,27.1,73.0,10,302,PostMonsoon
32.9,23.0,27.4,1009.9,64,11,15.7,231,0.0,2,0.0,28.1,65.0,10,303,PostMonsoon
33.2,23.6,27.4,1011.5,63,0,15.6,272,0.0,0,0.0,27.4,64.0,10,304,PostMonsoon
33.3,20.9,26.6,1012.2,64,27,15.6,296,0.0,3,0.0,27.4,63.0,11,305,PostMonsoon
32.7,21.5,26.5,1011.4,65,16,14.5,286,0.0,3,0.0,26.6,64.0,11,306,PostMonsoon
34.5,18.5,26.7,1012.2,60,3,12.9,321,0.0,1,0.0,26.5,65.0,11,307,PostMonsoon
35.8,22.1,29.2,1013.3,31,0,21.7,51,0.0,0,0.0,26.7,60.0,11,308,PostMonsoon
35.3,23.8,29.3,1014.2,22,0,21.4,57,0.0,0,0.0,29.2,31.0,11,309,PostMonsoon
34.6,21.4,27.6,1012.9,35,0,14.7,30,0.0,0,0.0,29.3,22.0,11,310,PostMonsoon
33.7,19.7,26.5,1011.8,53,0,17.0,292,0.0,0,0.0,27.6,35.0,11,311,PostMonsoon
31.7,20.1,25.4,1012.6,70,0,15.2,282,0.0,0,0.0,26.5,53.0,11,312,PostMonsoon
31.9,17.9,24.9,1011.7,68,5,15.0,293,0.0,1,0.0,25.4,70.0,11,313,PostMonsoon
32.2,18.4,25.0,1010.2,67,0,18.1,289,0.0,0,0.0,24.9,68.0,11,314,PostMonsoon
30.9,19.7,24.9,1010.0,70,0,17.7,281,0.0,0,0.0,25.0,67.0,11,315,PostMonsoon
31.1,18.1,24.4,1012.0,73,5,14.0,296,0.0,1,0.0,24.9,70.0,11,316,PostMonsoon
35.0,18.8,27.0,1013.4,46,0,14.7,40,0.0,0,0.0,24.4,73.0,11,317,PostMonsoon
34.1,21.0,27.3,1013.3,35,0,15.3,29,0.0,0,0.0,27.0,46.0,11,318,PostMonsoon
33.2,19.1,25.9,1013.3,52,0,18.0,323,0.0,0,0.0,27.3,35.0,11,319,PostMonsoon
31.3,19.0,24.6,1011.8,66,0,17.5,274,0.0,0,0.0,25.9,52.0,11,320,PostMonsoon
30.1,19.7,24.5,1011.0,73,1,11.7,193,0.0,0,0.0,24.6,66.0,11,321,PostMonsoon
32.9,18.7,25.9,1012.6,41,1,25.3,49,0.0,1,0.0,24.5,73.0,11,322,PostMonsoon
33.1,22.3,27.1,1014.4,29,0,26.6,53,0.0,0,0.0,25.9,41.0,11,323,PostMonsoon
32.1,19.8,25.8,1014.5,39,0,16.0,12,0.0,0,0.0,27.1,29.0,11,324,PostMonsoon
30.9,19.2,24.7,1013.9,68,0,17.4,274,0.0,0,0.0,25.8,39.0,11,325,PostMonsoon
30.2,20.4,24.5,1015.1,66,22,19.6,265,0.0,3,0.0,24.7,68.0,11,326,PostMonsoon
29.5,19.6,23.9,1015.2,69,57,16.8,275,0.0,3,0.0,24.5,66.0,11,327,PostMonsoon
28.1,19.2,23.4,1012.9,77,5,17.4,264,0.0,1,0.0,23.9,69.0,11,328,PostMonsoon
27.3,18.4,22.8,1012.2,78,27,16.8,275,0.0,3,0.0,23.4,77.0,11,329,PostMonsoon
29.4,18.3,23.9,1014.0,64,3,9.1,8,0.0,1,0.0,22.8,78.0,11,330,PostMonsoon
30.0,19.3,24.7,1015.0,45,18,15.9,28,0.0,2,0.0,23.9,64.0,11,331,PostMonsoon
29.6,18.7,24.3,1014.9,52,4,14.9,4,0.0,1,0.0,24.7,45.0,11,332,PostMonsoon
29.2,18.3,23.7,1014.6,65,0,18.1,289,0.0,0,0.0,24.3,52.0,11,333,PostMonsoon
29.6,18.2,23.7,1014.8,61,0,15.6,298,0.0,0,0.0,23.7,65.0,11,334,PostMonsoon
27.2,18.3,22.3,1014.8,38,0,26.7,321,0.0,0,0.0,23.7,61.0,12,335,Winter
24.8,13.7,19.1,1017.1,22,0,23.8,358,0.0,0,0.0,22.3,38.0,12,336,Winter
25.2,13.1,18.8,1017.6,21,0,19.9,43,0.0,0,0.0,19.1,22.0,12,337,Winter
25.3,13.7,18.9,1018.8,22,0,24.6,46,0.0,0,0.0,18.8,21.0,12,338,Winter
26.1,13.3,19.1,1017.1,25,0,16.6,35,0.0,0,0.0,18.9,22.0,12,339,Winter
27.5,10.5,18.9,1015.6,38,0,12.0,58,0.0,0,0.0,19.1,25.0,12,340,Winter
28.3,14.0,20.5,1015.7,22,6,18.9,54,0.0,1,0.0,18.9,38.0,12,341,Winter
28.0,15.0,20.8,1016.6,24,8,21.4,53,0.0,1,0.0,20.5,22.0,12,342,Winter
27.2,15.7,20.6,1016.9,29,77,22.5,47,0.0,3,0.0,20.8,24.0,12,343,Winter
26.7,16.1,20.6,1016.7,35,28,21.5,41,0.0,3,0.0,20.6,29.0,12,344,Winter
26.3,14.1,19.9,1015.0,46,30,15.0,353,0.0,2,0.0,20.6,35.0,12,345,Winter
28.4,14.7,21.1,1014.8,57,0,9.7,47,0.0,0,0.0,19.9,46.0,12,346,Winter
27.4,14.0,20.6,1014.8,55,0,13.8,330,0.0,0,0.0,21.1,57.0,12,347,Winter
25.9,15.8,20.6,1014.4,75,2,15.8,272,0.0,0,0.0,20.6,55.0,12,348,Winter
26.7,13.2,20.0,1017.1,71,0,9.4,334,0.0,0,0.0,20.6,75.0,12,349,Winter
27.7,14.0,21.1,1017.8,61,0,10.8,9,0.0,0,0.0,20.0,71.0,12,350,Winter
28.6,14.8,21.8,1017.4,58,0,10.3,16,0.0,0,0.0,21.1,61.0,12,351,Winter
29.3,15.5,22.1,1017.8,50,0,13.2,33,0.0,0,0.0,21.8,58.0,12,352,Winter
27.9,14.4,21.1,1018.2,56,0,11.2,3,0.0,0,0.0,22.1,50.0,12,353,Winter
29.1,16.2,22.3,1019.2,39,55,18.4,61,0.0,3,0.0,21.1,56.0,12,354,Winter
28.3,17.5,22.3,1020.4,34,12,21.1,57,0.0,3,0.0,22.3,39.0,12,355,Winter
27.2,16.7,21.3,1020.4,36,45,22.1,51,0.0,3,0.0,22.3,34.0,12,356,Winter
27.0,14.3,20.4,1018.8,44,21,13.2,41,0.0,3,0.0,21.3,36.0,12,357,Winter
26.2,13.2,19.8,1017.6,48,97,13.4,355,0.0,3,0.0,20.4,44.0,12,358,Winter
25.6,14.0,20.0,1018.2,67,55,10.1,334,0.0,3,0.0,19.8,48.0,12,359,Winter
27.8,17.6,21.8,1020.7,37,42,27.9,52,0.0,3,0.0,20.0,67.0,12,360,Winter
27.8,17.0,21.8,1020.5,36,0,20.4,51,0.0,0,0.0,21.8,37.0,12,361,Winter
27.6,14.7,20.8,1018.9,39,13,15.3,54,0.0,3,0.0,21.8,36.0,12,362,Winter
25.8,13.0,19.5,1016.5,48,60,11.9,346,0.0,3,0.0,20.8,39.0,12,363,Winter
25.0,15.6,20.4,1015.2,72,86,13.1,279,0.0,3,0.0,19.5,48.0,12,364,Winter
26.5,16.4,20.9,1016.0,55,96,19.2,63,0.0,3,0.0,20.4,72.0,12,365,Winter
26.0,16.5,21.1,1017.6,51,89,16.4,57,0.0,3,0.0,20.9,55.0,1,1,Winter
26.3,17.0,21.8,1018.2,52,71,10.4,54,0.0,3,0.0,21.1,51.0,1,2,Winter
28.2,16.7,22.5,1018.1,50,47,14.5,49,0.0,3,0.0,21.8,52.0,1,3,Winter
24.9,18.2,21.4,1016.6,50,52,17.6,11,1.0,53,0.0,22.5,50.0,1,4,Winter
25.6,16.0,20.6,1015.5,57,1,14.8,299,0.0,0,1.0,21.4,50.0,1,5,Winter
27.0,13.6,20.7,1016.6,59,0,11.9,61,0.0,0,0.0,20.6,57.0,1,6,Winter
27.1,15.7,21.2,1016.5,48,13,15.6,49,0.0,3,0.0,20.7,59.0,1,7,Winter
27.1,14.8,21.0,1017.0,54,86,11.5,27,0.0,3,0.0,21.2,48.0,1,8,Winter
27.5,16.1,21.6,1016.0,59,94,10.3,340,0.0,3,0.0,21.0,54.0,1,9,Winter
28.8,16.6,22.2,1014.9,46,1,20.4,65,0.0,1,0.0,21.6,59.0,1,10,Winter
26.3,16.0,21.4,1015.3,48,16,22.0,34,0.0,1,0.0,22.2,46.0,1,11,Winter
26.9,17.0,21.6,1017.2,44,0,20.4,37,0.0,0,0.0,21.4,48.0,1,12,Winter
25.7,15.2,20.6,1015.5,54,60,13.9,360,0.0,3,0.0,21.6,44.0,1,13,Winter
25.4,16.1,20.7,1015.0,60,63,15.1,344,0.0,3,0.0,20.6,54.0,1,14,Winter
26.4,15.7,21.1,1016.1,65,15,11.9,356,0.0,3,0.0,20.7,60.0,1,15,Winter
26.7,17.2,21.7,1018.2,45,60,22.0,68,0.0,3,0.0,21.1,65.0,1,16,Winter
26.4,16.0,21.2,1018.3,45,10,14.5,23,0.0,3,0.0,21.7,45.0,1,17,Winter
26.5,14.8,20.9,1017.1,64,0,12.8,328,0.0,0,0.0,21.2,45.0,1,18,Winter
26.8,14.7,20.9,1015.2,62,0,15.2,291,0.0,0,0.0,20.9,64.0,1,19,Winter
25.1,18.9,21.6,1012.9,74,34,24.4,265,0.1,51,0.0,20.9,62.0,1,20,Winter
23.1,17.2,20.1,1011.3,41,0,26.5,292,0.0,0,0.1,21.6,74.0,1,21,Winter
24.4,11.3,18.8,1013.7,40,0,18.7,67,0.0,0,0.0,20.1,41.0,1,22,Winter
24.2,13.1,18.7,1014.9,35,0,19.6,22,0.0,0,0.0,18.8,40.0,1,23,Winter
24.3,12.3,18.6,1014.8,56,0,13.1,321,0.0,0,0.0,18.7,35.0,1,24,Winter
24.8,12.2,18.7,1015.4,53,0,11.5,357,0.0,0,0.0,18.6,56.0,1,25,Winter
25.4,12.8,19.3,1015.6,64,0,13.3,320,0.0,0,0.0,18.7,53.0,1,26,Winter
26.6,14.6,20.5,1014.6,61,21,16.3,318,0.0,2,0.0,19.3,64.0,1,27,Winter
26.8,16.0,21.5,1014.5,63,0,13.0,348,0.0,0,0.0,20.5,61.0,1,28,Winter
26.7,16.9,21.5,1015.3,43,2,25.8,56,0.0,0,0.0,21.5,63.0,1,29,Winter
25.8,14.4,20.5,1015.4,58,25,19.8,290,0.0,3,0.0,21.5,43.0,1,30,Winter
27.8,15.5,21.6,1016.1,64,32,14.3,24,0.0,3,0.0,20.5,58.0,1,31,Winter
27.9,16.0,22.0,1015.7,56,29,15.1,10,0.0,3,0.0,21.6,64.0,2,32,Winter
28.9,17.8,23.0,1017.4,38,0,22.1,63,0.0,0,0.0,22.0,56.0,2,33,Winter
29.4,16.8,22.8,1016.3,39,4,16.0,35,0.0,2,0.0,23.0,38.0,2,34,Winter
27.8,15.0,21.3,1014.9,56,0,19.5,285,0.0,0,0.0,22.8,39.0,2,35,Winter
27.5,19.4,22.5,1011.4,72,0,18.1,273,0.0,0,0.0,21.3,56.0,2,36,Winter
26.6,17.3,21.9,1011.5,73,2,19.6,251,0.0,0,0.0,22.5,72.0,2,37,Winter
28.2,17.8,22.6,1011.2,64,10,22.2,287,0.0,2,0.0,21.9,73.0,2,38,Winter
25.2,15.3,20.5,1011.0,27,0,23.3,326,0.0,0,0.0,22.6,64.0,2,39,Winter
27.0,13.5,20.3,1013.1,27,8,27.5,56,0.0,2,0.0,20.5,27.0,2,40,Winter
27.0,16.9,21.5,1013.7,22,29,32.8,55,0.0,3,0.0,20.3,27.0,2,41,Winter
26.3,15.2,20.8,1012.9,30,9,19.6,336,0.0,2,0.0,21.5,22.0,2,42,Winter
26.2,15.7,21.0,1012.3,64,41,16.4,282,0.0,3,0.0,20.8,30.0,2,43,Winter
26.2,18.1,21.9,1012.3,67,21,17.8,296,0.0,2,0.0,21.0,64.0,2,44,Winter
25.9,17.0,21.4,1014.0,47,57,16.9,22,0.3,51,0.0,21.9,67.0,2,45,Winter
25.7,17.3,21.5,1015.1,60,88,17.9,260,0.0,3,0.3,21.4,47.0,2,46,Winter
26.5,17.9,21.9,1015.4,67,39,20.7,282,0.0,3,0.0,21.5,60.0,2,47,Winter
29.1,16.1,22.9,1016.2,63,16,15.0,63,0.0,3,0.0,21.9,67.0,2,48,Winter
29.7,19.6,24.6,1016.6,45,92,14.8,10,0.2,51,0.0,22.9,63.0,2,49,Winter
27.4,21.4,24.2,1016.2,45,98,18.7,312,0.3,51,0.2,24.6,45.0,2,50,Winter
27.8,21.5,24.2,1014.0,66,47,32.1,267,0.0,3,0.3,24.2,45.0,2,51,Winter
28.6,19.9,24.0,1012.3,46,16,24.5,292,0.0,3,0.0,24.2,66.0,2,52,Winter
29.7,17.4,24.0,1011.1,42,47,17.3,322,0.0,3,0.0,24.0,46.0,2,53,Winter
30.2,18.5,24.4,1012.6,43,56,20.8,45,0.0,3,0.0,24.0,42.0,2,54,Winter
29.8,16.4,23.3,1013.2,58,7,20.6,263,0.0,2,0.0,24.4,43.0,2,55,Winter
28.5,18.2,23.3,1012.9,73,75,24.0,267,0.0,3,0.0,23.3,58.0,2,56,Winter
29.2,22.1,24.9,1010.6,74,24,31.7,256,0.0,3,0.0,23.3,73.0,2,57,Winter
28.0,22.0,24.6,1007.1,62,8,31.8,257,0.0,1,0.0,24.9,74.0,2,58,Winter
27.2,19.4,23.2,1008.8,31,10,27.2,301,0.0,1,0.0,24.6,62.0,2,59,Winter
28.0,15.3,22.5,1011.1,49,0,16.9,315,0.0,0,0.0,23.2,31.0,2,60,Winter
28.9,15.3,22.5,1013.3,45,0,21.0,309,0.0,0,0.0,22.5,49.0,3,61,HotDry
28.1,16.8,22.6,1013.3,59,21,17.8,282,0.0,3,0.0,22.5,45.0,3,62,HotDry
28.1,17.8,22.6,1013.3,59,12,19.7,280,0.0,2,0.0,22.6,59.0,3,63,HotDry
28.3,20.6,23.7,1012.3,73,2,28.7,271,0.0,1,0.0,22.6,59.0,3,64,HotDry
28.5,21.7,24.5,1011.5,75,27,26.8,262,0.0,3,0.0,23.7,73.0,3,65,HotDry
27.8,21.7,24.4,1011.2,77,64,29.2,260,0.0,3,0.0,24.5,75.0,3,66,HotDry
27.8,23.3,24.9,1011.0,76,57,24.0,245,0.0,3,0.0,24.4,77.0,3,67,HotDry
28.3,20.9,24.3,1011.9,71,22,20.7,255,0.0,3,0.0,24.9,76.0,3,68,HotDry
30.1,20.1,24.8,1013.7,72,17,20.9,274,0.0,3,0.0,24.3,71.0,3,69,HotDry
28.7,21.5,24.5,1011.9,76,31,26.0,264,0.0,3,0.0,24.8,72.0,3,70,HotDry
28.1,22.3,24.7,1009.7,79,33,30.0,243,0.0,2,0.0,24.5,76.0,3,71,HotDry
29.1,22.7,25.1,1008.6,74,20,28.6,250,0.0,2,0.0,24.7,79.0,3,72,HotDry
28.8,21.3,24.5,1006.7,69,2,22.6,263,0.0,0,0.0,25.1,74.0,3,73,HotDry
31.3,20.3,24.7,1007.9,74,14,22.9,224,0.0,3,0.0,24.5,69.0,3,74,HotDry
28.1,20.0,23.9,1008.0,79,21,25.8,245,0.0,3,0.0,24.7,74.0,3,75,HotDry
31.6,20.6,25.9,1008.2,57,0,22.5,278,0.0,0,0.0,23.9,79.0,3,76,HotDry
30.9,20.6,25.5,1008.2,35,0,25.0,294,0.0,0,0.0,25.9,57.0,3,77,HotDry
30.0,20.0,24.7,1007.2,27,0,25.4,311,0.0,0,0.0,25.5,35.0,3,78,HotDry
30.7,15.4,23.6,1008.9,54,0,21.3,205,0.0,0,0.0,24.7,27.0,3,79,HotDry
30.7,17.4,23.8,1010.9,58,0,22.5,276,0.0,0,0.0,23.6,54.0,3,80,HotDry
30.1,18.8,23.9,1010.9,70,0,23.3,268,0.0,0,0.0,23.8,58.0,3,81,HotDry
29.9,19.0,24.1,1009.9,70,0,24.7,267,0.0,0,0.0,23.9,70.0,3,82,HotDry
29.2,21.1,24.6,1007.5,77,3,27.5,257,0.0,0,0.0,24.1,70.0,3,83,HotDry
28.8,21.9,24.9,1006.0,77,16,37.8,239,0.0,2,0.0,24.6,77.0,3,84,HotDry
28.7,22.0,24.7,1006.5,44,1,33.2,279,0.0,0,0.0,24.9,77.0,3,85,HotDry
27.4,18.9,23.6,1007.8,27,0,31.7,298,0.0,0,0.0,24.7,44.0,3,86,HotDry
29.6,19.2,24.1,1010.1,27,0,26.0,298,0.0,0,0.0,23.6,27.0,3,87,HotDry
29.5,18.9,24.0,1010.7,68,0,24.8,255,0.0,0,0.0,24.1,27.0,3,88,HotDry
29.6,21.7,24.7,1009.2,73,9,24.1,268,0.0,2,0.0,24.0,68.0,3,89,HotDry
33.2,20.6,25.8,1007.7,66,0,24.6,266,0.0,0,0.0,24.7,73.0,3,90,HotDry
36.8,19.5,27.8,1007.7,50,1,22.2,276,0.0,0,0.0,25.8,66.0,3,91,HotDry
32.6,20.5,26.4,1008.8,58,44,21.6,261,0.0,3,0.0,27.8,50.0,4,92,HotDry
30.4,20.2,25.1,1009.2,75,59,25.8,257,0.0,3,0.0,26.4,58.0,4,93,HotDry
30.8,22.3,25.5,1009.8,76,61,24.3,261,0.0,3,0.0,25.1,75.0,4,94,HotDry
35.0,22.8,28.1,1008.6,38,83,27.9,299,0.0,3,0.0,25.5,76.0,4,95,HotDry
34.7,21.2,28.1,1008.7,25,98,17.7,326,0.0,3,0.0,28.1,38.0,4,96,HotDry
33.1,20.7,27.0,1010.4,45,92,19.4,276,0.0,3,0.0,28.1,25.0,4,97,HotDry
32.1,22.5,26.8,1010.9,64,94,23.8,272,0.0,3,0.0,27.0,45.0,4,98,HotDry
35.0,23.9,28.7,1009.8,52,34,30.1,274,0.0,3,0.0,26.8,64.0,4,99,HotDry
33.1,23.2,27.6,1009.0,58,13,23.7,262,0.0,3,0.0,28.7,52.0,4,100,HotDry
33.1,21.3,26.2,1008.9,74,34,20.0,232,0.0,3,0.0,27.6,58.0,4,101,HotDry
35.2,22.2,27.9,1009.5,65,0,20.1,253,0.0,0,0.0,26.2,74.0,4,102,HotDry
38.5,22.5,29.5,1010.5,55,0,23.1,267,0.0,0,0.0,27.9,65.0,4,103,HotDry
38.7,22.9,29.5,1009.4,57,0,23.5,271,0.0,0,0.0,29.5,55.0,4,104,HotDry
36.1,24.0,29.2,1005.3,59,0,29.4,261,0.0,0,0.0,29.5,57.0,4,105,HotDry
33.6,25.4,28.8,1002.4,64,7,28.4,245,0.0,1,0.0,29.2,59.0,4,106,HotDry
32.7,24.9,28.2,1003.9,70,18,28.4,243,0.0,3,0.0,28.8,64.0,4,107,HotDry
33.9,25.5,29.3,1004.3,60,20,28.8,254,0.0,1,0.0,28.2,70.0,4,108,HotDry
34.3,25.1,29.2,1003.3,62,0,26.1,244,0.0,0,0.0,29.3,60.0,4,109,HotDry
38.1,25.6,30.7,1002.8,54,0,28.0,267,0.0,0,0.0,29.2,62.0,4,110,HotDry
34.0,25.2,28.8,1004.5,69,2,27.0,256,0.0,0,0.0,30.7,54.0,4,111,HotDry
33.4,24.8,28.5,1005.2,73,2,32.6,253,0.0,1,0.0,28.8,69.0,4,112,HotDry
32.6,25.1,28.1,1004.4,78,48,29.9,253,0.0,3,0.0,28.5,73.0,4,113,HotDry
32.4,25.4,28.0,1005.4,78,30,25.2,255,0.0,3,0.0,28.1,78.0,4,114,HotDry
31.0,25.1,27.7,1005.8,79,33,26.9,255,0.0,3,0.0,28.0,78.0,4,115,HotDry
31.8,25.5,27.9,1007.1,76,74,28.3,263,0.0,3,0.0,27.7,79.0,4,116,HotDry
32.9,25.4,28.3,1009.1,74,15,27.0,272,0.0,2,0.0,27.9,76.0,4,117,HotDry
33.5,25.1,28.6,1008.4,75,2,27.3,266,0.0,0,0.0,28.3,74.0,4,118,HotDry
31.7,25.6,28.2,1008.0,77,24,29.8,264,0.0,2,0.0,28.6,75.0,4,119,HotDry
31.7,26.0,28.3,1007.0,73,30,36.3,255,0.0,3,0.0,28.2,77.0,4,120,HotDry
31.5,25.4,28.0,1005.4,67,1,37.6,260,0.0,0,0.0,28.3,73.0,4,121,HotDry
31.2,25.4,27.9,1005.4,73,7,32.3,259,0.0,1,0.0,28.0,67.0,5,122,HotDry
32.7,25.0,28.4,1007.3,75,14,24.0,264,0.0,1,0.0,27.9,73.0,5,123,HotDry
34.8,25.2,29.4,1006.0,70,5,25.5,257,0.0,1,0.0,28.4,75.0,5,124,HotDry
36.3,25.6,30.0,1003.2,67,0,29.7,251,0.0,0,0.0,29.4,70.0,5,125,HotDry
42.5,25.9,31.9,1001.5,59,0,30.6,253,0.0,0,0.0,30.0,67.0,5,126,HotDry
44.8,25.7,34.2,1001.1,43,0,29.8,287,0.0,0,0.0,31.9,59.0,5,127,HotDry
37.3,27.0,31.5,1003.6,55,0,24.7,262,0.0,0,0.0,34.2,43.0,5,128,HotDry
34.4,25.9,29.8,1005.6,67,0,32.2,262,0.0,0,0.0,31.5,55.0,5,129,HotDry
36.3,26.3,30.8,1003.5,63,0,29.2,263,0.0,0,0.0,29.8,67.0,5,130,HotDry
35.0,27.0,30.6,1000.7,65,0,30.8,260,0.0,0,0.0,30.8,63.0,5,131,HotDry
35.0,26.1,30.4,1000.8,64,0,30.4,250,0.0,0,0.0,30.6,65.0,5,132,HotDry
34.6,26.0,29.8,1003.0,66,0,27.7,253,0.0,0,0.0,30.4,64.0,5,133,HotDry
33.4,25.8,29.0,1003.5,77,21,26.5,251,0.0,3,0.0,29.8,66.0,5,134,HotDry
32.6,26.4,29.0,1003.9,76,24,29.7,252,0.0,2,0.0,29.0,77.0,5,135,HotDry
32.8,26.5,29.1,1004.9,75,25,29.5,253,0.0,2,0.0,29.0,76.0,5,136,HotDry
32.3,25.9,28.7,1004.6,75,20,32.6,261,0.0,1,0.0,29.1,75.0,5,137,HotDry
31.9,26.5,28.9,1002.5,76,26,34.6,254,0.0,2,0.0,28.7,75.0,5,138,HotDry
34.5,27.0,30.1,1000.6,74,12,26.5,247,0.0,2,0.0,28.9,76.0,5,139,HotDry
38.3,26.8,31.4,1000.0,63,0,32.5,253,0.0,0,0.0,30.1,74.0,5,140,HotDry
34.8,26.8,30.3,1001.7,73,2,28.8,261,0.0,0,0.0,31.4,63.0,5,141,HotDry
34.2,26.6,29.9,1002.4,77,4,33.8,251,0.0,1,0.0,30.3,73.0,5,142,HotDry
32.9,26.7,29.3,1002.6,78,11,35.6,258,0.0,1,0.0,29.9,77.0,5,143,HotDry
32.1,27.1,29.2,1002.2,77,30,35.0,255,0.0,2,0.0,29.3,78.0,5,144,HotDry
32.0,26.9,29.2,1003.4,74,32,34.3,255,0.0,2,0.0,29.2,77.0,5,145,HotDry
32.5,27.1,29.4,1004.5,76,37,37.1,259,0.0,3,0.0,29.2,74.0,5,146,HotDry
32.6,26.9,29.3,1003.5,78,14,36.8,257,0.0,1,0.0,29.4,76.0,5,147,HotDry
32.8,27.1,29.4,1002.7,77,12,38.8,256,0.0,1,0.0,29.3,78.0,5,148,HotDry
33.0,27.3,29.7,1002.3,78,20,39.3,256,0.0,2,0.0,29.4,77.0,5,149,HotDry
33.5,27.6,30.1,1001.4,78,22,36.8,253,0.0,2,0.0,29.7,78.0,5,150,HotDry
34.1,27.8,30.6,1000.0,76,6,33.4,245,0.0,1,0.0,30.1,78.0,5,151,HotDry
34.3,28.3,30.8,1000.9,74,1,36.3,246,0.0,0,0.0,30.6,76.0,5,152,HotDry
36.3,28.4,31.5,1000.9,68,0,27.3,252,0.0,0,0.0,30.8,74.0,6,153,Monsoon
39.0,27.6,32.2,999.0,66,0,30.0,254,0.0,0,0.0,31.5,68.0,6,154,Monsoon
36.2,28.1,31.4,998.7,69,0,27.6,238,0.0,0,0.0,32.2,66.0,6,155,Monsoon
35.2,27.5,30.7,998.4,76,3,26.3,224,0.0,0,0.0,31.4,69.0,6,156,Monsoon
35.5,28.0,31.1,997.6,73,0,25.2,228,0.0,0,0.0,30.7,76.0,6,157,Monsoon
39.8,27.4,32.6,996.3,63,0,26.9,241,0.0,0,0.0,31.1,73.0,6,158,Monsoon
36.3,27.7,31.1,998.4,73,1,24.7,196,0.0,0,0.0,32.6,63.0,6,159,Monsoon
34.6,27.3,30.4,1000.3,77,18,16.6,206,0.0,2,0.0,31.1,73.0,6,160,Monsoon
36.5,26.5,30.9,999.9,73,27,18.4,242,0.0,3,0.0,30.4,77.0,6,161,Monsoon
40.3,26.8,32.8,997.8,62,13,22.5,283,0.0,2,0.0,30.9,73.0,6,162,Monsoon
36.8,26.2,31.0,998.4,71,23,22.3,193,0.0,2,0.0,32.8,62.0,6,163,Monsoon
35.0,26.8,30.3,1000.6,78,18,25.2,241,0.0,3,0.0,31.0,71.0,6,164,Monsoon
33.7,27.1,29.9,1000.1,80,42,30.8,242,0.0,3,0.0,30.3,78.0,6,165,Monsoon
33.4,28.4,30.5,998.5,74,51,30.0,233,0.0,2,0.0,29.9,80.0,6,166,Monsoon
33.4,27.7,30.3,998.8,76,39,25.6,224,0.0,2,0.0,30.5,74.0,6,167,Monsoon
33.0,28.4,30.4,999.5,75,37,28.3,233,0.0,2,0.0,30.3,76.0,6,168,Monsoon
33.0,27.9,30.2,999.6,74,41,28.0,238,0.0,2,0.0,30.4,75.0,6,169,Monsoon
33.2,28.2,30.3,1002.0,70,39,26.0,233,0.0,2,0.0,30.2,74.0,6,170,Monsoon
32.8,27.9,30.0,1002.9,69,35,28.1,243,0.0,2,0.0,30.3,70.0,6,171,Monsoon
32.6,28.1,29.9,1000.7,71,54,33.7,249,0.0,2,0.0,30.0,69.0,6,172,Monsoon
32.0,28.2,29.8,1000.7,75,68,32.1,245,0.2,51,0.0,29.9,71.0,6,173,Monsoon
31.6,27.9,29.6,1000.8,75,56,29.1,245,0.2,51,0.2,29.8,75.0,6,174,Monsoon
31.9,27.8,29.7,997.6,75,65,23.9,227,0.0,3,0.2,29.6,75.0,6,175,Monsoon
32.9,27.4,29.8,996.1,72,38,22.8,203,0.0,3,0.0,29.7,75.0,6,176,Monsoon
32.9,27.1,29.8,996.0,71,34,19.5,198,0.0,2,0.0,29.8,72.0,6,177,Monsoon
32.9,27.4,29.7,996.1,69,77,19.8,196,0.0,3,0.0,29.8,71.0,6,178,Monsoon
34.3,27.6,30.4,997.1,72,72,24.9,177,0.0,3,0.0,29.7,69.0,6,179,Monsoon
34.2,27.8,30.4,997.2,71,31,22.3,184,0.0,2,0.0,30.4,72.0,6,180,Monsoon
34.6,28.1,30.7,997.9,69,36,21.7,195,0.0,3,0.0,30.4,71.0,6,181,Monsoon
34.7,28.5,30.8,998.6,73,67,24.8,199,0.0,3,0.0,30.7,69.0,6,182,Monsoon
31.5,28.7,29.9,999.0,77,100,19.3,231,4.1,55,0.0,30.8,73.0,7,183,Monsoon
31.3,28.2,29.5,998.9,80,97,17.8,248,0.5,51,4.1,29.9,77.0,7,184,Monsoon
32.3,28.6,30.1,997.9,78,76,29.5,245,0.0,3,0.5,29.5,80.0,7,185,Monsoon
32.1,28.6,30.0,996.8,80,96,37.6,248,0.5,51,0.0,30.1,78.0,7,186,Monsoon
31.8,28.4,29.8,996.0,79,78,38.0,245,0.7,51,0.5,30.0,80.0,7,187,Monsoon
31.9,28.4,29.8,996.4,79,79,39.3,242,0.3,51,0.7,29.8,79.0,7,188,Monsoon
31.9,28.2,29.7,997.5,79,78,35.3,242,1.9,51,0.3,29.8,79.0,7,189,Monsoon
32.0,28.0,29.7,999.4,77,59,29.4,248,0.3,51,1.9,29.7,79.0,7,190,Monsoon
32.2,28.0,29.8,999.8,74,45,27.9,251,0.0,3,0.3,29.7,77.0,7,191,Monsoon
32.3,27.8,29.8,1000.9,73,82,22.6,243,0.0,3,0.0,29.8,74.0,7,192,Monsoon
32.8,28.1,30.2,1002.0,71,89,23.8,243,0.3,51,0.0,29.8,73.0,7,193,Monsoon
32.4,28.6,30.2,1000.1,72,94,36.6,252,0.0,3,0.3,30.2,71.0,7,194,Monsoon
31.5,28.4,29.7,996.3,75,96,44.1,256,0.9,51,0.0,30.2,72.0,7,195,Monsoon
32.3,28.3,30.0,996.4,77,70,30.0,254,0.3,51,0.9,29.7,75.0,7,196,Monsoon
32.7,28.3,30.1,997.3,79,97,26.7,252,0.0,3,0.3,30.0,77.0,7,197,Monsoon
30.0,28.5,29.2,996.8,83,99,24.0,261,0.8,51,0.0,30.1,79.0,7,198,Monsoon
28.7,26.9,27.7,995.4,90,100,22.9,284,42.5,63,0.8,29.2,83.0,7,199,Monsoon
33.0,27.1,29.9,994.5,82,69,22.6,22,14.5,63,42.5,27.7,90.0,7,200,Monsoon
32.9,28.0,29.9,996.7,82,84,29.9,89,0.6,51,14.5,29.9,82.0,7,201,Monsoon
29.7,27.9,28.7,998.1,89,100,18.8,237,22.9,65,0.6,29.9,82.0,7,202,Monsoon
30.1,27.8,28.7,997.7,84,99,32.3,258,2.0,51,22.9,28.7,89.0,7,203,Monsoon
30.0,27.6,28.8,996.7,84,96,26.3,263,0.6,51,2.0,28.7,84.0,7,204,Monsoon
29.1,27.2,28.1,996.7,91,100,20.9,260,122.4,65,0.6,28.8,84.0,7,205,Monsoon
29.7,27.2,28.3,998.5,87,99,31.6,235,6.7,53,122.4,28.1,91.0,7,206,Monsoon
30.6,27.3,28.7,999.5,87,67,29.3,256,5.5,53,6.7,28.3,87.0,7,207,Monsoon
31.1,27.7,29.1,999.0,86,62,26.4,253,0.6,51,5.5,28.7,87.0,7,208,Monsoon
30.8,27.7,28.9,999.3,87,84,26.3,256,0.0,3,0.6,29.1,86.0,7,209,Monsoon
29.5,27.6,28.4,999.5,88,96,31.6,259,0.1,51,0.0,28.9,87.0,7,210,Monsoon
29.0,27.4,28.0,999.4,89,100,26.1,269,22.6,63,0.1,28.4,88.0,7,211,Monsoon
29.7,27.1,28.2,999.2,87,96,32.1,250,4.5,55,22.6,28.0,89.0,7,212,Monsoon
29.9,27.3,28.3,997.1,88,92,35.6,238,0.0,3,4.5,28.2,87.0,7,213,Monsoon
30.0,27.4,28.4,993.8,87,82,39.8,239,0.0,3,0.0,28.3,88.0,8,214,Monsoon
29.9,27.1,28.3,994.8,86,86,32.1,245,0.0,3,0.0,28.4,87.0,8,215,Monsoon
31.5,26.6,28.6,997.8,86,66,16.4,223,0.0,3,0.0,28.3,86.0,8,216,Monsoon
31.9,27.1,29.1,998.9,87,66,15.1,262,4.2,61,0.0,28.6,86.0,8,217,Monsoon
30.7,27.2,28.5,998.5,88,100,21.1,266,0.0,3,4.2,29.1,87.0,8,218,Monsoon
28.5,27.1,27.6,999.1,90,100,25.6,261,0.1,51,0.0,28.5,88.0,8,219,Monsoon
28.6,26.9,27.5,999.7,88,83,34.3,253,0.0,3,0.1,27.6,90.0,8,220,Monsoon
28.3,26.7,27.4,998.9,88,87,35.4,251,0.7,51,0.0,27.5,88.0,8,221,Monsoon
29.2,26.7,27.8,998.1,86,76,33.8,246,0.9,51,0.7,27.4,88.0,8,222,Monsoon
29.9,26.6,28.0,998.7,85,61,25.5,247,0.1,51,0.9,27.8,86.0,8,223,Monsoon
29.8,26.6,28.0,1000.1,84,63,26.1,249,0.0,3,0.1,28.0,85.0,8,224,Monsoon
29.7,26.6,27.9,1002.8,83,75,25.0,252,0.0,3,0.0,28.0,84.0,8,225,Monsoon
29.7,26.4,27.8,1002.5,82,81,31.4,254,0.0,3,0.0,27.9,83.0,8,226,Monsoon
29.4,26.2,27.5,1001.5,81,42,33.5,254,0.0,3,0.0,27.8,82.0,8,227,Monsoon
29.5,26.3,27.6,1000.3,81,47,35.9,251,0.0,2,0.0,27.5,81.0,8,228,Monsoon
29.6,26.2,27.6,1000.0,82,51,33.5,251,0.0,3,0.0,27.6,81.0,8,229,Monsoon
29.8,26.4,27.8,1000.7,84,47,25.5,251,0.0,2,0.0,27.6,82.0,8,230,Monsoon
30.3,26.2,27.8,1000.7,82,69,18.0,252,0.0,3,0.0,27.8,84.0,8,231,Monsoon
30.8,26.3,28.1,1001.0,81,42,22.2,255,0.0,3,0.0,27.8,82.0,8,232,Monsoon
30.9,26.3,28.2,1001.8,80,50,21.6,256,0.0,3,0.0,28.1,81.0,8,233,Monsoon
31.1,26.7,28.5,1002.1,80,37,25.0,258,0.0,3,0.0,28.2,80.0,8,234,Monsoon
31.0,26.8,28.5,1000.6,78,50,28.9,252,0.0,3,0.0,28.5,80.0,8,235,Monsoon
31.0,26.5,28.5,1000.3,77,52,23.5,246,0.0,3,0.0,28.5,78.0,8,236,Monsoon
31.0,26.8,28.6,999.8,76,68,18.9,243,0.0,3,0.0,28.5,77.0,8,237,Monsoon
31.1,26.8,28.7,1000.9,75,57,23.5,243,0.0,3,0.0,28.6,76.0,8,238,Monsoon
31.1,26.9,28.6,1003.6,76,45,24.8,246,0.0,3,0.0,28.7,75.0,8,239,Monsoon
30.9,26.6,28.5,1004.5,78,43,26.8,253,0.0,2,0.0,28.6,76.0,8,240,Monsoon
30.6,26.8,28.4,1003.7,77,43,32.1,257,0.0,3,0.0,28.5,78.0,8,241,Monsoon
30.2,26.9,28.3,1003.0,77,41,36.6,260,0.2,51,0.0,28.4,77.0,8,242,Monsoon
30.6,26.8,28.4,1003.8,75,45,30.7,259,0.0,3,0.2,28.3,77.0,8,243,Monsoon
31.4,26.7,28.6,1005.3,74,26,26.1,261,0.0,2,0.0,28.4,75.0,8,244,Monsoon
31.1,26.7,28.5,1003.5,74,27,27.6,257,0.0,2,0.0,28.6,74.0,9,245,Monsoon
30.9,27.1,28.7,1002.2,75,47,24.2,252,0.0,3,0.0,28.5,74.0,9,246,Monsoon
32.1,26.6,28.8,1003.4,74,31,16.9,251,0.0,2,0.0,28.7,75.0,9,247,Monsoon
34.8,25.6,29.5,1004.1,72,67,18.6,283,0.0,3,0.0,28.8,74.0,9,248,Monsoon
33.7,27.3,29.8,1004.4,76,59,25.1,250,0.0,3,0.0,29.5,72.0,9,249,Monsoon
32.2,27.5,29.4,1004.8,77,78,35.7,252,0.0,3,0.0,29.8,76.0,9,250,Monsoon
31.4,27.7,29.1,1002.1,76,60,40.5,255,0.0,3,0.0,29.4,77.0,9,251,Monsoon
31.5,27.5,29.0,1000.4,76,61,37.5,248,0.0,3,0.0,29.1,76.0,9,252,Monsoon
31.2,27.2,28.9,1002.9,76,59,29.0,241,0.4,51,0.0,29.0,76.0,9,253,Monsoon
31.8,26.9,29.0,1006.6,75,31,15.6,241,0.0,2,0.4,28.9,76.0,9,254,Monsoon
32.8,26.5,29.2,1007.3,73,7,18.7,275,0.0,1,0.0,29.0,75.0,9,255,Monsoon
33.7,26.8,29.6,1005.7,73,32,22.0,269,0.0,3,0.0,29.2,73.0,9,256,Monsoon
33.7,27.3,29.9,1006.5,74,17,23.0,261,0.0,1,0.0,29.6,73.0,9,257,Monsoon
32.7,27.7,29.6,1008.2,76,17,28.6,258,0.0,1,0.0,29.9,74.0,9,258,Monsoon
32.0,27.6,29.3,1004.9,75,27,32.9,255,0.0,2,0.0,29.6,76.0,9,259,Monsoon
32.4,27.8,29.6,1000.9,74,45,26.1,244,0.0,2,0.0,29.3,75.0,9,260,Monsoon
33.0,27.3,29.6,1002.6,73,19,17.6,225,0.0,1,0.0,29.6,74.0,9,261,Monsoon
36.6,27.0,31.3,1004.8,65,8,17.7,303,0.0,1,0.0,29.6,73.0,9,262,Monsoon
39.0,30.8,34.5,1005.0,45,22,30.7,42,0.0,3,0.0,31.3,65.0,9,263,Monsoon
38.8,30.4,34.6,1003.1,43,56,26.3,43,0.0,3,0.0,34.5,45.0,9,264,Monsoon
40.6,29.7,34.5,1000.7,47,88,19.8,17,0.0,3,0.0,34.6,43.0,9,265,Monsoon
39.0,29.3,33.6,998.2,53,71,20.5,290,0.2,51,0.0,34.5,47.0,9,266,Monsoon
38.8,30.3,33.7,999.0,52,40,23.7,1,0.0,3,0.2,33.6,53.0,9,267,Monsoon
36.2,28.3,31.5,1001.9,64,64,21.7,251,0.0,3,0.0,33.7,52.0,9,268,Monsoon
36.3,25.5,30.1,1002.8,69,57,21.1,247,0.0,3,0.0,31.5,64.0,9,269,Monsoon
35.9,26.5,30.6,1002.9,68,35,23.4,241,0.0,3,0.0,30.1,69.0,9,270,Monsoon
33.2,26.6,29.2,1002.5,75,8,22.6,240,0.0,1,0.0,30.6,68.0,9,271,Monsoon
32.1,25.9,28.4,1001.5,73,8,27.2,243,0.0,1,0.0,29.2,75.0,9,272,Monsoon
33.5,25.4,28.8,1001.2,62,0,23.2,220,0.0,0,0.0,28.4,73.0,9,273,Monsoon
31.8,23.6,27.5,1004.0,69,1,19.5,196,0.0,0,0.0,28.8,62.0,9,274,Monsoon
33.4,23.8,28.3,1004.9,67,8,21.4,192,0.0,1,0.0,27.5,69.0,10,275,PostMonsoon
35.4,26.4,30.2,1006.0,65,17,21.5,270,0.0,2,0.0,28.3,67.0,10,276,PostMonsoon
38.8,27.1,31.5,1005.6,55,2,25.1,286,0.0,0,0.0,30.2,65.0,10,277,PostMonsoon
35.9,24.8,29.9,1005.2,28,0,20.2,306,0.0,0,0.0,31.5,55.0,10,278,PostMonsoon
34.8,21.6,28.2,1006.6,55,0,21.5,270,0.0,0,0.0,29.9,28.0,10,279,PostMonsoon
32.1,23.9,27.7,1004.6,62,0,23.2,242,0.0,0,0.0,28.2,55.0,10,280,PostMonsoon
33.5,23.9,28.3,1002.6,61,0,20.5,238,0.0,0,0.0,27.7,62.0,10,281,PostMonsoon
34.9,24.7,28.8,1004.2,69,3,20.1,222,0.0,1,0.0,28.3,61.0,10,282,PostMonsoon
31.2,25.2,27.7,1008.9,78,13,22.5,191,0.0,1,0.0,28.8,69.0,10,283,PostMonsoon
31.0,25.3,27.5,1012.6,74,27,19.3,241,0.0,3,0.0,27.7,78.0,10,284,PostMonsoon
30.6,24.2,26.8,1010.7,74,9,23.0,261,0.0,1,0.0,27.5,74.0,10,285,PostMonsoon
30.7,24.8,27.2,1010.1,77,8,28.0,259,0.0,1,0.0,26.8,74.0,10,286,PostMonsoon
31.2,24.6,27.5,1010.0,75,8,28.1,261,0.0,1,0.0,27.2,77.0,10,287,PostMonsoon
31.8,25.5,28.0,1009.9,73,1,27.8,260,0.0,0,0.0,27.5,75.0,10,288,PostMonsoon
31.3,25.6,27.9,1010.7,73,1,27.1,256,0.0,0,0.0,28.0,73.0,10,289,PostMonsoon
30.8,25.0,27.4,1012.1,78,8,28.3,264,0.0,1,0.0,27.9,73.0,10,290,PostMonsoon
32.5,25.5,28.3,1009.2,73,6,24.6,265,0.0,2,0.0,27.4,78.0,10,291,PostMonsoon
38.4,25.7,31.5,1005.5,35,0,18.1,343,0.0,0,0.0,28.3,73.0,10,292,PostMonsoon
34.6,24.1,28.5,1007.6,63,0,18.8,148,0.0,0,0.0,31.5,35.0,10,293,PostMonsoon
32.1,23.2,27.0,1010.6,77,10,19.7,203,0.0,3,0.0,28.5,63.0,10,294,PostMonsoon
32.0,24.3,26.9,1012.8,74,27,19.1,281,0.0,3,0.0,27.0,77.0,10,295,PostMonsoon
32.0,23.0,26.5,1012.6,75,6,21.5,275,0.0,1,0.0,26.9,74.0,10,296,PostMonsoon
31.0,23.4,26.7,1011.5,79,1,27.7,258,0.0,0,0.0,26.5,75.0,10,297,PostMonsoon
31.8,25.0,27.5,1010.1,81,16,18.7,246,0.0,2,0.0,26.7,79.0,10,298,PostMonsoon
31.4,23.7,26.8,1009.2,81,27,17.0,200,0.0,3,0.0,27.5,81.0,10,299,PostMonsoon
30.7,24.4,26.6,1010.4,80,38,16.6,211,0.0,3,0.0,26.8,81.0,10,300,PostMonsoon
32.3,23.3,26.6,1012.2,73,28,16.9,277,0.0,3,0.0,26.6,80.0,10,301,PostMonsoon
30.9,21.6,26.0,1012.4,74,2,19.5,266,0.0,0,0.0,26.6,73.0,10,302,PostMonsoon
30.5,20.5,25.3,1011.9,75,3,17.5,285,0.0,0,0.0,26.0,74.0,10,303,PostMonsoon
29.9,19.9,24.9,1011.5,77,15,18.6,275,0.0,3,0.0,25.3,75.0,10,304,PostMonsoon
30.8,21.6,25.7,1013.0,77,18,18.9,287,0.0,2,0.0,24.9,77.0,10,305,PostMonsoon
34.0,21.7,27.2,1014.9,65,9,17.3,306,0.0,1,0.0,25.7,77.0,11,306,PostMonsoon
33.4,22.3,27.1,1015.3,66,0,18.0,291,0.0,0,0.0,27.2,65.0,11,307,PostMonsoon
33.8,22.2,27.2,1014.7,67,0,18.6,299,0.0,0,0.0,27.1,66.0,11,308,PostMonsoon
33.8,20.4,26.9,1015.0,65,0,17.3,299,0.0,0,0.0,27.2,67.0,11,309,PostMonsoon
33.8,20.2,26.7,1015.7,63,0,17.1,295,0.0,0,0.0,26.9,65.0,11,310,PostMonsoon
32.2,20.4,25.9,1016.3,72,0,17.2,284,0.0,0,0.0,26.7,63.0,11,311,PostMonsoon
31.6,19.9,25.1,1015.1,76,6,17.8,274,0.0,2,0.0,25.9,72.0,11,312,PostMonsoon
30.6,21.5,25.1,1014.1,77,33,17.4,276,0.0,3,0.0,25.1,76.0,11,313,PostMonsoon
29.8,21.6,25.1,1014.1,78,20,14.9,274,0.0,2,0.0,25.1,77.0,11,314,PostMonsoon
30.1,21.4,25.0,1014.9,79,25,13.4,278,0.0,3,0.0,25.1,78.0,11,315,PostMonsoon
31.0,19.7,24.9,1016.3,76,13,13.9,300,0.0,2,0.0,25.0,79.0,11,316,PostMonsoon
33.3,19.4,26.6,1016.2,59,0,14.1,328,0.0,0,0.0,24.9,76.0,11,317,PostMonsoon
33.1,20.4,26.7,1015.1,53,0,19.3,298,0.0,0,0.0,26.6,59.0,11,318,PostMonsoon
31.9,20.5,25.9,1014.5,63,0,16.7,283,0.0,0,0.0,26.7,53.0,11,319,PostMonsoon
30.3,19.1,24.5,1014.2,71,4,17.9,276,0.0,1,0.0,25.9,63.0,11,320,PostMonsoon
29.3,19.7,24.2,1012.9,78,28,16.4,263,0.0,2,0.0,24.5,71.0,11,321,PostMonsoon
29.0,20.1,23.9,1011.8,80,35,15.8,275,0.0,3,0.0,24.2,78.0,11,322,PostMonsoon
30.4,19.0,24.5,1011.8,74,1,17.2,294,0.0,1,0.0,23.9,80.0,11,323,PostMonsoon
32.5,20.4,25.9,1013.9,50,0,19.6,53,0.0,0,0.0,24.5,74.0,11,324,PostMonsoon
30.8,17.9,24.5,1014.9,52,33,14.7,360,0.0,3,0.0,25.9,50.0,11,325,PostMonsoon
29.5,18.3,23.9,1014.1,63,8,17.1,299,0.0,2,0.0,24.5,52.0,11,326,PostMonsoon
28.0,20.1,23.6,1012.8,69,1,16.8,288,0.0,0,0.0,23.9,63.0,11,327,PostMonsoon
29.2,18.6,23.9,1013.0,57,1,13.9,29,0.0,0,0.0,23.6,69.0,11,328,PostMonsoon
29.1,18.9,24.0,1015.3,47,7,18.4,59,0.0,0,0.0,23.9,57.0,11,329,PostMonsoon
28.6,19.5,23.9,1016.9,45,5,23.0,58,0.0,0,0.0,24.0,47.0,11,330,PostMonsoon
27.4,18.7,22.8,1016.1,54,1,16.5,311,0.0,0,0.0,23.9,45.0,11,331,PostMonsoon
27.4,17.3,22.2,1016.2,49,0,16.6,57,0.0,0,0.0,22.8,54.0,11,332,PostMonsoon
27.0,16.1,21.6,1017.2,40,0,11.8,58,0.0,0,0.0,22.2,49.0,11,333,PostMonsoon
27.2,15.8,21.3,1017.3,30,0,18.5,55,0.0,0,0.0,21.6,40.0,11,334,PostMonsoon
26.5,16.1,21.0,1017.2,34,0,17.4,54,0.0,0,0.0,21.3,30.0,11,335,PostMonsoon
25.8,14.0,19.9,1018.3,46,0,11.4,40,0.0,0,0.0,21.0,34.0,12,336,Winter
27.1,15.3,20.7,1020.0,38,0,21.7,50,0.0,0,0.0,19.9,46.0,12,337,Winter
26.6,15.0,20.7,1020.1,38,10,15.3,25,0.0,3,0.0,20.7,38.0,12,338,Winter
26.6,14.3,20.4,1018.1,45,60,11.0,24,0.0,3,0.0,20.7,38.0,12,339,Winter
26.4,14.4,20.8,1016.4,61,86,10.8,346,0.0,3,0.0,20.4,45.0,12,340,Winter
26.9,17.2,21.9,1014.0,65,57,11.2,352,0.0,3,0.0,20.8,61.0,12,341,Winter
26.6,16.3,21.2,1011.1,76,13,15.3,290,0.0,2,0.0,21.9,65.0,12,342,Winter
27.1,16.1,21.7,1011.9,72,9,10.1,334,0.0,2,0.0,21.2,76.0,12,343,Winter
29.1,18.3,23.0,1015.4,39,0,25.2,55,0.0,0,0.0,21.7,72.0,12,344,Winter
29.2,19.1,23.5,1017.1,35,4,27.0,52,0.0,1,0.0,23.0,39.0,12,345,Winter
29.9,20.2,24.3,1017.4,35,4,27.5,53,0.0,0,0.0,23.5,35.0,12,346,Winter
30.2,19.9,24.3,1016.8,32,0,23.7,58,0.0,0,0.0,24.3,35.0,12,347,Winter
30.1,18.2,23.5,1016.5,40,0,16.3,54,0.0,0,0.0,24.3,32.0,12,348,Winter
28.7,15.7,22.2,1016.2,52,0,13.0,343,0.0,0,0.0,23.5,40.0,12,349,Winter
28.0,15.6,21.6,1016.2,66,3,12.9,317,0.0,1,0.0,22.2,52.0,12,350,Winter
26.6,16.0,21.2,1016.0,75,7,15.9,296,0.0,1,0.0,21.6,66.0,12,351,Winter
25.9,17.9,21.7,1015.9,76,12,12.9,290,0.0,1,0.0,21.2,75.0,12,352,Winter
26.1,17.4,21.6,1016.0,71,26,13.0,347,0.0,2,0.0,21.7,76.0,12,353,Winter
25.7,17.2,21.4,1016.6,65,28,18.7,64,0.0,2,0.0,21.6,71.0,12,354,Winter
24.7,16.6,20.2,1019.9,58,38,29.4,59,0.0,3,0.0,21.4,65.0,12,355,Winter
24.3,15.6,19.7,1018.9,62,29,20.1,22,0.0,3,0.0,20.2,58.0,12,356,Winter
26.8,19.9,23.1,1013.0,70,48,25.0,284,0.0,3,0.0,19.7,62.0,12,357,Winter
25.5,16.8,21.1,1013.4,35,2,19.6,316,0.0,0,0.0,23.1,70.0,12,358,Winter
24.7,16.7,19.9,1015.8,39,71,24.7,67,0.0,3,0.0,21.1,35.0,12,359,Winter
24.2,15.6,19.6,1015.2,52,32,15.2,28,0.0,3,0.0,19.9,39.0,12,360,Winter
24.5,14.7,19.7,1016.4,55,3,18.9,90,0.0,0,0.0,19.6,52.0,12,361,Winter
24.2,15.5,19.4,1018.6,35,0,26.4,64,0.0,0,0.0,19.7,55.0,12,362,Winter
25.0,14.9,19.3,1019.1,37,0,24.0,60,0.0,0,0.0,19.4,35.0,12,363,Winter
25.1,13.5,19.0,1018.4,49,0,15.3,352,0.0,0,0.0,19.3,37.0,12,364,Winter
27.5,16.5,21.4,1016.6,63,0,11.6,325,0.0,0,0.0,19.0,49.0,12,365,Winter
26.5,16.6,20.9,1015.7,46,0,16.8,61,0.0,0,0.0,21.4,63.0,12,366,Winter
24.3,13.7,19.3,1014.9,67,0,17.0,219,0.0,0,0.0,20.9,46.0,1,1,Winter
25.1,16.6,20.7,1016.3,58,6,18.4,55,0.0,1,0.0,19.3,67.0,1,2,Winter
24.6,15.6,19.9,1018.1,48,0,21.8,89,0.0,0,0.0,20.7,58.0,1,3,Winter
24.4,14.9,19.9,1016.1,68,35,20.8,212,0.0,3,0.0,19.9,48.0,1,4,Winter
25.1,20.6,22.4,1011.7,71,48,32.5,248,0.5,51,0.0,19.9,68.0,1,5,Winter
24.5,17.9,21.4,1009.5,57,20,23.1,284,0.8,51,0.5,22.4,71.0,1,6,Winter
22.2,14.5,18.1,1010.9,43,0,19.1,32,0.0,0,0.8,21.4,57.0,1,7,Winter
21.0,10.8,15.9,1014.4,52,0,12.8,328,0.0,0,0.0,18.1,43.0,1,8,Winter
22.1,10.5,16.2,1017.8,51,0,19.4,82,0.0,0,0.0,15.9,52.0,1,9,Winter
22.4,10.7,16.8,1017.5,57,0,14.5,331,0.0,0,0.0,16.2,51.0,1,10,Winter
23.7,12.1,17.9,1014.9,58,0,9.5,321,0.0,0,0.0,16.8,57.0,1,11,Winter
23.4,12.9,17.7,1015.1,47,0,15.4,101,0.0,0,0.0,17.9,58.0,1,12,Winter
23.3,11.8,17.8,1015.8,72,1,14.4,316,0.0,0,0.0,17.7,47.0,1,13,Winter
24.4,14.4,18.9,1017.4,42,3,26.9,55,0.0,0,0.0,17.8,72.0,1,14,Winter
23.2,13.1,18.2,1016.2,44,13,15.1,83,0.0,2,0.0,18.9,42.0,1,15,Winter
25.0,15.6,20.0,1015.4,59,8,13.7,319,0.0,1,0.0,18.2,44.0,1,16,Winter
23.9,14.5,19.2,1015.4,43,0,18.7,58,0.0,0,0.0,20.0,59.0,1,17,Winter
23.5,14.3,19.2,1013.4,68,5,22.0,273,0.0,1,0.0,19.2,43.0,1,18,Winter
25.2,17.2,21.3,1012.2,45,7,25.5,304,0.0,1,0.0,19.2,68.0,1,19,Winter
22.7,14.1,18.0,1016.6,35,0,28.3,50,0.0,0,0.0,21.3,45.0,1,20,Winter
22.5,12.4,17.3,1016.5,43,0,17.8,11,0.0,0,0.0,18.0,35.0,1,21,Winter
25.4,11.4,18.1,1015.3,52,0,10.5,30,0.0,0,0.0,17.3,43.0,1,22,Winter
24.8,10.3,17.8,1014.0,52,0,13.7,341,0.0,0,0.0,18.1,52.0,1,23,Winter
24.6,13.6,19.1,1012.0,69,0,21.2,264,0.0,0,0.0,17.8,52.0,1,24,Winter
24.4,17.3,20.4,1011.1,73,15,25.1,265,0.0,2,0.0,19.1,69.0,1,25,Winter
25.1,16.5,20.5,1013.3,64,4,13.5,282,0.0,1,0.0,20.4,73.0,1,26,Winter
26.7,14.0,20.2,1018.2,43,0,16.8,52,0.0,0,0.0,20.5,64.0,1,27,Winter
26.6,13.6,19.9,1018.3,41,0,14.5,32,0.0,0,0.0,20.2,43.0,1,28,Winter
26.4,13.0,19.6,1016.4,55,28,12.8,317,0.0,3,0.0,19.9,41.0,1,29,Winter
24.6,14.0,19.4,1016.3,68,19,17.5,284,0.0,2,0.0,19.6,55.0,1,30,Winter
25.8,17.6,21.0,1015.0,71,14,15.6,280,0.0,2,0.0,19.4,68.0,1,31,Winter
27.2,14.5,20.7,1016.0,56,17,16.2,80,0.0,2,0.0,21.0,71.0,2,32,Winter
27.5,16.6,21.5,1015.7,45,33,15.8,60,0.0,3,0.0,20.7,56.0,2,33,Winter
25.3,15.2,20.4,1015.3,74,0,20.9,285,0.0,0,0.0,21.5,45.0,2,34,Winter
26.7,20.7,23.0,1014.4,74,8,26.1,282,0.0,1,0.0,20.4,74.0,2,35,Winter
24.3,18.4,21.4,1012.7,45,22,23.0,302,0.0,2,0.0,23.0,74.0,2,36,Winter
23.4,15.7,19.6,1014.4,31,1,23.5,308,0.0,0,0.0,21.4,45.0,2,37,Winter
21.4,13.8,18.0,1017.0,31,29,21.1,310,0.0,3,0.0,19.6,31.0,2,38,Winter
22.2,12.4,18.0,1017.2,32,0,20.2,332,0.0,0,0.0,18.0,31.0,2,39,Winter
23.9,10.9,17.8,1018.0,39,0,11.3,11,0.0,0,0.0,18.0,32.0,2,40,Winter
24.4,11.6,18.4,1018.6,41,0,13.4,358,0.0,0,0.0,17.8,39.0,2,41,Winter
24.7,12.2,18.8,1017.7,57,0,17.1,291,0.0,0,0.0,18.4,41.0,2,42,Winter
24.1,15.9,20.1,1014.2,68,24,19.6,281,0.0,2,0.0,18.8,57.0,2,43,Winter
24.4,19.8,21.9,1012.4,74,34,25.6,263,0.6,51,0.0,20.1,68.0,2,44,Winter
25.8,18.4,22.0,1012.7,67,3,21.1,264,0.0,0,0.6,21.9,74.0,2,45,Winter
26.5,20.6,22.7,1013.0,66,16,31.8,263,0.0,2,0.0,22.0,67.0,2,46,Winter
27.2,17.3,22.2,1013.5,44,0,25.6,297,0.0,0,0.0,22.7,66.0,2,47,Winter
25.4,15.8,20.6,1013.7,35,0,24.7,304,0.0,0,0.0,22.2,44.0,2,48,Winter
23.9,13.9,19.0,1016.9,26,11,27.4,332,0.0,2,0.0,20.6,35.0,2,49,Winter
24.5,13.9,19.1,1017.5,57,2,21.1,261,0.0,1,0.0,19.0,26.0,2,50,Winter
26.2,19.1,22.1,1015.5,61,0,28.1,268,0.0,0,0.0,19.1,57.0,2,51,Winter
31.2,17.8,23.8,1013.2,47,0,22.0,309,0.0,0,0.0,22.1,61.0,2,52,Winter
31.5,18.6,24.6,1012.4,42,3,19.1,305,0.0,1,0.0,23.8,47.0,2,53,Winter
30.0,15.9,22.8,1013.6,57,16,20.7,218,0.0,2,0.0,24.6,42.0,2,54,Winter
27.8,18.7,22.6,1014.6,82,51,18.8,254,0.0,3,0.0,22.8,57.0,2,55,Winter
26.8,19.1,22.1,1013.9,73,21,19.3,267,0.0,3,0.0,22.6,82.0,2,56,Winter
25.5,19.0,21.8,1013.7,67,14,24.4,270,0.0,1,0.0,22.1,73.0,2,57,Winter
25.4,15.0,20.2,1015.3,31,0,22.7,318,0.0,0,0.0,21.8,67.0,2,58,Winter
25.6,12.6,19.3,1015.8,58,8,17.1,283,0.0,2,0.0,20.2,31.0,2,59,Winter
28.7,13.6,20.6,1014.8,61,0,19.2,291,0.0,0,0.0,19.3,58.0,3,60,HotDry
28.4,14.7,21.5,1013.5,63,0,17.3,279,0.0,0,0.0,20.6,61.0,3,61,HotDry
28.8,16.5,22.1,1013.6,66,0,17.6,276,0.0,0,0.0,21.5,63.0,3,62,HotDry
29.1,15.3,22.4,1012.6,63,0,18.4,287,0.0,0,0.0,22.1,66.0,3,63,HotDry
29.8,17.0,22.9,1010.5,74,1,23.0,281,0.0,1,0.0,22.4,63.0,3,64,HotDry
31.5,17.1,23.7,1010.3,68,0,21.9,284,0.0,0,0.0,22.9,74.0,3,65,HotDry
32.8,17.9,24.8,1011.0,58,0,24.4,301,0.0,0,0.0,23.7,68.0,3,66,HotDry
33.5,17.7,25.4,1011.2,51,0,26.3,305,0.0,0,0.0,24.8,58.0,3,67,HotDry
34.0,20.7,26.3,1009.8,54,69,18.4,290,0.0,3,0.0,25.4,51.0,3,68,HotDry
33.8,18.6,26.2,1010.4,50,0,17.7,293,0.0,0,0.0,26.3,54.0,3,69,HotDry
31.3,21.2,24.9,1012.7,58,3,23.8,233,0.0,1,0.0,26.2,50.0,3,70,HotDry
28.9,18.2,23.4,1011.9,70,21,22.0,265,0.0,3,0.0,24.9,58.0,3,71,HotDry
28.5,21.1,24.1,1009.6,73,27,24.1,265,0.0,3,0.0,23.4,70.0,3,72,HotDry
28.9,19.8,23.7,1010.8,76,45,24.8,241,0.0,3,0.0,24.1,73.0,3,73,HotDry
29.2,18.4,23.7,1011.6,73,13,23.7,271,0.0,3,0.0,23.7,76.0,3,74,HotDry
30.6,19.2,24.6,1011.5,70,20,21.6,281,0.0,3,0.0,23.7,73.0,3,75,HotDry
29.6,22.3,25.4,1010.3,72,72,23.9,267,0.0,3,0.0,24.6,70.0,3,76,HotDry
29.7,22.7,25.6,1009.6,71,80,22.5,271,0.0,3,0.0,25.4,72.0,3,77,HotDry
28.5,21.3,24.7,1009.6,77,62,22.8,261,0.0,3,0.0,25.6,71.0,3,78,HotDry
28.0,22.9,24.9,1009.8,72,92,28.8,271,0.0,3,0.0,24.7,77.0,3,79,HotDry
26.7,22.4,24.2,1010.1,66,66,32.0,268,0.6,51,0.0,24.9,72.0,3,80,HotDry
27.0,20.9,23.6,1011.1,58,0,30.6,264,0.0,0,0.6,24.2,66.0,3,81,HotDry
28.6,20.3,23.8,1009.3,61,73,22.9,265,0.0,3,0.0,23.6,58.0,3,82,HotDry
27.7,19.7,23.4,1009.5,67,15,27.2,259,0.0,2,0.0,23.8,61.0,3,83,HotDry
27.6,19.0,23.2,1009.6,64,14,26.9,235,0.0,1,0.0,23.4,67.0,3,84,HotDry
27.8,19.7,23.7,1010.0,64,15,21.9,247,0.0,2,0.0,23.2,64.0,3,85,HotDry
28.0,19.2,23.7,1010.6,69,3,27.4,248,0.1,51,0.0,23.7,64.0,3,86,HotDry
28.4,20.5,24.3,1012.6,72,8,23.4,258,0.0,1,0.1,23.7,69.0,3,87,HotDry
29.4,20.6,24.6,1011.7,71,15,21.8,273,0.0,1,0.0,24.3,72.0,3,88,HotDry
30.1,20.7,24.8,1011.4,66,35,22.7,276,0.0,2,0.0,24.6,71.0,3,89,HotDry
29.4,22.5,25.2,1012.8,63,14,33.9,269,0.0,2,0.0,24.8,66.0,3,90,HotDry
32.2,19.0,25.6,1012.2,47,0,23.9,282,0.0,0,0.0,25.2,63.0,4,91,HotDry
31.3,19.2,25.2,1009.6,45,0,25.3,281,0.0,0,0.0,25.6,47.0,4,92,HotDry
31.9,19.3,25.5,1009.6,39,0,27.6,292,0.0,0,0.0,25.2,45.0,4,93,HotDry
33.0,20.2,26.4,1012.0,32,0,18.4,318,0.0,0,0.0,25.5,39.0,4,94,HotDry
32.7,17.7,25.4,1012.0,47,0,22.1,257,0.0,0,0.0,26.4,32.0,4,95,HotDry
33.5,19.2,26.1,1010.9,59,0,21.1,275,0.0,0,0.0,25.4,47.0,4,96,HotDry
33.9,20.5,27.1,1010.9,55,2,24.0,276,0.0,1,0.0,26.1,59.0,4,97,HotDry
34.1,22.8,27.9,1010.3,51,15,31.3,279,0.0,3,0.0,27.1,55.0,4,98,HotDry
32.6,24.0,27.4,1009.1,54,14,30.3,263,0.0,3,0.0,27.9,51.0,4,99,HotDry
34.8,23.0,28.2,1008.4,35,0,26.2,291,0.0,0,0.0,27.4,54.0,4,100,HotDry
35.5,21.7,27.9,1008.5,47,0,23.3,258,0.0,0,0.0,28.2,35.0,4,101,HotDry
36.9,22.5,28.5,1007.4,53,0,24.7,263,0.0,0,0.0,27.9,47.0,4,102,HotDry
33.9,22.8,28.0,1008.3,56,67,22.4,246,0.0,3,0.0,28.5,53.0,4,103,HotDry
33.6,21.8,27.5,1008.9,59,0,29.1,263,0.0,0,0.0,28.0,56.0,4,104,HotDry
32.6,22.8,27.0,1008.6,64,0,27.0,270,0.0,0,0.0,27.5,59.0,4,105,HotDry
34.0,23.0,27.8,1006.4,61,0,28.8,267,0.0,0,0.0,27.0,64.0,4,106,HotDry
33.6,23.5,27.7,1005.8,61,5,27.8,260,0.0,1,0.0,27.8,61.0,4,107,HotDry
33.0,22.8,27.2,1007.5,64,9,27.2,267,0.0,2,0.0,27.7,61.0,4,108,HotDry
34.7,22.6,27.8,1008.1,65,3,26.7,276,0.0,1,0.0,27.2,64.0,4,109,HotDry
35.4,22.0,28.2,1008.5,63,0,23.3,277,0.0,0,0.0,27.8,65.0,4,110,HotDry
32.6,23.0,27.4,1007.2,64,33,28.0,259,0.0,3,0.0,28.2,63.0,4,111,HotDry
31.7,24.0,27.2,1004.8,69,70,35.2,251,0.0,3,0.0,27.4,64.0,4,112,HotDry
32.1,24.1,27.4,1003.9,72,0,31.9,246,0.0,0,0.0,27.2,69.0,4,113,HotDry
31.3,23.7,27.1,1006.9,77,8,28.5,242,0.0,1,0.0,27.4,72.0,4,114,HotDry
32.3,24.9,28.1,1007.7,74,3,23.7,256,0.0,1,0.0,27.1,77.0,4,115,HotDry
36.1,25.6,30.3,1006.6,59,15,31.0,263,0.0,3,0.0,28.1,74.0,4,116,HotDry
34.4,26.8,29.9,1006.7,59,9,35.8,264,0.0,2,0.0,30.3,59.0,4,117,HotDry
36.2,26.1,30.0,1006.2,62,9,31.6,267,0.0,2,0.0,29.9,59.0,4,118,HotDry
35.1,26.3,30.0,1004.7,61,50,29.8,262,0.0,3,0.0,30.0,62.0,4,119,HotDry
34.4,27.4,30.4,1002.3,58,34,38.1,262,0.0,2,0.0,30.0,61.0,4,120,HotDry
33.2,25.6,28.7,1004.2,57,4,29.3,253,0.0,0,0.0,30.4,58.0,5,121,HotDry
33.1,24.6,28.3,1006.6,34,1,23.9,280,0.0,0,0.0,28.7,57.0,5,122,HotDry
32.3,21.6,27.1,1007.8,38,1,23.8,272,0.0,0,0.0,28.3,34.0,5,123,HotDry
35.2,20.3,28.0,1008.8,43,0,21.3,285,0.0,0,0.0,27.1,38.0,5,124,HotDry
37.6,23.1,30.0,1008.3,40,0,26.0,288,0.0,0,0.0,28.0,43.0,5,125,HotDry
37.4,23.0,29.9,1008.1,41,0,26.4,275,0.0,0,0.0,30.0,40.0,5,126,HotDry
36.1,22.8,28.8,1009.0,57,0,24.9,257,0.0,0,0.0,29.9,41.0,5,127,HotDry
36.6,22.5,29.1,1008.9,57,0,26.4,268,0.0,0,0.0,28.8,57.0,5,128,HotDry
34.4,25.5,29.5,1005.7,53,0,36.8,263,0.0,0,0.0,29.1,57.0,5,129,HotDry
35.4,26.1,30.0,1002.3,61,1,26.1,259,0.0,0,0.0,29.5,53.0,5,130,HotDry
36.4,25.1,30.0,1002.1,70,2,21.6,233,0.0,1,0.0,30.0,61.0,5,131,HotDry
34.8,25.5,29.5,1004.0,73,7,23.7,246,0.0,1,0.0,30.0,70.0,5,132,HotDry
34.0,25.2,29.1,1005.1,76,12,28.0,257,0.0,2,0.0,29.5,73.0,5,133,HotDry
34.4,26.0,29.7,1003.3,69,0,32.8,261,0.0,0,0.0,29.1,76.0,5,134,HotDry
34.8,26.5,30.0,1002.2,69,0,31.2,260,0.0,0,0.0,29.7,69.0,5,135,HotDry
33.9,25.8,29.3,1002.3,72,0,28.2,253,0.0,0,0.0,30.0,69.0,5,136,HotDry
34.4,25.3,29.2,1003.7,71,0,24.4,253,0.0,0,0.0,29.3,72.0,5,137,HotDry
35.4,24.7,29.3,1005.0,68,14,27.3,262,0.0,2,0.0,29.2,71.0,5,138,HotDry
34.5,25.1,29.1,1004.5,64,0,25.9,266,0.0,0,0.0,29.3,68.0,5,139,HotDry
33.6,24.9,28.7,1003.1,70,2,28.0,265,0.0,0,0.0,29.1,64.0,5,140,HotDry
33.5,25.6,29.2,1001.3,70,0,30.8,256,0.0,0,0.0,28.7,70.0,5,141,HotDry
36.9,26.0,30.7,999.8,68,0,21.1,237,0.0,0,0.0,29.2,70.0,5,142,HotDry
42.2,25.7,34.0,998.7,35,0,29.2,295,0.0,0,0.0,30.7,68.0,5,143,HotDry
42.9,27.1,34.7,999.3,21,0,23.3,300,0.0,0,0.0,34.0,35.0,5,144,HotDry
36.6,24.2,30.2,1000.4,62,0,23.8,214,0.0,0,0.0,34.7,21.0,5,145,HotDry
33.3,24.2,28.2,1001.2,79,19,24.8,194,0.0,3,0.0,30.2,62.0,5,146,HotDry
31.3,25.3,27.9,1001.5,79,43,28.5,241,0.0,3,0.0,28.2,79.0,5,147,HotDry
31.2,25.7,28.2,1002.0,75,30,34.9,249,0.0,2,0.0,27.9,79.0,5,148,HotDry
31.4,26.7,28.9,1002.2,70,50,35.6,245,0.0,2,0.0,28.2,75.0,5,149,HotDry
31.1,27.2,29.0,1003.1,72,66,29.3,238,0.2,51,0.0,28.9,70.0,5,150,HotDry
32.1,27.2,29.4,1005.6,67,37,24.5,233,0.2,51,0.2,29.0,72.0,5,151,HotDry
33.1,26.6,29.7,1006.3,68,10,21.1,252,0.0,1,0.2,29.4,67.0,6,152,Monsoon
33.4,27.3,30.1,1005.7,72,10,25.9,252,0.0,1,0.0,29.7,68.0,6,153,Monsoon
33.2,28.0,30.3,1003.6,71,32,33.7,248,0.0,2,0.0,30.1,72.0,6,154,Monsoon
33.0,28.6,30.4,1001.3,72,42,37.5,251,0.0,3,0.0,30.3,71.0,6,155,Monsoon
33.3,28.3,30.4,999.5,73,48,35.8,249,0.0,3,0.0,30.4,72.0,6,156,Monsoon
33.3,28.0,30.3,999.3,76,53,28.3,240,0.0,2,0.0,30.4,73.0,6,157,Monsoon
33.0,27.8,30.0,999.8,76,48,23.1,228,0.0,2,0.0,30.3,76.0,6,158,Monsoon
33.2,27.6,30.0,1000.9,74,21,21.7,245,0.0,1,0.0,30.0,76.0,6,159,Monsoon
34.3,27.2,30.2,999.7,72,23,22.0,268,0.0,3,0.0,30.0,74.0,6,160,Monsoon
35.6,27.9,31.3,997.1,74,38,22.0,267,0.0,3,0.0,30.2,72.0,6,161,Monsoon
39.1,28.5,33.1,997.5,63,58,16.3,36,0.2,51,0.0,31.3,74.0,6,162,Monsoon
39.0,30.2,34.5,998.3,54,92,27.4,107,1.1,53,0.2,33.1,63.0,6,163,Monsoon
35.3,28.0,30.8,999.5,71,57,27.5,171,0.0,3,1.1,34.5,54.0,6,164,Monsoon
33.7,28.5,30.5,997.8,74,41,27.4,214,0.0,2,0.0,30.8,71.0,6,165,Monsoon
33.3,28.4,30.4,996.1,75,39,27.2,234,0.2,51,0.0,30.5,74.0,6,166,Monsoon
33.5,27.8,30.2,997.4,77,24,22.9,210,0.0,2,0.2,30.4,75.0,6,167,Monsoon
33.0,26.9,29.7,999.3,76,36,23.2,231,0.0,2,0.0,30.2,77.0,6,168,Monsoon
33.0,27.5,29.9,1000.5,73,35,26.2,226,0.0,2,0.0,29.7,76.0,6,169,Monsoon
33.4,27.7,30.0,1000.9,72,27,22.1,212,0.0,2,0.0,29.9,73.0,6,170,Monsoon
33.1,27.2,29.8,1001.0,71,20,21.0,188,0.0,2,0.0,30.0,72.0,6,171,Monsoon
33.4,27.2,29.9,1001.7,70,20,22.4,200,0.0,1,0.0,29.8,71.0,6,172,Monsoon
33.3,27.5,30.0,1002.4,70,15,21.2,216,0.0,1,0.0,29.9,70.0,6,173,Monsoon
33.3,27.8,30.1,1001.6,71,21,22.4,228,0.0,2,0.0,30.0,70.0,6,174,Monsoon
33.0,27.8,29.9,1001.0,72,39,21.4,214,0.0,2,0.0,30.1,71.0,6,175,Monsoon
32.7,27.9,29.9,1001.1,70,38,23.2,219,0.0,3,0.0,29.9,72.0,6,176,Monsoon
32.5,27.9,29.9,1001.0,68,59,27.1,235,0.0,3,0.0,29.9,70.0,6,177,Monsoon
31.5,27.8,29.6,1000.6,70,61,28.0,243,0.4,51,0.0,29.9,68.0,6,178,Monsoon
31.8,27.8,29.8,999.5,73,61,23.7,245,0.1,51,0.4,29.6,70.0,6,179,Monsoon
33.0,27.8,30.1,999.1,73,49,20.9,243,0.0,3,0.1,29.8,73.0,6,180,Monsoon
33.3,28.2,30.3,998.2,70,51,29.7,246,0.0,3,0.0,30.1,73.0,6,181,Monsoon
32.7,28.4,30.3,997.3,72,75,37.5,251,0.0,3,0.0,30.3,70.0,7,182,Monsoon
32.0,28.2,29.9,997.7,73,54,41.7,250,0.6,51,0.0,30.3,72.0,7,183,Monsoon
31.8,28.0,29.6,1001.1,75,49,32.7,252,1.1,51,0.6,29.9,73.0,7,184,Monsoon
31.5,27.9,29.5,1001.5,74,54,36.2,250,1.1,51,1.1,29.6,75.0,7,185,Monsoon
31.8,27.8,29.5,1002.1,75,48,30.0,246,0.1,51,1.1,29.5,74.0,7,186,Monsoon
32.0,27.4,29.5,1003.9,75,44,22.9,252,0.0,3,0.1,29.5,75.0,7,187,Monsoon
32.2,27.4,29.5,1002.8,74,62,23.5,256,0.0,3,0.0,29.5,75.0,7,188,Monsoon
32.3,27.4,29.6,1003.0,72,63,23.6,250,0.0,3,0.0,29.5,74.0,7,189,Monsoon
32.1,27.6,29.6,1004.0,70,73,26.8,250,0.0,3,0.0,29.6,72.0,7,190,Monsoon
32.4,27.9,29.7,1004.0,72,56,32.7,256,0.1,51,0.0,29.6,70.0,7,191,Monsoon
31.1,27.6,29.1,1002.1,74,78,42.2,257,0.2,51,0.1,29.7,72.0,7,192,Monsoon
31.0,27.7,29.2,999.2,74,66,43.9,256,0.4,51,0.2,29.1,74.0,7,193,Monsoon
30.9,27.6,29.1,999.0,78,79,38.6,253,1.4,51,0.4,29.2,74.0,7,194,Monsoon
31.0,27.6,29.0,999.9,79,73,39.3,252,0.8,51,1.4,29.1,78.0,7,195,Monsoon
31.0,27.5,29.0,1000.8,78,62,30.9,248,0.5,51,0.8,29.0,79.0,7,196,Monsoon
31.2,27.2,29.0,1001.4,78,49,21.4,238,0.0,3,0.5,29.0,78.0,7,197,Monsoon
33.0,26.9,29.4,1000.7,76,47,22.7,259,0.0,3,0.0,29.0,78.0,7,198,Monsoon
32.5,27.1,29.2,998.5,79,79,25.3,268,0.0,3,0.0,29.4,76.0,7,199,Monsoon
32.0,27.0,28.9,998.7,79,61,29.9,250,0.0,3,0.0,29.2,79.0,7,200,Monsoon
31.4,27.1,28.9,998.9,78,61,31.6,246,0.0,3,0.0,28.9,79.0,7,201,Monsoon
31.2,27.1,28.9,998.3,76,65,27.1,243,0.0,3,0.0,28.9,78.0,7,202,Monsoon
34.1,26.9,29.7,998.3,75,63,23.9,272,0.8,51,0.0,28.9,76.0,7,203,Monsoon
31.1,27.8,28.7,996.1,83,96,17.6,336,50.7,65,0.8,29.7,75.0,7,204,Monsoon
33.8,26.7,29.3,995.0,83,99,25.1,8,24.6,63,50.7,28.7,83.0,7,205,Monsoon
29.5,26.6,28.0,995.0,85,100,26.5,332,16.2,61,24.6,29.3,83.0,7,206,Monsoon
27.2,25.9,26.4,992.7,88,100,50.5,259,116.5,65,16.2,28.0,85.0,7,207,Monsoon
28.6,26.4,27.3,996.5,84,73,46.3,249,13.8,63,116.5,26.4,88.0,7,208,Monsoon
28.6,26.4,27.3,999.3,88,99,35.6,247,0.0,3,13.8,27.3,84.0,7,209,Monsoon
28.5,26.2,27.2,999.1,85,98,40.2,246,1.2,51,0.0,27.3,88.0,7,210,Monsoon
28.8,26.3,27.4,998.4,84,83,43.1,241,1.2,51,1.2,27.2,85.0,7,211,Monsoon
29.2,26.6,27.6,999.7,85,72,37.2,245,1.1,51,1.2,27.4,84.0,7,212,Monsoon
29.2,26.5,27.6,999.8,86,52,36.4,250,1.0,51,1.1,27.6,85.0,8,213,Monsoon
29.6,26.3,27.6,1001.8,85,57,28.6,244,0.7,51,1.0,27.6,86.0,8,214,Monsoon
29.2,26.2,27.4,1003.8,83,47,20.6,237,0.2,51,0.7,27.6,85.0,8,215,Monsoon
28.6,25.8,27.0,1001.3,82,47,27.3,252,0.0,3,0.2,27.4,83.0,8,216,Monsoon
29.0,25.5,27.1,999.8,84,56,26.3,248,0.0,3,0.0,27.0,82.0,8,217,Monsoon
30.0,25.4,27.3,1002.0,82,40,15.8,248,0.0,3,0.0,27.1,84.0,8,218,Monsoon
29.2,25.9,27.2,1002.6,83,55,24.3,256,0.0,2,0.0,27.3,82.0,8,219,Monsoon
28.6,25.6,26.9,1001.9,84,50,28.3,253,0.0,3,0.0,27.2,83.0,8,220,Monsoon
28.7,25.7,27.0,1001.7,82,65,26.7,249,0.0,3,0.0,26.9,84.0,8,221,Monsoon
28.7,25.7,27.0,1002.5,80,64,27.5,251,0.0,3,0.0,27.0,82.0,8,222,Monsoon
28.7,25.6,27.0,1002.1,81,52,30.5,255,0.0,3,0.0,27.0,80.0,8,223,Monsoon
28.9,25.7,27.1,1001.1,80,58,30.4,257,0.0,3,0.0,27.0,81.0,8,224,Monsoon
29.4,25.7,27.4,1001.3,81,71,23.6,254,0.0,3,0.0,27.1,80.0,8,225,Monsoon
29.3,25.8,27.3,1002.0,84,46,23.2,255,0.0,3,0.0,27.4,81.0,8,226,Monsoon
29.4,25.9,27.4,1000.5,83,68,25.5,250,0.0,3,0.0,27.3,84.0,8,227,Monsoon
30.4,25.7,27.5,1000.4,83,50,17.8,245,0.0,3,0.0,27.4,83.0,8,228,Monsoon
31.0,25.8,28.0,1001.3,82,85,20.8,251,0.0,3,0.0,27.5,83.0,8,229,Monsoon
31.2,26.4,28.2,1001.3,85,96,25.9,257,3.7,61,0.0,28.0,82.0,8,230,Monsoon
30.7,26.8,28.3,1000.2,84,71,24.7,259,0.0,3,3.7,28.2,85.0,8,231,Monsoon
30.1,26.5,28.1,1000.5,84,96,24.6,254,0.0,3,0.0,28.3,84.0,8,232,Monsoon
30.5,26.7,28.2,1001.8,83,88,28.6,253,0.0,3,0.0,28.1,84.0,8,233,Monsoon
30.1,26.7,28.1,1001.1,81,93,31.0,251,0.0,3,0.0,28.2,83.0,8,234,Monsoon
30.7,26.7,28.3,1000.2,80,96,21.6,247,0.0,3,0.0,28.1,81.0,8,235,Monsoon
31.5,26.7,28.7,1000.7,79,54,24.7,249,0.0,3,0.0,28.3,80.0,8,236,Monsoon
31.5,26.9,28.7,1001.0,81,79,21.7,257,0.0,3,0.0,28.7,79.0,8,237,Monsoon
32.3,26.7,28.8,1000.8,78,82,26.0,262,0.0,3,0.0,28.7,81.0,8,238,Monsoon
30.9,26.7,28.3,999.2,79,97,26.7,250,0.0,3,0.0,28.8,78.0,8,239,Monsoon
30.6,26.2,28.0,999.5,78,66,22.7,241,0.0,3,0.0,28.3,79.0,8,240,Monsoon
30.8,25.7,27.8,1000.7,77,37,22.1,241,0.0,2,0.0,28.0,78.0,8,241,Monsoon
30.6,25.8,27.7,1002.6,75,37,19.6,243,0.0,2,0.0,27.8,77.0,8,242,Monsoon
29.9,25.5,27.3,1003.9,75,41,22.3,258,0.0,2,0.0,27.7,75.0,8,243,Monsoon
30.2,25.4,27.4,1004.6,73,34,22.2,253,0.0,2,0.0,27.3,75.0,9,244,Monsoon
30.8,25.2,27.5,1006.3,75,30,23.2,256,0.0,2,0.0,27.4,73.0,9,245,Monsoon
30.5,25.5,27.5,1006.3,74,39,23.0,248,0.0,2,0.0,27.5,75.0,9,246,Monsoon
29.9,25.3,27.3,1004.2,74,42,31.0,251,0.0,2,0.0,27.5,74.0,9,247,Monsoon
30.1,25.8,27.5,1001.0,77,54,32.4,248,0.0,3,0.0,27.3,74.0,9,248,Monsoon
31.0,25.6,27.8,999.9,82,44,27.4,239,0.0,3,0.0,27.5,77.0,9,249,Monsoon
30.9,25.7,27.8,1001.3,81,66,23.4,232,0.0,3,0.0,27.8,82.0,9,250,Monsoon
30.6,25.6,27.7,1003.0,78,53,22.1,230,0.0,3,0.0,27.8,81.0,9,251,Monsoon
30.2,25.8,27.6,1005.7,77,45,19.4,241,0.0,2,0.0,27.7,78.0,9,252,Monsoon
30.6,25.6,27.6,1006.2,75,34,25.1,257,0.0,1,0.0,27.6,77.0,9,253,Monsoon
30.3,26.0,27.7,1004.6,72,43,29.2,255,0.0,2,0.0,27.6,75.0,9,254,Monsoon
30.2,25.8,27.7,1003.7,71,42,28.0,252,0.0,3,0.0,27.7,72.0,9,255,Monsoon
30.9,25.9,28.1,1003.8,69,43,23.0,247,0.0,3,0.0,27.7,71.0,9,256,Monsoon
30.7,25.9,28.1,1004.9,71,45,19.4,236,0.0,3,0.0,28.1,69.0,9,257,Monsoon
31.2,24.9,27.7,1005.8,73,9,18.6,240,0.0,1,0.0,28.1,71.0,9,258,Monsoon
31.2,25.4,27.9,1005.6,74,26,21.5,255,0.0,3,0.0,27.7,73.0,9,259,Monsoon
31.1,26.1,28.0,1005.8,72,29,24.8,254,0.0,2,0.0,27.9,74.0,9,260,Monsoon
30.8,26.3,28.1,1005.2,72,24,30.3,255,0.0,1,0.0,28.0,72.0,9,261,Monsoon
30.5,26.4,28.2,1005.1,72,44,27.9,250,0.0,2,0.0,28.1,72.0,9,262,Monsoon
30.9,26.4,28.3,1007.4,72,49,20.3,248,0.0,2,0.0,28.2,72.0,9,263,Monsoon
31.3,25.9,28.1,1007.7,73,14,20.6,257,0.0,1,0.0,28.3,72.0,9,264,Monsoon
31.0,26.1,28.0,1006.1,76,23,26.0,259,0.0,2,0.0,28.1,73.0,9,265,Monsoon
31.2,26.3,28.2,1006.3,76,23,25.6,246,0.0,3,0.0,28.0,76.0,9,266,Monsoon
32.9,25.8,28.5,1005.5,75,6,18.9,220,0.0,1,0.0,28.2,76.0,9,267,Monsoon
34.9,25.2,28.9,1004.6,69,2,21.9,175,0.0,0,0.0,28.5,75.0,9,268,Monsoon
33.9,24.1,28.7,1005.4,70,5,20.0,227,0.0,0,0.0,28.9,69.0,9,269,Monsoon
33.3,24.9,28.5,1006.6,74,5,21.3,252,0.0,0,0.0,28.7,70.0,9,270,Monsoon
32.5,25.1,28.0,1007.7,73,12,22.3,260,0.0,2,0.0,28.5,74.0,9,271,Monsoon
31.2,24.4,27.3,1008.9,78,4,22.7,255,0.0,1,0.0,28.0,73.0,9,272,Monsoon
31.9,24.5,27.3,1009.5,77,21,21.7,262,0.0,3,0.0,27.3,78.0,9,273,Monsoon
32.4,24.6,27.7,1008.8,76,12,22.9,265,0.0,2,0.0,27.3,77.0,10,274,PostMonsoon
31.1,25.4,27.7,1008.6,77,13,27.6,261,0.0,1,0.0,27.7,76.0,10,275,PostMonsoon
30.8,25.5,27.7,1009.2,77,14,31.4,262,0.0,2,0.0,27.7,77.0,10,276,PostMonsoon
30.9,25.9,28.0,1008.4,77,17,31.2,258,0.0,2,0.0,27.7,77.0,10,277,PostMonsoon
31.2,25.8,28.1,1006.0,77,29,24.3,241,0.0,2,0.0,28.0,77.0,10,278,PostMonsoon
31.2,25.8,27.9,1007.9,77,16,18.0,235,0.0,1,0.0,28.1,77.0,10,279,PostMonsoon
31.3,25.0,27.2,1008.8,76,31,23.8,273,0.0,3,0.0,27.9,77.0,10,280,PostMonsoon
31.5,24.8,27.5,1007.3,78,7,27.0,262,0.0,2,0.0,27.2,76.0,10,281,PostMonsoon
31.0,25.2,27.5,1005.6,80,18,20.5,236,0.0,1,0.0,27.5,78.0,10,282,PostMonsoon
30.4,25.1,27.4,1006.9,79,43,20.6,237,0.0,3,0.0,27.5,80.0,10,283,PostMonsoon
30.0,25.1,27.3,1007.1,78,39,25.7,250,0.0,3,0.0,27.4,79.0,10,284,PostMonsoon
31.0,25.5,27.7,1007.6,79,28,20.8,248,0.0,3,0.0,27.3,78.0,10,285,PostMonsoon
30.8,25.3,27.4,1009.4,80,17,17.7,246,0.0,3,0.0,27.7,79.0,10,286,PostMonsoon
32.3,24.7,27.7,1009.4,77,17,20.6,268,0.0,2,0.0,27.4,80.0,10,287,PostMonsoon
34.1,23.0,28.2,1008.7,72,15,15.7,254,0.0,3,0.0,27.7,77.0,10,288,PostMonsoon
33.9,22.5,28.0,1009.4,68,0,17.3,242,0.0,0,0.0,28.2,72.0,10,289,PostMonsoon
35.4,22.7,28.4,1010.6,65,12,17.6,283,0.0,2,0.0,28.0,68.0,10,290,PostMonsoon
32.7,23.7,27.1,1009.4,73,14,23.2,263,0.0,2,0.0,28.4,65.0,10,291,PostMonsoon
30.1,23.9,26.7,1009.2,78,22,22.3,244,0.0,2,0.0,27.1,73.0,10,292,PostMonsoon
29.6,24.2,26.7,1011.6,77,29,14.8,238,0.0,2,0.0,26.7,78.0,10,293,PostMonsoon
30.6,24.0,26.4,1012.6,74,12,15.8,253,0.0,2,0.0,26.7,77.0,10,294,PostMonsoon
31.9,21.2,26.3,1013.3,69,13,16.0,291,0.0,3,0.0,26.4,74.0,10,295,PostMonsoon
33.3,22.4,27.5,1012.8,59,0,20.7,301,0.0,0,0.0,26.3,69.0,10,296,PostMonsoon
33.9,23.2,27.8,1013.2,53,0,16.8,301,0.0,0,0.0,27.5,59.0,10,297,PostMonsoon
32.5,21.7,26.9,1013.1,68,0,18.3,272,0.0,0,0.0,27.8,53.0,10,298,PostMonsoon
32.7,21.1,26.5,1013.3,71,0,18.4,281,0.0,0,0.0,26.9,68.0,10,299,PostMonsoon
34.1,21.8,27.1,1012.1,67,0,20.8,277,0.0,0,0.0,26.5,71.0,10,300,PostMonsoon
34.4,20.2,27.4,1010.0,57,0,13.2,41,0.0,0,0.0,27.1,67.0,10,301,PostMonsoon
35.5,21.9,28.5,1010.9,31,0,13.2,22,0.0,0,0.0,27.4,57.0,10,302,PostMonsoon
35.0,20.9,27.8,1012.0,38,0,13.2,11,0.0,0,0.0,28.5,31.0,10,303,PostMonsoon
34.9,20.4,27.6,1013.8,42,0,13.4,29,0.0,0,0.0,27.8,38.0,10,304,PostMonsoon
34.1,20.7,27.1,1014.0,48,5,19.5,294,0.0,1,0.0,27.6,42.0,11,305,PostMonsoon
31.4,22.8,26.4,1013.2,63,0,24.4,262,0.0,0,0.0,27.1,48.0,11,306,PostMonsoon
30.1,24.0,26.3,1011.2,76,2,23.7,256,0.0,0,0.0,26.4,63.0,11,307,PostMonsoon
30.2,24.5,26.7,1010.3,81,19,17.7,241,0.0,2,0.0,26.3,76.0,11,308,PostMonsoon
32.6,24.3,27.4,1011.5,69,29,13.8,285,0.0,3,0.0,26.7,81.0,11,309,PostMonsoon
31.9,20.5,26.5,1013.1,50,0,13.3,62,0.0,0,0.0,27.4,69.0,11,310,PostMonsoon
32.4,22.3,26.9,1016.0,27,0,26.7,61,0.0,0,0.0,26.5,50.0,11,311,PostMonsoon
32.4,20.8,26.3,1016.6,28,0,18.2,59,0.0,0,0.0,26.9,27.0,11,312,PostMonsoon
31.9,18.5,25.2,1015.3,41,0,12.8,351,0.0,0,0.0,26.3,28.0,11,313,PostMonsoon
31.7,18.6,25.0,1013.0,55,20,16.2,309,0.0,2,0.0,25.2,41.0,11,314,PostMonsoon
32.4,18.6,25.3,1010.9,60,0,12.1,343,0.0,0,0.0,25.0,55.0,11,315,PostMonsoon
33.1,19.2,26.1,1011.7,48,0,10.5,21,0.0,0,0.0,25.3,60.0,11,316,PostMonsoon
33.8,21.1,27.1,1013.2,36,0,19.0,36,0.0,0,0.0,26.1,48.0,11,317,PostMonsoon
32.7,21.3,26.4,1014.0,46,0,15.9,354,0.0,0,0.0,27.1,36.0,11,318,PostMonsoon
32.8,19.4,25.7,1013.6,59,0,17.4,298,0.0,0,0.0,26.4,46.0,11,319,PostMonsoon
31.7,21.1,25.6,1013.7,71,0,16.5,276,0.0,0,0.0,25.7,59.0,11,320,PostMonsoon
30.7,21.5,25.4,1014.2,79,28,16.8,266,0.0,3,0.0,25.6,71.0,11,321,PostMonsoon
29.1,22.9,25.3,1012.6,82,45,19.7,263,0.0,3,0.0,25.4,79.0,11,322,PostMonsoon
28.7,22.6,25.2,1013.8,81,40,13.2,225,0.0,3,0.0,25.3,82.0,11,323,PostMonsoon
30.0,20.3,24.9,1015.4,73,2,15.8,284,0.0,0,0.0,25.2,81.0,11,324,PostMonsoon
28.1,20.4,24.0,1016.3,82,19,15.0,276,0.0,3,0.0,24.9,73.0,11,325,PostMonsoon
27.9,22.3,24.7,1015.1,78,24,23.9,265,0.0,2,0.0,24.0,82.0,11,326,PostMonsoon
29.0,23.6,25.7,1014.5,75,46,19.9,271,0.0,3,0.0,24.7,78.0,11,327,PostMonsoon
28.3,21.7,24.8,1015.1,71,44,21.2,72,0.0,3,0.0,25.7,75.0,11,328,PostMonsoon
28.2,20.6,24.5,1017.7,63,33,16.5,29,0.0,3,0.0,24.8,71.0,11,329,PostMonsoon
28.3,21.1,24.6,1020.3,55,37,26.0,46,0.0,3,0.0,24.5,63.0,11,330,PostMonsoon
27.7,19.4,23.6,1018.9,64,0,17.7,310,0.0,0,0.0,24.6,55.0,11,331,PostMonsoon
28.0,19.1,23.6,1017.8,75,4,16.1,266,0.0,0,0.0,23.6,64.0,11,332,PostMonsoon
28.9,20.1,24.4,1018.8,59,15,14.8,63,0.0,3,0.0,23.6,75.0,11,333,PostMonsoon
28.7,19.6,23.7,1019.9,42,1,22.5,49,0.0,0,0.0,24.4,59.0,11,334,PostMonsoon
28.2,19.7,23.6,1020.2,33,5,34.5,46,0.0,1,0.0,23.7,42.0,12,335,Winter
28.0,20.5,23.9,1020.6,35,15,35.9,54,0.0,2,0.0,23.6,33.0,12,336,Winter
28.8,20.2,23.9,1020.7,33,6,29.5,57,0.0,1,0.0,23.9,35.0,12,337,Winter
28.1,18.2,22.9,1019.8,40,8,15.9,49,0.0,1,0.0,23.9,33.0,12,338,Winter
27.5,15.9,21.8,1017.7,58,7,14.9,312,0.0,2,0.0,22.9,40.0,12,339,Winter
27.1,17.7,22.1,1017.4,68,27,14.7,294,0.0,3,0.0,21.8,58.0,12,340,Winter
26.9,17.4,22.1,1017.0,72,51,14.5,296,0.0,3,0.0,22.1,68.0,12,341,Winter
26.3,18.0,22.2,1015.8,81,20,15.5,266,0.0,2,0.0,22.1,72.0,12,342,Winter
26.8,20.3,23.1,1016.7,80,27,15.1,291,0.2,51,0.0,22.2,81.0,12,343,Winter
26.6,20.0,23.0,1016.7,75,10,13.6,299,0.0,1,0.2,23.1,80.0,12,344,Winter
25.8,17.5,21.6,1017.0,72,1,11.0,330,0.0,0,0.0,23.0,75.0,12,345,Winter
27.2,17.6,22.2,1017.7,56,45,18.5,64,0.0,3,0.0,21.6,72.0,12,346,Winter
26.8,18.8,22.3,1018.6,47,54,24.8,59,0.0,3,0.0,22.2,56.0,12,347,Winter
26.7,17.8,21.7,1018.6,41,17,28.7,54,0.0,2,0.0,22.3,47.0,12,348,Winter
26.9,18.3,21.9,1018.6,41,88,28.5,57,0.0,3,0.0,21.7,41.0,12,349,Winter
27.5,18.9,22.5,1018.4,43,94,24.2,61,0.0,3,0.0,21.9,41.0,12,350,Winter
27.0,17.8,22.0,1018.1,46,85,22.0,66,0.0,3,0.0,22.5,43.0,12,351,Winter
26.6,17.2,21.8,1017.7,53,87,12.1,354,0.0,3,0.0,22.0,46.0,12,352,Winter
23.8,19.3,21.1,1016.0,79,41,11.3,322,1.8,53,0.0,21.8,53.0,12,353,Winter
23.1,16.6,19.5,1014.3,70,53,12.4,356,0.2,51,1.8,21.1,79.0,12,354,Winter
22.1,15.6,18.5,1015.4,59,39,24.7,65,0.0,3,0.2,19.5,70.0,12,355,Winter
22.4,14.1,18.3,1014.4,61,2,13.5,19,0.0,0,0.0,18.5,59.0,12,356,Winter
22.8,16.7,19.4,1012.3,63,5,17.4,275,0.0,1,0.0,18.3,61.0,12,357,Winter
23.2,12.5,18.2,1013.0,62,0,11.4,336,0.0,0,0.0,19.4,63.0,12,358,Winter
23.7,11.5,17.7,1015.5,53,0,16.6,3,0.0,0,0.0,18.2,62.0,12,359,Winter
22.7,13.5,17.8,1018.1,45,0,16.6,59,0.0,0,0.0,17.7,53.0,12,360,Winter
22.4,11.9,17.2,1016.4,48,3,13.0,47,0.0,1,0.0,17.8,45.0,12,361,Winter
23.3,13.0,17.8,1016.2,48,15,13.4,65,0.0,2,0.0,17.2,48.0,12,362,Winter
23.7,13.6,18.2,1017.2,45,0,18.5,47,0.0,0,0.0,17.8,48.0,12,363,Winter
24.1,13.8,18.5,1016.4,52,0,13.8,30,0.0,0,0.0,18.2,45.0,12,364,Winter
24.2,13.6,18.6,1016.5,52,0,16.7,58,0.0,0,0.0,18.5,52.0,12,365,Winter
23.9,13.1,18.5,1016.2,63,0,14.8,328,0.0,0,0.0,18.6,52.0,1,1,Winter
24.2,15.1,19.7,1015.0,70,5,15.3,266,0.0,1,0.0,18.5,63.0,1,2,Winter
23.6,17.7,20.2,1015.6,80,25,13.0,271,0.2,51,0.0,19.7,70.0,1,3,Winter
25.1,16.3,20.3,1018.0,66,13,18.5,57,0.0,2,0.2,20.2,80.0,1,4,Winter
25.0,16.1,20.0,1019.3,51,0,24.4,59,0.0,0,0.0,20.3,66.0,1,5,Winter
24.6,15.1,19.6,1018.8,60,0,16.6,1,0.0,0,0.0,20.0,51.0,1,6,Winter
25.0,15.7,20.0,1019.8,59,0,22.6,65,0.0,0,0.0,19.6,60.0,1,7,Winter
24.5,15.1,19.6,1020.5,51,0,22.0,55,0.0,0,0.0,20.0,59.0,1,8,Winter
25.3,14.2,19.5,1019.2,53,0,13.4,42,0.0,0,0.0,19.6,51.0,1,9,Winter
25.2,14.0,19.6,1017.9,58,0,13.0,11,0.0,0,0.0,19.5,53.0,1,10,Winter
25.5,15.0,20.0,1017.2,78,13,15.2,284,0.0,2,0.0,19.6,58.0,1,11,Winter
25.2,15.3,20.1,1015.8,82,24,15.3,284,0.0,3,0.0,20.0,78.0,1,12,Winter
27.3,17.6,21.9,1013.9,76,20,14.8,283,0.0,3,0.0,20.1,82.0,1,13,Winter
27.5,16.2,21.8,1013.9,71,0,12.7,73,0.0,0,0.0,21.9,76.0,1,14,Winter
26.4,15.9,21.0,1015.2,69,0,15.1,211,0.0,0,0.0,21.8,71.0,1,15,Winter
26.0,16.6,21.0,1014.8,77,12,14.9,282,0.0,3,0.0,21.0,69.0,1,16,Winter
26.1,17.4,21.5,1013.7,78,3,16.3,269,0.0,0,0.0,21.0,77.0,1,17,Winter
25.9,17.5,21.3,1015.3,79,29,12.2,300,0.0,3,0.0,21.5,78.0,1,18,Winter
27.6,16.8,21.8,1017.9,62,9,12.8,33,0.0,1,0.0,21.3,79.0,1,19,Winter
26.9,15.8,21.5,1017.7,68,51,19.7,291,0.0,3,0.0,21.8,62.0,1,20,Winter
27.2,20.9,23.3,1014.9,75,56,19.4,274,0.0,3,0.0,21.5,68.0,1,21,Winter
27.5,17.1,22.3,1015.1,68,0,16.4,283,0.0,0,0.0,23.3,75.0,1,22,Winter
28.4,16.3,22.0,1016.4,69,0,15.5,301,0.0,0,0.0,22.3,68.0,1,23,Winter
26.7,15.3,21.2,1016.4,72,3,14.5,285,0.0,1,0.0,22.0,69.0,1,24,Winter
26.5,15.9,21.0,1015.9,73,9,20.3,274,0.0,2,0.0,21.2,72.0,1,25,Winter
27.2,19.6,22.8,1014.4,75,17,28.6,264,0.0,2,0.0,21.0,73.0,1,26,Winter
24.4,18.6,21.7,1013.2,36,45,28.8,303,0.0,3,0.0,22.8,75.0,1,27,Winter
25.0,15.2,20.0,1014.6,23,71,21.6,352,0.0,3,0.0,21.7,36.0,1,28,Winter
25.6,16.2,20.5,1016.7,22,97,25.7,67,0.0,3,0.0,20.0,23.0,1,29,Winter
26.4,15.7,20.7,1017.1,33,49,19.2,64,0.0,3,0.0,20.5,22.0,1,30,Winter
24.8,18.8,21.1,1016.0,53,16,19.8,287,0.0,3,0.0,20.7,33.0,1,31,Winter
25.2,14.6,20.1,1016.3,37,46,16.6,23,0.0,3,0.0,21.1,53.0,2,32,Winter
25.6,13.7,19.7,1016.8,37,14,15.5,48,0.0,3,0.0,20.1,37.0,2,33,Winter
26.1,12.5,19.6,1017.5,49,24,13.9,334,0.0,3,0.0,19.7,37.0,2,34,Winter
27.1,15.1,20.9,1016.6,63,0,12.2,305,0.0,0,0.0,19.6,49.0,2,35,Winter
26.8,16.2,21.3,1014.0,77,15,16.4,281,0.0,3,0.0,20.9,63.0,2,36,Winter
25.3,17.3,21.1,1014.4,82,84,14.7,279,0.0,3,0.0,21.3,77.0,2,37,Winter
26.4,16.9,21.5,1015.5,81,55,17.7,284,0.0,3,0.0,21.1,82.0,2,38,Winter
28.7,18.4,23.2,1014.4,78,72,14.9,294,0.0,3,0.0,21.5,81.0,2,39,Winter
26.1,20.9,23.1,1014.7,70,62,19.2,79,1.3,51,0.0,23.2,78.0,2,40,Winter
28.0,18.6,22.9,1016.5,58,40,29.4,64,0.0,3,1.3,23.1,70.0,2,41,Winter
27.1,20.7,23.3,1016.7,48,94,25.5,66,0.1,51,0.0,22.9,58.0,2,42,Winter
25.4,18.2,21.2,1015.5,61,78,21.0,70,3.6,55,0.1,23.3,48.0,2,43,Winter
23.9,19.0,20.8,1014.0,79,40,18.4,282,0.9,53,3.6,21.2,61.0,2,44,Winter
24.5,15.7,19.8,1014.0,70,4,14.5,320,0.0,1,0.9,20.8,79.0,2,45,Winter
24.8,14.9,19.8,1014.6,62,15,14.5,52,0.0,3,0.0,19.8,70.0,2,46,Winter
25.0,14.4,20.2,1012.8,65,23,20.1,194,0.0,2,0.0,19.8,62.0,2,47,Winter
24.8,19.0,21.8,1009.1,58,24,34.6,280,3.9,61,0.0,20.2,65.0,2,48,Winter
22.5,13.3,18.4,1013.1,58,21,15.8,48,0.0,3,3.9,21.8,58.0,2,49,Winter
24.1,13.7,19.3,1014.3,65,0,14.4,332,0.0,0,0.0,18.4,58.0,2,50,Winter
25.0,15.1,20.4,1014.3,63,0,18.7,293,0.0,0,0.0,19.3,65.0,2,51,Winter
25.2,15.1,20.7,1013.0,69,1,20.9,282,0.0,0,0.0,20.4,63.0,2,52,Winter
26.2,20.0,22.6,1010.8,74,13,29.6,275,0.0,2,0.0,20.7,69.0,2,53,Winter
26.8,21.0,23.3,1007.5,77,9,31.4,265,0.0,1,0.0,22.6,74.0,2,54,Winter
26.6,21.4,23.4,1007.3,72,16,33.8,264,0.0,2,0.0,23.3,77.0,2,55,Winter
25.9,20.5,22.8,1008.6,58,7,27.1,259,0.0,1,0.0,23.4,72.0,2,56,Winter
23.0,19.0,20.9,1009.0,70,82,30.6,246,2.7,61,0.0,22.8,58.0,2,57,Winter
25.0,18.8,21.3,1007.6,63,30,24.5,259,2.0,53,2.7,20.9,70.0,2,58,Winter
22.4,14.5,18.7,1011.1,41,0,23.4,301,0.0,0,2.0,21.3,63.0,2,59,Winter
25.7,14.0,19.8,1014.9,53,0,16.0,98,0.0,0,0.0,18.7,41.0,3,60,HotDry
25.4,14.6,20.1,1013.7,62,0,23.2,260,0.0,0,0.0,19.8,53.0,3,61,HotDry
25.7,16.9,21.3,1009.9,65,0,21.9,241,0.0,0,0.0,20.1,62.0,3,62,HotDry
25.3,17.5,21.3,1010.9,65,10,19.8,260,0.0,1,0.0,21.3,65.0,3,63,HotDry
28.6,16.1,22.5,1012.4,57,0,16.7,312,0.0,0,0.0,21.3,65.0,3,64,HotDry
29.5,15.8,23.0,1014.9,48,0,19.4,318,0.0,0,0.0,22.5,57.0,3,65,HotDry
29.7,17.0,23.4,1016.3,50,0,22.5,285,0.0,0,0.0,23.0,48.0,3,66,HotDry
27.9,19.5,23.1,1014.9,65,0,27.8,265,0.0,0,0.0,23.4,50.0,3,67,HotDry
28.3,20.0,23.3,1013.5,73,0,20.6,257,0.0,0,0.0,23.1,65.0,3,68,HotDry
27.9,19.9,23.2,1012.5,83,37,19.5,239,0.0,3,0.0,23.3,73.0,3,69,HotDry
32.2,20.4,26.2,1013.6,48,22,28.2,60,0.0,3,0.0,23.2,83.0,3,70,HotDry
31.6,19.8,25.7,1015.1,35,0,17.7,17,0.0,0,0.0,26.2,48.0,3,71,HotDry
30.3,19.5,24.5,1013.9,57,0,20.3,273,0.0,0,0.0,25.7,35.0,3,72,HotDry
29.9,20.1,24.2,1011.9,74,0,20.2,249,0.0,0,0.0,24.5,57.0,3,73,HotDry
28.3,20.8,24.0,1012.5,77,6,23.5,254,0.0,1,0.0,24.2,74.0,3,74,HotDry
27.8,21.6,23.9,1012.9,80,56,21.9,259,0.0,3,0.0,24.0,77.0,3,75,HotDry
28.6,21.5,24.3,1013.0,79,36,24.0,258,0.0,3,0.0,23.9,80.0,3,76,HotDry
29.1,18.1,23.3,1014.3,78,33,20.9,266,0.0,3,0.0,24.3,79.0,3,77,HotDry
29.2,19.1,23.9,1013.5,70,55,26.7,271,0.0,3,0.0,23.3,78.0,3,78,HotDry
28.1,21.2,24.0,1011.6,78,88,32.2,264,0.0,3,0.0,23.9,70.0,3,79,HotDry
28.1,22.4,24.8,1010.0,79,77,35.0,254,0.0,3,0.0,24.0,78.0,3,80,HotDry
27.1,20.5,24.0,1010.1,31,39,31.8,300,0.0,3,0.0,24.8,79.0,3,81,HotDry
26.8,17.6,22.2,1011.9,28,12,28.6,302,0.0,1,0.0,24.0,31.0,3,82,HotDry
28.7,16.8,22.8,1010.9,42,13,22.6,285,0.0,3,0.0,22.2,28.0,3,83,HotDry
29.5,19.5,24.0,1009.2,63,55,25.3,237,0.0,3,0.0,22.8,42.0,3,84,HotDry
28.3,22.8,25.2,1007.4,76,80,25.2,253,0.0,3,0.0,24.0,63.0,3,85,HotDry
29.2,21.7,25.0,1007.5,60,40,16.6,110,0.6,51,0.0,25.2,76.0,3,86,HotDry
28.6,20.8,24.3,1008.5,69,4,29.0,248,0.0,1,0.6,25.0,60.0,3,87,HotDry
27.2,20.7,23.9,1010.4,70,18,18.4,227,0.1,51,0.0,24.3,69.0,3,88,HotDry
28.7,18.9,23.6,1012.0,69,6,23.5,257,0.0,1,0.1,23.9,70.0,3,89,HotDry
29.2,18.1,23.7,1012.3,67,7,26.3,284,0.0,1,0.0,23.6,69.0,3,90,HotDry
31.1,18.9,25.1,1012.7,59,14,24.5,282,0.0,3,0.0,23.7,67.0,4,91,HotDry
30.3,20.8,25.6,1011.2,56,35,26.9,276,0.0,3,0.0,25.1,59.0,4,92,HotDry
32.6,20.5,26.5,1010.9,60,0,23.4,279,0.0,0,0.0,25.6,56.0,4,93,HotDry
33.0,22.5,26.8,1008.0,71,0,23.9,253,0.0,0,0.0,26.5,60.0,4,94,HotDry
31.8,23.3,27.2,1004.6,77,7,23.4,219,0.0,2,0.0,26.8,71.0,4,95,HotDry
32.3,25.4,28.2,1004.5,58,0,31.7,252,0.0,0,0.0,27.2,77.0,4,96,HotDry
31.8,24.2,27.4,1008.8,51,0,30.1,269,0.0,0,0.0,28.2,58.0,4,97,HotDry
31.8,22.6,26.6,1009.9,62,1,24.5,265,0.0,0,0.0,27.4,51.0,4,98,HotDry
31.3,21.1,26.0,1006.8,69,23,23.3,254,0.0,3,0.0,26.6,62.0,4,99,HotDry
33.3,22.9,28.0,1004.9,58,54,30.7,264,0.0,3,0.0,26.0,69.0,4,100,HotDry
31.6,24.4,27.3,1007.3,64,38,29.5,263,0.0,2,0.0,28.0,58.0,4,101,HotDry
30.9,23.8,26.7,1008.1,71,40,31.1,264,0.0,3,0.0,27.3,64.0,4,102,HotDry
36.2,21.0,28.4,1007.3,52,0,27.6,278,0.0,0,0.0,26.7,71.0,4,103,HotDry
36.8,22.7,28.7,1006.5,57,0,25.1,273,0.0,0,0.0,28.4,52.0,4,104,HotDry
31.6,23.4,27.0,1005.4,70,1,28.4,256,0.0,0,0.0,28.7,57.0,4,105,HotDry
30.6,23.3,26.4,1005.9,80,25,26.1,250,0.0,3,0.0,27.0,70.0,4,106,HotDry
30.6,24.1,26.5,1007.9,80,40,24.1,259,0.0,3,0.0,26.4,80.0,4,107,HotDry
30.5,24.0,26.7,1006.7,79,20,32.0,264,0.0,2,0.0,26.5,80.0,4,108,HotDry
32.1,24.2,27.7,1005.1,71,0,31.3,261,0.0,0,0.0,26.7,79.0,4,109,HotDry
32.1,23.9,27.6,1004.3,69,0,33.4,259,0.0,0,0.0,27.7,71.0,4,110,HotDry
32.6,24.1,27.6,1004.1,74,1,23.4,247,0.0,0,0.0,27.6,69.0,4,111,HotDry
32.3,23.7,27.4,1007.1,76,5,22.2,238,0.0,1,0.0,27.6,74.0,4,112,HotDry
33.3,23.7,27.5,1009.9,73,7,26.6,260,0.0,1,0.0,27.4,76.0,4,113,HotDry
32.9,24.3,28.1,1008.0,71,20,28.0,270,0.0,2,0.0,27.5,73.0,4,114,HotDry
33.5,25.1,28.7,1005.7,67,24,22.7,251,0.0,3,0.0,28.1,71.0,4,115,HotDry
34.3,25.5,29.2,1004.7,71,82,19.3,242,0.0,3,0.0,28.7,67.0,4,116,HotDry
38.0,25.5,30.6,1005.0,62,75,24.3,252,0.0,3,0.0,29.2,71.0,4,117,HotDry
40.8,24.5,32.0,1003.9,47,18,26.2,279,0.0,3,0.0,30.6,62.0,4,118,HotDry
35.1,24.3,29.7,1003.1,64,22,27.7,249,0.0,3,0.0,32.0,47.0,4,119,HotDry
32.9,25.0,28.8,1003.3,77,78,22.9,232,0.0,3,0.0,29.7,64.0,4,120,HotDry
33.3,25.6,29.1,1003.9,75,8,27.9,244,0.0,1,0.0,28.8,77.0,5,121,HotDry
33.5,26.3,29.1,1004.9,77,7,25.4,247,0.0,2,0.0,29.1,75.0,5,122,HotDry
32.3,26.0,28.5,1005.2,78,32,28.0,258,0.0,2,0.0,29.1,77.0,5,123,HotDry
31.7,25.8,28.3,1004.1,80,34,29.0,255,0.0,3,0.0,28.5,78.0,5,124,HotDry
31.9,26.0,28.5,1004.8,76,52,28.9,259,0.0,3,0.0,28.3,80.0,5,125,HotDry
32.4,26.2,28.8,1006.2,74,42,25.0,262,0.0,3,0.0,28.5,76.0,5,126,HotDry
32.9,26.5,28.9,1006.9,75,25,25.1,272,0.0,2,0.0,28.8,74.0,5,127,HotDry
34.6,25.6,29.2,1004.9,75,9,27.6,274,0.0,1,0.0,28.9,75.0,5,128,HotDry
34.0,26.0,29.4,1001.9,75,7,29.5,270,0.0,1,0.0,29.2,75.0,5,129,HotDry
33.7,26.2,29.3,1001.1,78,16,30.6,270,0.0,1,0.0,29.4,75.0,5,130,HotDry
35.8,26.8,30.5,1000.6,76,15,30.3,270,0.0,2,0.0,29.3,78.0,5,131,HotDry
34.4,27.4,30.3,1000.5,76,10,29.1,260,0.0,1,0.0,30.5,76.0,5,132,HotDry
32.6,27.6,29.6,1001.0,79,22,32.8,258,0.0,2,0.0,30.3,76.0,5,133,HotDry
32.8,27.5,29.5,1001.0,77,24,33.9,254,0.0,2,0.0,29.6,79.0,5,134,HotDry
32.9,27.4,29.7,1000.5,67,0,35.7,247,0.0,0,0.0,29.5,77.0,5,135,HotDry
35.1,27.0,30.2,1000.1,65,0,27.3,236,0.0,0,0.0,29.7,67.0,5,136,HotDry
35.2,26.4,30.3,998.7,59,0,26.9,224,0.0,0,0.0,30.2,65.0,5,137,HotDry
34.2,25.9,29.5,1000.0,69,0,25.7,207,0.0,0,0.0,30.3,59.0,5,138,HotDry
32.0,25.5,28.2,1002.2,78,16,27.0,223,0.0,2,0.0,29.5,69.0,5,139,HotDry
31.3,26.2,28.4,1002.5,73,29,29.0,243,0.0,2,0.0,28.2,78.0,5,140,HotDry
31.6,26.1,28.4,1002.5,70,25,28.7,246,0.0,1,0.0,28.4,73.0,5,141,HotDry
31.8,26.5,28.7,1002.8,71,25,30.0,248,0.0,1,0.0,28.4,70.0,5,142,HotDry
32.1,26.9,29.1,1003.5,70,31,26.5,244,0.0,2,0.0,28.7,71.0,5,143,HotDry
32.7,27.1,29.5,1004.9,71,21,26.7,248,0.0,1,0.0,29.1,70.0,5,144,HotDry
32.9,27.6,29.8,1004.4,71,31,30.2,250,0.0,2,0.0,29.5,71.0,5,145,HotDry
32.5,27.8,29.8,1003.9,73,41,34.8,252,0.0,2,0.0,29.8,71.0,5,146,HotDry
32.9,27.6,29.9,1002.5,75,44,37.0,253,0.0,2,0.0,29.8,73.0,5,147,HotDry
33.0,27.9,30.0,1000.4,79,52,34.4,243,0.2,51,0.0,29.9,75.0,5,148,HotDry
32.8,27.3,29.7,999.1,80,31,31.7,238,0.0,2,0.2,30.0,79.0,5,149,HotDry
32.5,27.2,29.5,998.7,75,42,26.0,242,0.0,3,0.0,29.7,80.0,5,150,HotDry
32.8,27.0,29.5,999.7,74,29,21.2,239,0.0,2,0.0,29.5,75.0,5,151,HotDry
33.5,26.8,29.4,1001.4,73,19,20.2,237,0.0,2,0.0,29.5,74.0,6,152,Monsoon
33.4,26.7,29.6,1001.8,74,14,27.3,255,0.0,1,0.0,29.4,73.0,6,153,Monsoon
34.0,26.9,29.9,1000.3,75,3,31.1,257,0.0,0,0.0,29.6,74.0,6,154,Monsoon
33.5,27.0,29.8,1000.3,78,14,31.6,244,0.0,1,0.0,29.9,75.0,6,155,Monsoon
33.1,27.4,29.8,999.1,79,32,31.9,231,0.0,2,0.0,29.8,78.0,6,156,Monsoon
32.9,27.6,29.9,999.6,76,49,28.8,228,0.0,2,0.0,29.8,79.0,6,157,Monsoon
32.9,27.6,29.9,1002.2,75,57,28.4,231,0.0,2,0.0,29.9,76.0,6,158,Monsoon
32.4,27.9,29.6,1003.6,75,50,32.2,249,0.0,2,0.0,29.9,75.0,6,159,Monsoon
32.1,27.5,29.5,1002.8,72,37,35.4,251,0.0,2,0.0,29.6,75.0,6,160,Monsoon
31.5,27.8,29.3,1001.4,76,60,35.4,248,0.0,3,0.0,29.5,72.0,6,161,Monsoon
31.7,27.4,29.4,1000.4,78,62,31.7,245,0.0,3,0.0,29.3,76.0,6,162,Monsoon
32.5,27.5,29.6,999.2,79,41,29.5,241,0.0,3,0.0,29.4,78.0,6,163,Monsoon
33.7,27.7,30.1,999.0,79,26,24.2,243,0.0,2,0.0,29.6,79.0,6,164,Monsoon
33.1,27.4,29.9,1000.7,79,46,27.7,247,0.0,3,0.0,30.1,79.0,6,165,Monsoon
33.0,28.0,29.9,1001.6,78,37,33.3,253,0.0,3,0.0,29.9,79.0,6,166,Monsoon
33.1,27.8,30.1,1000.0,78,31,33.8,253,0.0,3,0.0,29.9,78.0,6,167,Monsoon
34.1,28.2,30.7,996.9,78,10,29.0,239,0.0,1,0.0,30.1,78.0,6,168,Monsoon
34.1,28.5,30.9,995.9,75,23,27.1,231,0.0,2,0.0,30.7,78.0,6,169,Monsoon
33.8,28.3,30.7,994.7,77,18,21.9,220,0.0,2,0.0,30.9,75.0,6,170,Monsoon
33.2,27.8,30.1,996.9,77,64,25.4,229,0.0,3,0.0,30.7,77.0,6,171,Monsoon
32.4,27.8,29.7,999.8,75,88,26.9,235,0.0,3,0.0,30.1,77.0,6,172,Monsoon
32.0,27.8,29.5,998.6,73,72,35.8,249,0.0,3,0.0,29.7,75.0,6,173,Monsoon
30.9,27.4,29.0,997.2,76,75,38.3,250,0.2,51,0.0,29.5,73.0,6,174,Monsoon
31.2,27.5,29.1,996.6,77,69,36.0,244,0.1,51,0.2,29.0,76.0,6,175,Monsoon
31.3,27.8,29.3,995.8,79,70,25.2,225,0.2,51,0.1,29.1,77.0,6,176,Monsoon
33.4,27.0,29.7,996.3,77,30,23.3,189,0.0,3,0.2,29.3,79.0,6,177,Monsoon
33.6,27.5,29.9,996.4,78,10,23.9,217,0.0,2,0.0,29.7,77.0,6,178,Monsoon
32.5,26.7,29.6,997.2,76,40,21.9,228,0.0,3,0.0,29.9,78.0,6,179,Monsoon
33.1,27.9,30.1,996.3,73,93,28.0,238,0.0,3,0.0,29.6,76.0,6,180,Monsoon
32.9,27.8,30.0,995.3,76,86,29.6,240,0.0,3,0.0,30.1,73.0,6,181,Monsoon
32.4,28.0,29.8,993.9,79,65,31.7,241,0.0,3,0.0,30.0,76.0,7,182,Monsoon
31.9,27.7,29.5,994.8,79,60,31.5,246,0.0,3,0.0,29.8,79.0,7,183,Monsoon
32.3,28.0,29.7,995.5,76,97,35.1,250,0.0,3,0.0,29.5,79.0,7,184,Monsoon
32.9,27.6,29.9,995.5,75,79,27.7,245,0.0,3,0.0,29.7,76.0,7,185,Monsoon
33.1,27.8,29.9,996.4,76,78,24.1,242,0.0,3,0.0,29.9,75.0,7,186,Monsoon
34.0,28.0,30.0,998.3,78,100,25.8,238,0.0,3,0.0,29.9,76.0,7,187,Monsoon
33.1,27.6,29.6,1000.0,79,85,26.7,232,0.0,3,0.0,30.0,78.0,7,188,Monsoon
31.5,27.7,29.1,1000.2,80,92,39.0,247,0.0,3,0.0,29.6,79.0,7,189,Monsoon
31.2,27.6,29.0,997.0,76,90,47.7,249,0.0,3,0.0,29.1,80.0,7,190,Monsoon
32.7,27.5,29.5,994.2,77,39,45.2,246,0.0,3,0.0,29.0,76.0,7,191,Monsoon
31.9,27.2,29.0,997.6,80,43,37.6,250,0.0,3,0.0,29.5,77.0,7,192,Monsoon
31.5,27.1,28.8,999.0,78,65,30.8,241,0.0,3,0.0,29.0,80.0,7,193,Monsoon
30.7,27.0,28.6,999.8,78,63,32.5,244,0.6,51,0.0,28.8,78.0,7,194,Monsoon
31.3,26.9,28.7,999.6,79,64,35.0,250,0.0,3,0.6,28.6,78.0,7,195,Monsoon
30.7,27.0,28.6,999.3,80,99,32.2,243,0.0,3,0.0,28.7,79.0,7,196,Monsoon
31.6,26.8,28.9,998.8,78,68,22.5,230,0.0,3,0.0,28.6,80.0,7,197,Monsoon
31.4,26.9,28.8,998.1,77,64,24.7,233,0.0,3,0.0,28.9,78.0,7,198,Monsoon
31.6,27.2,29.1,996.1,76,71,29.6,242,0.0,3,0.0,28.8,77.0,7,199,Monsoon
31.9,27.2,29.1,996.5,78,63,29.2,240,0.1,51,0.0,29.1,76.0,7,200,Monsoon
32.1,27.2,29.1,997.2,77,52,32.2,243,0.0,3,0.1,29.1,78.0,7,201,Monsoon
31.5,27.4,28.9,997.5,77,67,33.8,247,0.1,51,0.0,29.1,77.0,7,202,Monsoon
31.3,27.2,29.0,998.9,78,60,28.0,244,0.0,3,0.1,28.9,77.0,7,203,Monsoon
32.3,27.1,29.2,999.9,77,44,21.7,247,0.0,2,0.0,29.0,78.0,7,204,Monsoon
32.3,27.0,29.4,1000.0,76,49,25.0,246,0.0,3,0.0,29.2,77.0,7,205,Monsoon
31.6,27.6,29.2,999.9,76,94,30.7,246,0.0,3,0.0,29.4,76.0,7,206,Monsoon
31.3,27.4,29.1,997.8,77,71,33.5,242,0.0,3,0.0,29.2,76.0,7,207,Monsoon
31.8,27.4,29.2,995.5,78,66,30.9,235,0.0,3,0.0,29.1,77.0,7,208,Monsoon
32.0,27.1,29.2,996.5,79,55,28.0,226,0.0,2,0.0,29.2,78.0,7,209,Monsoon
31.5,27.1,29.0,999.0,78,80,26.4,227,0.0,3,0.0,29.2,79.0,7,210,Monsoon
30.9,27.1,28.7,1000.1,79,70,30.1,238,0.4,51,0.0,29.0,78.0,7,211,Monsoon
30.8,26.9,28.5,998.9,79,65,29.4,243,0.0,3,0.4,28.7,79.0,7,212,Monsoon
30.4,26.8,28.3,999.2,79,76,26.0,242,0.0,3,0.0,28.5,79.0,8,213,Monsoon
30.4,26.8,28.4,1000.9,79,78,23.0,243,0.0,3,0.0,28.3,79.0,8,214,Monsoon
31.0,27.0,28.6,1002.1,79,95,27.5,248,0.0,3,0.0,28.4,79.0,8,215,Monsoon
31.2,26.9,28.6,1002.3,79,93,21.7,258,0.9,53,0.0,28.6,79.0,8,216,Monsoon
30.9,27.0,28.6,1001.5,78,88,22.5,252,0.0,3,0.9,28.6,79.0,8,217,Monsoon
30.5,27.0,28.5,1000.9,79,100,21.3,250,0.0,3,0.0,28.6,78.0,8,218,Monsoon
30.0,27.2,28.3,1001.6,80,100,27.2,257,0.3,51,0.0,28.5,79.0,8,219,Monsoon
28.8,27.0,27.7,1001.8,83,99,26.9,261,2.6,55,0.3,28.3,80.0,8,220,Monsoon
27.4,26.5,26.9,1002.7,89,87,22.8,261,45.0,63,2.6,27.7,83.0,8,221,Monsoon
30.3,25.8,27.8,1003.7,85,96,15.6,248,0.5,51,45.0,26.9,89.0,8,222,Monsoon
29.5,26.4,27.6,1003.0,86,37,27.2,253,0.0,3,0.5,27.8,85.0,8,223,Monsoon
29.0,26.1,27.3,1000.0,84,63,40.3,254,0.0,3,0.0,27.6,86.0,8,224,Monsoon
28.7,26.1,27.2,997.1,84,63,40.5,249,0.0,3,0.0,27.3,84.0,8,225,Monsoon
29.6,26.0,27.5,999.3,85,64,21.2,236,0.3,51,0.0,27.2,84.0,8,226,Monsoon
31.0,26.4,28.0,1001.8,86,53,21.2,254,0.0,3,0.3,27.5,85.0,8,227,Monsoon
30.7,26.3,28.0,1001.6,85,72,20.2,264,0.0,3,0.0,28.0,86.0,8,228,Monsoon
30.4,25.9,27.6,1000.1,85,95,22.2,267,0.0,3,0.0,28.0,85.0,8,229,Monsoon
29.3,26.1,27.3,999.7,85,98,24.8,265,0.0,3,0.0,27.6,85.0,8,230,Monsoon
29.9,25.5,27.4,999.3,82,65,22.7,256,0.0,3,0.0,27.3,85.0,8,231,Monsoon
30.3,25.5,27.7,1000.6,82,60,20.1,242,0.0,3,0.0,27.4,82.0,8,232,Monsoon
30.7,26.3,28.2,1002.0,81,58,21.3,242,0.0,3,0.0,27.7,82.0,8,233,Monsoon
31.3,26.5,28.4,1002.1,82,36,21.4,249,0.0,2,0.0,28.2,81.0,8,234,Monsoon
31.3,26.7,28.4,1001.6,81,63,23.5,259,0.0,3,0.0,28.4,82.0,8,235,Monsoon
30.9,26.5,28.2,1000.3,80,90,27.1,263,0.0,3,0.0,28.4,81.0,8,236,Monsoon
29.1,26.1,27.6,999.4,81,100,33.8,263,1.3,53,0.0,28.2,80.0,8,237,Monsoon
29.5,26.2,27.6,1001.4,84,99,25.9,252,4.8,61,1.3,27.6,81.0,8,238,Monsoon
29.5,26.3,27.6,1001.5,82,67,30.4,254,0.0,3,4.8,27.6,84.0,8,239,Monsoon
29.9,25.9,27.5,1003.1,82,56,20.3,242,0.0,3,0.0,27.6,82.0,8,240,Monsoon
29.7,26.2,27.7,1003.4,82,42,22.3,242,0.0,3,0.0,27.5,82.0,8,241,Monsoon
30.7,26.0,28.0,1002.7,80,35,19.0,239,0.0,3,0.0,27.7,82.0,8,242,Monsoon
31.4,25.9,28.2,1002.6,79,24,21.9,256,0.0,2,0.0,28.0,80.0,8,243,Monsoon
30.6,26.4,28.2,1002.7,81,80,22.2,252,0.5,51,0.0,28.2,79.0,9,244,Monsoon
29.5,26.5,27.7,1002.9,84,99,24.4,249,0.7,51,0.5,28.2,81.0,9,245,Monsoon
30.1,26.6,28.0,1001.2,81,53,29.6,245,0.0,3,0.7,27.7,84.0,9,246,Monsoon
30.8,26.1,28.0,1000.0,80,53,26.8,242,0.0,3,0.0,28.0,81.0,9,247,Monsoon
30.3,26.0,27.9,1000.1,81,62,20.5,238,0.0,3,0.0,28.0,80.0,9,248,Monsoon
32.9,25.9,28.6,1002.2,79,45,21.4,243,0.0,3,0.0,27.9,81.0,9,249,Monsoon
32.5,26.6,29.0,1003.6,78,37,22.5,254,0.0,3,0.0,28.6,79.0,9,250,Monsoon
31.4,26.6,28.5,1004.5,79,74,26.8,252,0.0,3,0.0,29.0,78.0,9,251,Monsoon
30.5,26.3,28.1,1003.9,77,65,32.2,254,0.0,3,0.0,28.5,79.0,9,252,Monsoon
30.8,26.1,28.1,1003.8,77,46,31.0,254,0.0,2,0.0,28.1,77.0,9,253,Monsoon
30.7,26.0,28.0,1004.0,78,43,30.1,256,0.0,2,0.0,28.1,77.0,9,254,Monsoon
30.3,26.0,27.8,1003.4,79,48,31.9,258,0.0,2,0.0,28.0,78.0,9,255,Monsoon
30.1,25.7,27.5,1003.8,80,57,30.1,256,0.0,2,0.0,27.8,79.0,9,256,Monsoon
29.7,25.9,27.5,1005.7,79,41,23.4,252,0.1,51,0.0,27.5,80.0,9,257,Monsoon
29.6,25.8,27.4,1007.4,80,50,22.5,249,0.0,3,0.1,27.5,79.0,9,258,Monsoon
29.4,25.9,27.3,1006.1,77,44,27.7,251,0.0,3,0.0,27.4,80.0,9,259,Monsoon
29.0,25.8,27.2,1004.2,76,49,30.1,249,0.0,3,0.0,27.3,77.0,9,260,Monsoon
29.2,25.5,27.2,1003.3,76,50,26.8,248,0.0,3,0.0,27.2,76.0,9,261,Monsoon
29.2,25.5,27.2,1003.5,80,46,24.0,250,0.2,51,0.0,27.2,76.0,9,262,Monsoon
31.1,25.5,27.8,1005.0,82,29,18.4,266,0.0,2,0.2,27.2,80.0,9,263,Monsoon
32.0,25.8,28.3,1006.1,81,17,20.2,263,0.0,1,0.0,27.8,82.0,9,264,Monsoon
32.5,26.3,28.6,1006.5,80,13,25.5,262,0.0,1,0.0,28.3,81.0,9,265,Monsoon
31.0,26.2,28.0,1005.5,81,24,30.5,259,0.0,2,0.0,28.6,80.0,9,266,Monsoon
30.3,26.3,27.9,1004.7,76,55,31.3,254,0.0,3,0.0,28.0,81.0,9,267,Monsoon
30.3,26.1,27.7,1006.0,78,51,25.7,250,0.0,3,0.0,27.9,76.0,9,268,Monsoon
30.4,26.1,27.9,1007.7,79,37,22.0,253,0.0,2,0.0,27.7,78.0,9,269,Monsoon
30.7,26.2,28.0,1007.7,79,38,22.4,256,0.0,3,0.0,27.9,79.0,9,270,Monsoon
30.1,26.0,27.6,1006.0,81,33,27.4,255,0.0,2,0.0,28.0,79.0,9,271,Monsoon
30.4,25.9,27.6,1005.4,79,31,27.3,247,0.0,2,0.0,27.6,81.0,9,272,Monsoon
30.6,25.3,27.5,1006.9,77,22,19.6,250,0.0,1,0.0,27.6,79.0,9,273,Monsoon
31.3,24.1,27.2,1008.4,76,14,19.0,271,0.0,2,0.0,27.5,77.0,10,274,PostMonsoon
31.6,25.2,27.9,1008.7,75,10,19.7,266,0.0,1,0.0,27.2,76.0,10,275,PostMonsoon
30.7,25.2,27.4,1008.2,78,8,24.7,255,0.0,1,0.0,27.9,75.0,10,276,PostMonsoon
30.6,25.3,27.5,1007.9,78,41,22.7,253,0.0,2,0.0,27.4,78.0,10,277,PostMonsoon
30.3,25.5,27.4,1008.2,77,27,21.9,255,0.0,2,0.0,27.5,78.0,10,278,PostMonsoon
30.1,24.8,27.0,1008.1,78,34,22.5,256,0.0,3,0.0,27.4,77.0,10,279,PostMonsoon
31.3,25.1,27.5,1006.9,78,27,24.2,255,0.0,2,0.0,27.0,78.0,10,280,PostMonsoon
33.2,24.9,28.0,1005.6,78,20,19.3,230,0.0,3,0.0,27.5,78.0,10,281,PostMonsoon
31.7,23.5,26.9,1006.7,80,19,17.6,157,0.0,3,0.0,28.0,78.0,10,282,PostMonsoon
32.4,23.6,27.0,1009.4,76,28,16.9,216,0.0,3,0.0,26.9,80.0,10,283,PostMonsoon
34.4,23.2,28.0,1011.0,67,17,16.6,284,0.0,2,0.0,27.0,76.0,10,284,PostMonsoon
33.9,24.4,28.1,1010.7,71,4,24.7,269,0.0,1,0.0,28.0,67.0,10,285,PostMonsoon
32.7,25.1,27.8,1008.9,75,1,25.0,266,0.0,0,0.0,28.1,71.0,10,286,PostMonsoon
31.5,23.7,27.1,1010.6,80,7,19.5,261,0.0,1,0.0,27.8,75.0,10,287,PostMonsoon
32.6,22.6,27.0,1012.3,80,24,18.2,267,0.0,3,0.0,27.1,80.0,10,288,PostMonsoon
33.4,24.5,28.2,1010.4,71,0,23.1,256,0.0,0,0.0,27.0,80.0,10,289,PostMonsoon
36.0,23.9,29.2,1008.2,44,0,21.3,292,0.0,0,0.0,28.2,71.0,10,290,PostMonsoon
35.0,23.9,28.8,1010.7,26,0,19.8,329,0.0,0,0.0,29.2,44.0,10,291,PostMonsoon
33.7,20.6,27.1,1012.7,34,0,11.8,36,0.0,0,0.0,28.8,26.0,10,292,PostMonsoon
33.2,21.0,27.0,1012.4,37,0,15.9,35,0.0,0,0.0,27.1,34.0,10,293,PostMonsoon
33.5,20.3,27.0,1013.2,41,0,11.8,21,0.0,0,0.0,27.0,37.0,10,294,PostMonsoon
33.8,20.4,27.1,1013.5,36,0,14.8,33,0.0,0,0.0,27.0,41.0,10,295,PostMonsoon
34.1,20.2,27.2,1012.7,37,0,14.0,357,0.0,0,0.0,27.1,36.0,10,296,PostMonsoon
34.2,19.4,26.8,1012.4,41,0,18.5,312,0.0,0,0.0,27.2,37.0,10,297,PostMonsoon
32.3,19.8,25.6,1012.1,62,0,14.0,288,0.0,0,0.0,26.8,41.0,10,298,PostMonsoon
34.4,20.0,27.0,1012.4,49,4,11.4,20,0.0,1,0.0,25.6,62.0,10,299,PostMonsoon
34.2,20.8,27.3,1012.5,40,0,12.6,17,0.0,0,0.0,27.0,49.0,10,300,PostMonsoon
34.1,20.5,27.3,1012.5,41,0,16.8,319,0.0,0,0.0,27.3,40.0,10,301,PostMonsoon
34.3,21.5,27.5,1013.4,48,0,18.7,290,0.0,0,0.0,27.3,41.0,10,302,PostMonsoon
31.6,22.4,26.5,1013.0,70,0,22.0,276,0.0,0,0.0,27.5,48.0,10,303,PostMonsoon
30.9,23.2,26.3,1010.9,77,0,21.9,260,0.0,0,0.0,26.5,70.0,10,304,PostMonsoon
32.2,22.0,26.3,1010.5,66,32,15.9,301,0.0,3,0.0,26.3,77.0,11,305,PostMonsoon
31.6,23.1,26.9,1011.0,49,9,34.5,48,0.0,1,0.0,26.3,66.0,11,306,PostMonsoon
32.9,22.8,27.5,1012.1,46,8,33.0,47,0.0,1,0.0,26.9,49.0,11,307,PostMonsoon
33.2,22.3,27.5,1011.0,47,1,17.3,334,0.0,0,0.0,27.5,46.0,11,308,PostMonsoon
31.4,23.3,26.8,1009.8,63,0,23.6,280,0.0,0,0.0,27.5,47.0,11,309,PostMonsoon
30.3,22.0,25.6,1010.7,78,3,16.4,251,0.0,0,0.0,26.8,63.0,11,310,PostMonsoon
30.2,21.0,25.2,1011.4,79,5,19.4,259,0.0,1,0.0,25.6,78.0,11,311,PostMonsoon
29.0,23.2,25.7,1010.6,77,21,27.7,254,0.0,1,0.0,25.2,79.0,11,312,PostMonsoon
29.4,24.3,26.4,1011.1,76,25,18.2,246,0.0,2,0.0,25.7,77.0,11,313,PostMonsoon
29.1,23.3,25.7,1014.4,78,25,18.2,251,0.0,3,0.0,26.4,76.0,11,314,PostMonsoon
30.4,22.4,25.9,1014.3,78,3,18.7,267,0.0,0,0.0,25.7,78.0,11,315,PostMonsoon
31.4,21.8,26.4,1015.0,69,8,17.3,300,0.0,2,0.0,25.9,78.0,11,316,PostMonsoon
33.3,22.0,27.8,1016.6,49,0,13.0,28,0.0,0,0.0,26.4,69.0,11,317,PostMonsoon
32.8,20.7,27.1,1016.7,51,0,13.7,352,0.0,0,0.0,27.8,49.0,11,318,PostMonsoon
32.1,19.7,26.3,1015.6,56,0,15.5,294,0.0,0,0.0,27.1,51.0,11,319,PostMonsoon
31.0,20.2,25.4,1014.0,67,0,17.7,272,0.0,0,0.0,26.3,56.0,11,320,PostMonsoon
29.3,21.0,24.8,1012.3,79,13,17.1,255,0.0,3,0.0,25.4,67.0,11,321,PostMonsoon
28.8,20.6,24.7,1010.6,76,30,11.8,219,0.0,2,0.0,24.8,79.0,11,322,PostMonsoon
30.5,20.0,24.9,1011.4,65,8,12.7,71,0.0,1,0.0,24.7,76.0,11,323,PostMonsoon
31.1,20.9,25.6,1014.5,46,0,25.1,50,0.0,0,0.0,24.9,65.0,11,324,PostMonsoon
30.5,20.7,25.4,1017.0,44,0,18.1,50,0.0,0,0.0,25.6,46.0,11,325,PostMonsoon
29.9,20.4,24.7,1018.4,43,0,24.1,63,0.0,0,0.0,25.4,44.0,11,326,PostMonsoon
28.9,19.3,24.1,1018.6,43,4,16.8,62,0.0,1,0.0,24.7,43.0,11,327,PostMonsoon
29.4,18.9,23.8,1018.6,40,2,19.0,52,0.0,1,0.0,24.1,43.0,11,328,PostMonsoon
29.0,17.7,23.3,1018.4,36,29,15.5,47,0.0,3,0.0,23.8,40.0,11,329,PostMonsoon
28.6,18.5,23.1,1017.2,32,40,18.8,55,0.0,3,0.0,23.3,36.0,11,330,PostMonsoon
28.9,17.4,22.9,1017.0,32,1,18.6,47,0.0,1,0.0,23.1,32.0,11,331,PostMonsoon
29.2,16.8,22.7,1016.8,35,80,17.7,52,0.0,3,0.0,22.9,32.0,11,332,PostMonsoon
28.2,16.0,22.1,1014.9,48,68,15.7,321,0.0,3,0.0,22.7,35.0,11,333,PostMonsoon
29.7,18.3,23.3,1013.2,62,55,15.2,291,0.0,3,0.0,22.1,48.0,11,334,PostMonsoon
29.5,17.3,22.7,1012.2,60,58,10.7,80,0.0,3,0.0,23.3,62.0,12,335,Winter
30.1,16.5,23.0,1012.7,48,0,13.0,65,0.0,0,0.0,22.7,60.0,12,336,Winter
30.7,19.7,24.5,1015.7,33,8,26.4,52,0.0,1,0.0,23.0,48.0,12,337,Winter
30.4,21.6,25.4,1018.7,31,7,29.9,50,0.0,1,0.0,24.5,33.0,12,338,Winter
30.5,21.0,25.2,1019.9,27,0,29.5,54,0.0,0,0.0,25.4,31.0,12,339,Winter
30.3,19.7,24.3,1019.3,33,0,21.9,48,0.0,0,0.0,25.2,27.0,12,340,Winter
27.5,15.3,21.4,1017.3,60,18,13.7,208,0.0,3,0.0,24.3,33.0,12,341,Winter
25.6,15.4,20.8,1015.6,79,12,8.7,81,0.0,1,0.0,21.4,60.0,12,342,Winter
27.4,16.7,21.6,1015.2,50,1,14.8,57,0.0,0,0.0,20.8,79.0,12,343,Winter
27.0,16.7,21.6,1016.1,42,0,18.8,69,0.0,0,0.0,21.6,50.0,12,344,Winter
27.0,17.5,21.7,1018.4,42,1,26.5,61,0.0,0,0.0,21.6,42.0,12,345,Winter
27.4,17.7,21.9,1019.8,47,0,25.2,55,0.0,0,0.0,21.7,42.0,12,346,Winter
27.1,17.1,21.9,1018.0,50,0,14.8,14,0.0,0,0.0,21.9,47.0,12,347,Winter
26.3,17.9,22.0,1014.2,75,4,18.4,262,0.0,0,0.0,21.9,50.0,12,348,Winter
26.5,19.4,22.6,1013.1,73,12,13.8,156,0.0,2,0.0,22.0,75.0,12,349,Winter
25.9,17.5,21.3,1015.2,44,0,24.9,59,0.0,0,0.0,22.6,73.0,12,350,Winter
24.1,16.4,19.8,1017.7,40,0,27.2,50,0.0,0,0.0,21.3,44.0,12,351,Winter
23.3,13.9,18.2,1019.1,32,0,31.0,53,0.0,0,0.0,19.8,40.0,12,352,Winter
24.0,13.7,18.4,1019.0,29,0,22.4,56,0.0,0,0.0,18.2,32.0,12,353,Winter
24.2,12.3,18.4,1018.2,43,0,14.4,5,0.0,0,0.0,18.4,29.0,12,354,Winter
26.0,15.0,20.3,1017.5,62,1,11.5,67,0.0,0,0.0,18.4,43.0,12,355,Winter
26.0,14.9,20.3,1017.0,37,1,14.2,19,0.0,0,0.0,20.3,62.0,12,356,Winter
25.2,16.4,20.5,1016.2,77,3,19.8,283,0.0,0,0.0,20.3,37.0,12,357,Winter
25.4,17.8,21.3,1016.4,83,24,16.8,274,0.0,2,0.0,20.5,77.0,12,358,Winter
24.4,16.9,20.7,1016.4,68,45,16.0,77,0.0,3,0.0,21.3,83.0,12,359,Winter
25.2,17.5,20.9,1016.3,64,44,12.2,74,0.0,3,0.0,20.7,68.0,12,360,Winter
25.7,16.9,20.9,1015.6,80,11,15.1,302,0.0,2,0.0,20.9,64.0,12,361,Winter
24.6,18.2,21.3,1012.9,73,45,29.1,280,0.3,51,0.0,20.9,80.0,12,362,Winter
17.1,11.5,14.6,1012.9,30,20,29.8,312,0.0,2,0.3,21.3,73.0,12,363,Winter
17.4,9.6,13.3,1014.2,33,1,27.5,322,0.0,0,0.0,14.6,30.0,12,364,Winter
18.7,8.8,13.8,1017.3,33,6,16.4,39,0.0,1,0.0,13.3,33.0,12,365,Winter
19.8,8.0,14.2,1015.7,52,8,13.8,350,0.0,1,0.0,13.8,33.0,1,1,Winter
21.1,10.7,15.8,1015.8,31,0,24.3,50,0.0,0,0.0,14.2,52.0,1,2,Winter
20.5,11.5,15.9,1016.7,35,15,17.7,75,0.0,2,0.0,15.8,31.0,1,3,Winter
22.3,10.6,16.6,1016.9,53,1,11.2,40,0.0,0,0.0,15.9,35.0,1,4,Winter
23.4,13.8,18.2,1016.8,35,4,24.8,59,0.0,1,0.0,16.6,53.0,1,5,Winter
23.8,14.8,18.7,1015.7,34,27,23.8,65,0.0,2,0.0,18.2,35.0,1,6,Winter
19.1,13.8,16.3,1017.4,55,62,23.7,55,1.7,53,0.0,18.7,34.0,1,7,Winter
20.9,11.6,16.0,1018.9,56,3,19.5,45,0.0,1,1.7,16.3,55.0,1,8,Winter
21.7,11.1,16.2,1017.5,57,0,16.0,53,0.0,0,0.0,16.0,56.0,1,9,Winter
21.8,10.9,16.5,1016.4,63,0,14.8,341,0.0,0,0.0,16.2,57.0,1,10,Winter
23.4,12.6,18.5,1016.2,63,1,13.7,311,0.0,0,0.0,16.5,63.0,1,11,Winter
22.8,11.8,17.6,1018.8,59,14,13.7,323,0.0,2,0.0,18.5,63.0,1,12,Winter
23.0,11.7,17.7,1019.0,46,10,15.9,7,0.0,2,0.0,17.6,59.0,1,13,Winter
22.9,10.8,16.9,1018.7,42,0,17.7,74,0.0,0,0.0,17.7,46.0,1,14,Winter
23.4,12.9,17.9,1018.5,28,2,22.0,69,0.0,1,0.0,16.9,42.0,1,15,Winter
23.8,15.9,19.5,1018.5,29,56,11.9,51,0.0,3,0.0,17.9,28.0,1,16,Winter
23.3,16.9,19.6,1020.5,30,44,30.1,56,0.0,3,0.0,19.5,29.0,1,17,Winter
24.4,14.0,18.9,1020.4,40,7,16.0,23,0.0,0,0.0,19.6,30.0,1,18,Winter
24.7,15.3,19.6,1018.1,68,0,12.6,278,0.0,0,0.0,18.9,40.0,1,19,Winter
25.2,16.3,20.4,1016.4,79,0,17.7,255,0.0,0,0.0,19.6,68.0,1,20,Winter
28.3,16.4,21.5,1015.2,76,11,14.8,280,0.0,3,0.0,20.4,79.0,1,21,Winter
26.1,16.0,21.0,1014.8,72,0,17.6,209,0.0,0,0.0,21.5,76.0,1,22,Winter
25.3,19.2,21.7,1014.3,85,38,16.3,254,0.0,3,0.0,21.0,72.0,1,23,Winter
27.1,17.6,21.8,1014.3,73,26,16.4,299,0.0,3,0.0,21.7,85.0,1,24,Winter
28.4,16.3,21.9,1015.4,70,5,14.0,77,0.0,1,0.0,21.8,73.0,1,25,Winter
29.4,18.6,23.3,1016.6,48,0,24.7,84,0.0,0,0.0,21.9,70.0,1,26,Winter
29.4,17.2,22.9,1017.5,57,0,13.5,73,0.0,0,0.0,23.3,48.0,1,27,Winter
27.7,19.0,22.5,1017.0,75,1,20.4,286,0.0,0,0.0,22.9,57.0,1,28,Winter
26.9,17.4,22.2,1014.2,62,0,16.4,282,0.0,0,0.0,22.5,75.0,1,29,Winter
25.7,14.1,20.4,1013.8,66,2,16.3,236,0.0,1,0.0,22.2,62.0,1,30,Winter
25.4,14.7,20.2,1014.3,69,21,17.0,293,0.0,2,0.0,20.4,66.0,1,31,Winter
27.0,14.8,20.9,1015.3,65,37,15.5,286,0.0,3,0.0,20.2,69.0,2,32,Winter
25.6,17.8,21.7,1013.1,81,44,27.8,267,0.0,3,0.0,20.9,65.0,2,33,Winter
28.5,18.7,23.1,1013.2,50,31,15.0,12,0.0,3,0.0,21.7,81.0,2,34,Winter
27.4,15.6,21.6,1014.8,50,83,14.3,115,0.0,3,0.0,23.1,50.0,2,35,Winter
26.3,16.2,21.3,1014.0,73,28,20.7,257,0.0,3,0.0,21.6,50.0,2,36,Winter
26.6,18.3,22.4,1014.2,80,32,17.7,257,0.0,3,0.0,21.3,73.0,2,37,Winter
25.9,19.4,22.2,1015.5,63,95,24.2,73,0.0,3,0.0,22.4,80.0,2,38,Winter
26.7,18.6,22.1,1015.4,50,93,29.1,64,0.0,3,0.0,22.2,63.0,2,39,Winter
26.0,17.6,21.5,1015.3,60,19,23.7,84,0.0,2,0.0,22.1,50.0,2,40,Winter
23.3,20.0,21.3,1014.2,83,58,25.5,238,12.2,63,0.0,21.5,60.0,2,41,Winter
22.7,18.0,20.1,1012.3,57,3,24.6,286,0.0,0,12.2,21.3,83.0,2,42,Winter
21.6,12.9,17.3,1013.9,52,1,16.4,319,0.0,0,0.0,20.1,57.0,2,43,Winter
22.7,13.4,18.3,1015.5,73,55,20.5,265,0.0,3,0.0,17.3,52.0,2,44,Winter
23.7,17.2,20.2,1017.3,59,11,18.7,298,0.0,2,0.0,18.3,73.0,2,45,Winter
21.7,13.5,17.7,1019.8,45,4,17.7,6,0.0,1,0.0,20.2,59.0,2,46,Winter
21.2,11.7,16.4,1019.3,35,0,20.6,23,0.0,0,0.0,17.7,45.0,2,47,Winter
21.7,9.2,15.8,1018.6,51,0,15.9,328,0.0,0,0.0,16.4,35.0,2,48,Winter
23.7,10.9,17.6,1018.5,45,89,11.3,32,0.0,3,0.0,15.8,51.0,2,49,Winter
24.9,15.1,19.4,1017.6,28,51,21.0,48,0.0,3,0.0,17.6,45.0,2,50,Winter
25.7,14.7,19.8,1016.9,25,8,25.1,54,0.0,2,0.0,19.4,28.0,2,51,Winter
27.4,16.2,21.4,1016.7,25,20,29.0,49,0.0,3,0.0,19.8,25.0,2,52,Winter
28.6,16.6,22.2,1016.2,32,0,19.9,2,0.0,0,0.0,21.4,25.0,2,53,Winter
26.5,16.8,21.5,1015.8,57,1,22.3,279,0.0,0,0.0,22.2,32.0,2,54,Winter
26.3,18.3,21.9,1015.3,68,0,23.3,270,0.0,0,0.0,21.5,57.0,2,55,Winter
26.9,16.6,21.8,1015.5,59,10,21.1,289,0.0,1,0.0,21.9,68.0,2,56,Winter
26.2,14.8,20.7,1015.0,57,7,19.8,295,0.0,2,0.0,21.8,59.0,2,57,Winter
26.2,15.3,20.6,1012.6,54,1,16.3,269,0.0,0,0.0,20.7,57.0,2,58,Winter
27.9,14.9,21.8,1013.9,47,21,25.9,56,0.0,3,0.0,20.6,54.0,2,59,Winter
28.6,19.4,23.4,1014.6,35,74,26.5,61,0.0,3,0.0,21.8,47.0,3,60,HotDry
29.3,17.4,23.3,1013.8,43,42,15.8,52,0.0,3,0.0,23.4,35.0,3,61,HotDry
26.7,19.8,22.6,1013.7,56,89,21.7,62,1.6,53,0.0,23.3,43.0,3,62,HotDry
26.1,19.5,22.3,1012.5,69,21,20.3,277,0.0,3,1.6,22.6,56.0,3,63,HotDry
27.9,17.2,22.4,1013.5,48,0,19.2,310,0.0,0,0.0,22.3,69.0,3,64,HotDry
28.8,16.0,22.6,1014.1,48,59,17.7,46,0.0,3,0.0,22.4,48.0,3,65,HotDry
28.2,16.6,22.7,1012.6,62,44,17.3,272,0.0,3,0.0,22.6,48.0,3,66,HotDry
26.7,20.6,23.4,1011.2,77,57,24.9,260,0.0,3,0.0,22.7,62.0,3,67,HotDry
28.4,17.3,22.6,1011.3,75,28,19.2,281,0.0,3,0.0,23.4,77.0,3,68,HotDry
27.6,17.9,22.7,1012.5,73,7,22.5,272,0.0,1,0.0,22.6,75.0,3,69,HotDry
26.9,18.0,22.2,1012.0,69,17,25.2,277,0.0,2,0.0,22.7,73.0,3,70,HotDry
27.7,20.1,23.3,1010.4,74,4,22.5,271,0.0,1,0.0,22.2,69.0,3,71,HotDry
32.1,19.7,25.0,1010.0,48,0,21.3,305,0.0,0,0.0,23.3,74.0,3,72,HotDry
32.5,17.9,25.3,1012.0,40,22,21.9,58,0.0,3,0.0,25.0,48.0,3,73,HotDry
32.3,19.3,25.5,1013.4,39,28,23.1,65,0.0,3,0.0,25.3,40.0,3,74,HotDry
32.1,19.9,26.0,1012.9,38,5,21.7,283,0.0,2,0.0,25.5,39.0,3,75,HotDry
30.6,18.9,24.7,1012.3,49,23,19.5,259,0.0,1,0.0,26.0,38.0,3,76,HotDry
29.6,21.3,24.5,1012.5,61,57,24.2,284,0.0,3,0.0,24.7,49.0,3,77,HotDry
30.0,16.4,23.7,1012.8,56,2,17.1,322,0.0,1,0.0,24.5,61.0,3,78,HotDry
30.0,17.7,23.8,1010.6,59,64,24.0,268,0.0,3,0.0,23.7,56.0,3,79,HotDry
28.4,20.0,23.8,1008.1,69,2,28.4,263,0.0,1,0.0,23.8,59.0,3,80,HotDry
30.7,21.0,25.4,1008.2,54,0,27.1,267,0.0,0,0.0,23.8,69.0,3,81,HotDry
32.3,21.2,25.9,1007.9,37,3,25.7,296,0.0,2,0.0,25.4,54.0,3,82,HotDry
33.1,18.8,26.2,1008.8,50,22,17.6,341,0.0,3,0.0,25.9,37.0,3,83,HotDry
32.5,20.6,26.0,1009.1,59,57,20.5,275,0.0,3,0.0,26.2,50.0,3,84,HotDry
31.4,21.9,25.8,1007.5,74,91,21.0,258,0.0,3,0.0,26.0,59.0,3,85,HotDry
34.5,21.4,27.3,1008.6,65,76,20.8,277,0.0,3,0.0,25.8,74.0,3,86,HotDry
36.7,24.0,29.7,1010.3,43,38,22.8,289,0.0,3,0.0,27.3,65.0,3,87,HotDry
36.9,23.7,29.8,1011.0,43,95,19.4,291,0.0,3,0.0,29.7,43.0,3,88,HotDry
35.0,25.3,29.2,1009.0,51,80,22.7,278,0.0,3,0.0,29.8,43.0,3,89,HotDry
33.1,23.0,27.6,1007.4,62,34,26.2,259,0.0,3,0.0,29.2,51.0,3,90,HotDry
31.4,24.6,27.2,1007.3,57,44,33.3,260,0.0,3,0.0,27.6,62.0,4,91,HotDry
30.1,23.0,26.0,1008.9,64,0,26.7,256,0.0,0,0.0,27.2,57.0,4,92,HotDry
32.8,21.3,26.9,1010.6,55,4,21.9,269,0.0,0,0.0,26.0,64.0,4,93,HotDry
32.2,21.8,26.3,1010.7,65,29,23.8,243,0.0,3,0.0,26.9,55.0,4,94,HotDry
31.5,21.7,26.1,1009.4,67,23,25.2,259,0.0,3,0.0,26.3,65.0,4,95,HotDry
29.6,23.0,25.8,1008.5,78,53,29.0,254,0.0,3,0.0,26.1,67.0,4,96,HotDry
29.9,23.7,26.3,1008.8,81,46,24.7,238,0.0,3,0.0,25.8,78.0,4,97,HotDry
31.8,23.8,27.0,1006.6,77,15,22.4,246,0.0,2,0.0,26.3,81.0,4,98,HotDry
35.1,23.1,28.4,1006.9,49,25,23.3,280,0.0,3,0.0,27.0,77.0,4,99,HotDry
31.0,22.8,26.4,1007.7,75,59,20.7,248,0.0,3,0.0,28.4,49.0,4,100,HotDry
30.0,24.1,26.5,1007.2,77,43,23.3,250,0.0,2,0.0,26.4,75.0,4,101,HotDry
30.7,24.5,27.0,1005.0,76,19,24.0,244,0.0,2,0.0,26.5,77.0,4,102,HotDry
31.4,24.6,27.5,1004.4,64,0,33.8,247,0.0,0,0.0,27.0,76.0,4,103,HotDry
33.6,22.2,27.5,1007.1,65,0,24.7,251,0.0,0,0.0,27.5,64.0,4,104,HotDry
35.3,23.5,28.7,1009.9,42,0,22.4,318,0.0,0,0.0,27.5,65.0,4,105,HotDry
35.2,22.1,28.7,1011.1,30,0,19.8,9,0.0,0,0.0,28.7,42.0,4,106,HotDry
35.2,21.6,28.5,1011.7,40,0,21.7,217,0.0,0,0.0,28.7,30.0,4,107,HotDry
35.4,21.7,28.2,1010.9,49,0,23.4,265,0.0,0,0.0,28.5,40.0,4,108,HotDry
36.5,22.5,28.5,1008.7,59,0,26.4,257,0.0,0,0.0,28.2,49.0,4,109,HotDry
33.8,23.9,28.1,1006.8,69,0,25.4,248,0.0,0,0.0,28.5,59.0,4,110,HotDry
32.2,23.5,27.5,1005.4,74,13,24.5,246,0.0,2,0.0,28.1,69.0,4,111,HotDry
37.0,24.6,29.6,1005.7,65,0,24.9,252,0.0,0,0.0,27.5,74.0,4,112,HotDry
34.7,23.5,28.7,1007.6,65,1,23.3,237,0.0,0,0.0,29.6,65.0,4,113,HotDry
33.3,22.9,27.6,1009.3,72,50,24.0,248,0.0,3,0.0,28.7,65.0,4,114,HotDry
32.6,23.6,27.6,1008.7,72,88,27.6,267,0.0,3,0.0,27.6,72.0,4,115,HotDry
32.3,24.3,27.6,1006.8,76,5,26.7,264,0.0,1,0.0,27.6,72.0,4,116,HotDry
32.2,24.2,27.4,1005.9,77,19,24.9,267,0.0,2,0.0,27.6,76.0,4,117,HotDry
33.0,24.0,27.7,1005.9,77,14,24.2,271,0.0,3,0.0,27.4,77.0,4,118,HotDry
32.9,24.5,27.8,1006.2,79,18,25.9,266,0.0,3,0.0,27.7,77.0,4,119,HotDry
31.5,25.0,27.7,1005.3,79,21,32.2,261,0.0,3,0.0,27.8,79.0,4,120,HotDry
32.8,25.4,28.5,1003.7,76,1,29.5,257,0.0,0,0.0,27.7,79.0,5,121,HotDry
33.7,25.9,28.8,1003.4,74,36,30.4,254,0.0,3,0.0,28.5,76.0,5,122,HotDry
32.4,25.6,28.5,1004.7,78,59,27.5,252,0.0,3,0.0,28.8,74.0,5,123,HotDry
31.7,26.1,28.4,1007.2,77,38,27.4,256,0.0,3,0.0,28.5,78.0,5,124,HotDry
31.4,26.5,28.6,1007.0,78,46,31.6,252,0.0,2,0.0,28.4,77.0,5,125,HotDry
31.5,26.5,28.4,1006.7,78,32,30.3,257,0.0,3,0.0,28.6,78.0,5,126,HotDry
31.1,26.1,28.1,1006.5,77,54,26.1,246,0.0,3,0.0,28.4,78.0,5,127,HotDry
31.7,24.7,27.9,1006.9,68,28,32.4,256,0.0,3,0.0,28.1,77.0,5,128,HotDry
33.5,25.5,28.8,1004.9,70,21,23.5,254,0.0,3,0.0,27.9,68.0,5,129,HotDry
36.3,25.1,29.7,1005.5,67,0,25.7,248,0.0,0,0.0,28.8,70.0,5,130,HotDry
33.5,24.6,28.5,1007.7,73,15,24.9,251,0.0,3,0.0,29.7,67.0,5,131,HotDry
33.3,24.0,28.3,1009.0,73,30,21.7,262,0.0,3,0.0,28.5,73.0,5,132,HotDry
34.1,24.8,28.5,1008.1,71,30,22.1,262,0.0,3,0.0,28.3,73.0,5,133,HotDry
32.2,25.9,28.5,1007.7,72,22,23.4,255,0.0,2,0.0,28.5,71.0,5,134,HotDry
32.7,25.8,28.6,1007.8,70,20,22.7,260,0.0,2,0.0,28.5,72.0,5,135,HotDry
32.6,26.0,28.7,1007.6,74,22,23.6,259,0.0,3,0.0,28.6,70.0,5,136,HotDry
33.0,26.4,29.0,1007.5,74,66,26.9,262,0.0,3,0.0,28.7,74.0,5,137,HotDry
32.0,25.8,28.5,1005.3,77,36,35.5,261,0.0,3,0.0,29.0,74.0,5,138,HotDry
32.4,26.9,29.2,1004.0,78,35,31.1,248,0.0,3,0.0,28.5,77.0,5,139,HotDry
32.9,27.0,29.5,1006.6,79,18,27.5,238,0.0,1,0.0,29.2,78.0,5,140,HotDry
33.3,27.2,29.5,1007.1,78,41,24.0,248,0.0,3,0.0,29.5,79.0,5,141,HotDry
32.9,26.5,29.2,1005.4,72,30,22.5,254,0.0,3,0.0,29.5,78.0,5,142,HotDry
33.2,26.6,29.3,1003.2,76,29,25.7,239,0.0,2,0.0,29.2,72.0,5,143,HotDry
34.7,27.1,30.1,1001.5,75,21,26.3,255,0.0,2,0.0,29.3,76.0,5,144,HotDry
34.6,27.8,30.5,1001.8,63,0,31.6,250,0.0,0,0.0,30.1,75.0,5,145,HotDry
32.9,26.0,29.0,1001.6,72,3,23.3,249,0.0,0,0.0,30.5,63.0,5,146,HotDry
33.0,25.6,28.8,1001.7,76,18,23.8,237,0.0,2,0.0,29.0,72.0,5,147,HotDry
32.6,25.7,28.5,1002.4,75,19,20.2,243,0.0,2,0.0,28.8,76.0,5,148,HotDry
33.3,25.8,28.7,1003.7,73,23,23.0,259,0.0,3,0.0,28.5,75.0,5,149,HotDry
33.9,26.5,29.4,1004.3,73,18,26.0,267,0.0,2,0.0,28.7,73.0,5,150,HotDry
34.4,27.1,30.0,1003.1,73,11,30.0,270,0.0,1,0.0,29.4,73.0,5,151,HotDry
34.6,26.8,30.3,1001.1,74,10,31.5,268,0.0,2,0.0,30.0,73.0,6,152,Monsoon
35.1,27.3,30.7,999.2,73,2,30.8,261,0.0,0,0.0,30.3,74.0,6,153,Monsoon
35.1,27.4,30.6,997.3,76,2,32.5,258,0.0,0,0.0,30.7,73.0,6,154,Monsoon
35.1,27.5,30.7,998.7,78,15,23.2,256,0.0,2,0.0,30.6,76.0,6,155,Monsoon
34.0,28.1,30.7,999.5,78,22,20.7,257,0.0,2,0.0,30.7,78.0,6,156,Monsoon
35.8,27.8,30.9,998.3,73,19,23.9,266,0.0,2,0.0,30.7,78.0,6,157,Monsoon
38.5,27.4,32.1,996.3,68,6,27.9,282,0.0,1,0.0,30.9,73.0,6,158,Monsoon
37.6,28.4,32.3,994.6,66,56,28.4,269,0.0,3,0.0,32.1,68.0,6,159,Monsoon
36.3,28.1,31.7,993.0,72,1,19.6,237,0.0,0,0.0,32.3,66.0,6,160,Monsoon
40.8,27.5,33.5,991.1,61,13,23.1,245,0.0,2,0.0,31.7,72.0,6,161,Monsoon
38.6,29.4,33.2,993.5,59,0,29.3,258,0.0,0,0.0,33.5,61.0,6,162,Monsoon
34.0,27.3,30.2,998.6,75,13,26.1,246,0.0,2,0.0,33.2,59.0,6,163,Monsoon
33.2,28.0,30.1,999.6,74,46,31.0,253,0.0,3,0.0,30.2,75.0,6,164,Monsoon
33.1,27.4,29.8,1000.1,75,43,29.1,250,0.0,3,0.0,30.1,74.0,6,165,Monsoon
32.3,27.9,29.7,1002.4,75,38,32.7,247,0.0,2,0.0,29.8,75.0,6,166,Monsoon
31.9,27.7,29.3,1001.0,78,44,40.4,253,0.0,3,0.0,29.7,75.0,6,167,Monsoon
32.4,27.4,29.4,997.1,78,21,46.0,252,0.0,2,0.0,29.3,78.0,6,168,Monsoon
33.3,27.8,30.0,994.0,76,1,47.4,257,0.0,0,0.0,29.4,78.0,6,169,Monsoon
33.2,27.7,29.8,994.7,77,2,41.0,257,0.0,1,0.0,30.0,76.0,6,170,Monsoon
32.4,27.1,29.3,999.0,80,38,28.2,250,0.0,2,0.0,29.8,77.0,6,171,Monsoon
33.3,27.2,29.7,1004.5,75,29,20.6,247,0.0,2,0.0,29.3,80.0,6,172,Monsoon
32.9,27.4,29.6,1006.2,74,19,25.3,258,0.0,2,0.0,29.7,75.0,6,173,Monsoon
32.0,26.9,29.0,1003.3,76,28,34.8,258,0.0,2,0.0,29.6,74.0,6,174,Monsoon
32.4,27.1,29.2,1000.1,76,23,38.4,256,0.0,2,0.0,29.0,76.0,6,175,Monsoon
32.5,26.7,29.0,999.1,79,16,36.2,249,0.0,2,0.0,29.2,76.0,6,176,Monsoon
32.8,26.7,29.1,999.2,79,19,28.7,240,0.0,2,0.0,29.0,79.0,6,177,Monsoon
32.6,26.2,28.8,999.4,79,12,24.7,241,0.0,1,0.0,29.1,79.0,6,178,Monsoon
32.1,26.4,28.7,1001.1,75,27,22.2,242,0.0,2,0.0,28.8,79.0,6,179,Monsoon
32.1,26.4,28.8,1002.3,73,36,24.0,250,0.0,2,0.0,28.7,75.0,6,180,Monsoon
31.6,27.1,28.9,1002.5,73,66,30.4,255,0.0,3,0.0,28.8,73.0,6,181,Monsoon
31.6,26.9,29.1,1002.3,72,60,35.6,252,0.0,3,0.0,28.9,73.0,7,182,Monsoon
31.8,27.4,29.3,1001.1,75,57,34.2,247,0.0,3,0.0,29.1,72.0,7,183,Monsoon
31.9,27.3,29.2,999.5,78,53,36.6,248,0.0,3,0.0,29.3,75.0,7,184,Monsoon
32.1,27.1,29.2,999.1,79,46,37.0,244,0.0,3,0.0,29.2,78.0,7,185,Monsoon
32.1,27.2,29.3,998.8,80,30,35.7,243,0.0,2,0.0,29.2,79.0,7,186,Monsoon
32.6,27.1,29.3,998.2,79,12,32.7,245,0.0,1,0.0,29.3,80.0,7,187,Monsoon
32.6,26.8,29.2,997.7,81,31,26.7,243,0.0,2,0.0,29.3,79.0,7,188,Monsoon
32.1,26.5,29.1,997.4,78,43,23.7,236,0.0,3,0.0,29.2,81.0,7,189,Monsoon
32.0,26.9,29.1,998.5,76,43,19.9,235,0.0,3,0.0,29.1,78.0,7,190,Monsoon
31.8,26.7,28.9,999.2,76,38,22.1,240,0.0,2,0.0,29.1,76.0,7,191,Monsoon
31.8,26.5,28.8,1000.2,76,34,24.2,250,0.0,2,0.0,28.9,76.0,7,192,Monsoon
31.5,26.7,28.7,998.7,76,64,28.7,250,0.0,3,0.0,28.8,76.0,7,193,Monsoon
31.0,26.8,28.5,996.9,77,62,34.2,250,0.0,2,0.0,28.7,76.0,7,194,Monsoon
30.9,26.7,28.5,996.4,78,54,26.8,244,0.0,2,0.0,28.5,77.0,7,195,Monsoon
32.0,26.1,28.8,997.6,77,45,23.0,243,0.0,2,0.0,28.5,78.0,7,196,Monsoon
33.7,26.2,29.1,997.9,75,39,25.2,258,0.0,3,0.0,28.8,77.0,7,197,Monsoon
33.1,26.4,29.1,997.4,76,35,21.1,255,0.0,3,0.0,29.1,75.0,7,198,Monsoon
32.9,26.9,29.2,997.7,77,87,21.7,251,0.0,3,0.0,29.1,76.0,7,199,Monsoon
31.1,27.1,28.8,999.2,81,96,22.6,244,0.0,3,0.0,29.2,77.0,7,200,Monsoon
31.2,27.1,28.8,998.2,78,88,31.6,237,0.0,3,0.0,28.8,81.0,7,201,Monsoon
31.2,26.7,28.6,996.5,77,88,27.2,236,0.0,3,0.0,28.8,78.0,7,202,Monsoon
31.0,26.7,28.6,997.2,77,80,22.4,236,0.0,3,0.0,28.6,77.0,7,203,Monsoon
31.3,26.7,28.6,998.7,76,66,23.2,241,0.0,3,0.0,28.6,77.0,7,204,Monsoon
30.9,26.4,28.4,999.1,76,61,27.1,244,0.0,3,0.0,28.6,76.0,7,205,Monsoon
31.2,26.4,28.3,999.2,74,63,26.2,250,0.0,3,0.0,28.4,76.0,7,206,Monsoon
31.2,26.1,28.3,998.0,74,79,25.8,254,0.0,3,0.0,28.3,74.0,7,207,Monsoon
30.8,26.2,28.1,997.4,77,78,27.2,255,0.0,3,0.0,28.3,74.0,7,208,Monsoon
31.0,26.1,28.2,996.1,77,53,25.0,252,0.0,3,0.0,28.1,77.0,7,209,Monsoon
31.5,26.0,28.3,996.3,78,48,20.2,231,0.0,3,0.0,28.2,77.0,7,210,Monsoon
31.6,26.6,28.6,996.7,77,63,22.9,228,0.0,3,0.0,28.3,78.0,7,211,Monsoon
31.0,26.8,28.4,996.6,77,88,25.8,236,0.0,3,0.0,28.6,77.0,7,212,Monsoon
30.0,26.7,28.1,998.0,79,90,28.7,243,0.1,51,0.0,28.4,77.0,8,213,Monsoon
30.5,26.6,28.2,999.4,78,74,28.4,244,0.3,51,0.1,28.1,79.0,8,214,Monsoon
30.2,26.3,27.9,1000.6,77,72,31.3,251,0.0,3,0.3,28.2,78.0,8,215,Monsoon
29.9,26.1,27.7,1001.5,78,54,33.4,251,0.1,51,0.0,27.9,77.0,8,216,Monsoon
29.7,25.9,27.5,1001.8,80,45,35.0,255,0.2,51,0.1,27.7,78.0,8,217,Monsoon
29.7,25.8,27.3,1002.5,81,41,34.9,259,0.0,2,0.2,27.5,80.0,8,218,Monsoon
30.0,25.6,27.4,1002.0,78,45,34.5,259,0.0,2,0.0,27.3,81.0,8,219,Monsoon
29.5,25.7,27.3,1000.7,77,58,34.0,257,0.0,3,0.0,27.4,78.0,8,220,Monsoon
29.5,25.8,27.3,999.3,78,69,31.8,247,0.0,3,0.0,27.3,77.0,8,221,Monsoon
29.6,25.7,27.3,998.3,80,64,28.8,236,0.0,3,0.0,27.3,78.0,8,222,Monsoon
30.9,25.3,27.7,1000.9,79,30,20.8,216,0.0,1,0.0,27.3,80.0,8,223,Monsoon
30.5,25.8,27.8,1001.3,79,51,24.1,243,0.0,2,0.0,27.7,79.0,8,224,Monsoon
30.2,25.4,27.6,1000.2,76,46,29.1,253,0.0,2,0.0,27.8,79.0,8,225,Monsoon
30.0,25.8,27.6,1000.3,77,60,26.3,247,0.0,3,0.0,27.6,76.0,8,226,Monsoon
29.7,25.9,27.5,1001.2,77,60,24.8,248,0.0,3,0.0,27.6,77.0,8,227,Monsoon
29.6,26.0,27.6,1000.3,78,63,27.2,252,0.0,3,0.0,27.5,77.0,8,228,Monsoon
29.9,26.0,27.8,1000.6,78,54,21.7,242,0.0,3,0.0,27.6,78.0,8,229,Monsoon
30.6,26.3,28.1,1001.4,78,57,22.2,241,0.0,3,0.0,27.8,78.0,8,230,Monsoon
30.5,26.4,28.1,1002.0,79,57,26.9,254,0.0,2,0.0,28.1,78.0,8,231,Monsoon
30.6,26.3,28.0,1000.3,77,54,30.0,254,0.0,3,0.0,28.1,79.0,8,232,Monsoon
30.1,26.3,28.1,1000.3,76,73,24.8,250,0.0,3,0.0,28.0,77.0,8,233,Monsoon
30.8,26.4,28.4,1001.8,75,81,21.7,255,0.0,3,0.0,28.1,76.0,8,234,Monsoon
31.2,26.3,28.3,1001.7,75,51,28.2,260,0.0,3,0.0,28.4,75.0,8,235,Monsoon
31.0,26.4,28.2,1000.1,77,60,29.1,258,0.0,3,0.0,28.3,75.0,8,236,Monsoon
30.5,26.2,28.0,999.9,78,78,32.1,254,0.0,3,0.0,28.2,77.0,8,237,Monsoon
30.8,26.1,28.0,1001.6,76,56,35.6,257,0.0,3,0.0,28.0,78.0,8,238,Monsoon
30.4,26.0,27.7,1002.6,77,64,35.3,255,0.0,3,0.0,28.0,76.0,8,239,Monsoon
30.0,25.8,27.6,1001.7,76,49,32.1,253,0.0,2,0.0,27.7,77.0,8,240,Monsoon
30.1,25.8,27.7,1002.6,76,59,21.5,250,0.0,3,0.0,27.6,76.0,8,241,Monsoon
30.6,25.8,27.8,1003.7,77,45,21.4,255,0.0,3,0.0,27.7,76.0,8,242,Monsoon
30.5,25.8,27.7,1003.8,77,56,23.9,259,0.0,3,0.0,27.8,77.0,8,243,Monsoon
30.0,25.8,27.4,1005.4,77,77,27.7,256,0.0,3,0.0,27.7,77.0,9,244,Monsoon
29.7,25.4,27.2,1005.9,76,73,27.6,258,0.0,3,0.0,27.4,77.0,9,245,Monsoon
29.8,25.1,27.1,1004.4,75,46,32.9,256,0.0,2,0.0,27.2,76.0,9,246,Monsoon
29.9,25.5,27.3,1004.9,76,47,36.0,258,0.0,2,0.0,27.1,75.0,9,247,Monsoon
30.2,25.7,27.4,1005.6,78,50,36.1,253,0.0,2,0.0,27.3,76.0,9,248,Monsoon
29.8,25.6,27.3,1005.1,82,62,32.0,249,0.0,3,0.0,27.4,78.0,9,249,Monsoon
29.6,25.5,27.1,1003.3,83,71,32.9,245,0.0,3,0.0,27.3,82.0,9,250,Monsoon
29.3,25.5,27.0,1003.4,80,84,32.1,246,0.0,3,0.0,27.1,83.0,9,251,Monsoon
29.3,25.4,27.0,1005.8,79,56,29.3,247,0.0,3,0.0,27.0,80.0,9,252,Monsoon
29.6,25.2,27.0,1006.2,78,51,26.4,244,0.0,3,0.0,27.0,79.0,9,253,Monsoon
29.5,25.2,26.9,1008.8,78,45,23.8,242,0.0,2,0.0,27.0,78.0,9,254,Monsoon
29.7,25.1,26.9,1009.6,77,36,26.8,250,0.0,2,0.0,26.9,78.0,9,255,Monsoon
29.4,25.1,26.9,1008.8,75,46,28.6,253,0.0,2,0.0,26.9,77.0,9,256,Monsoon
29.2,25.0,26.7,1008.1,77,48,30.9,256,0.0,3,0.0,26.9,75.0,9,257,Monsoon
28.8,25.0,26.7,1007.1,79,62,26.0,248,0.0,3,0.0,26.7,77.0,9,258,Monsoon
29.6,25.0,27.0,1007.3,80,51,20.2,239,0.0,3,0.0,26.7,79.0,9,259,Monsoon
29.3,25.1,26.8,1008.4,81,55,24.2,244,0.0,3,0.0,27.0,80.0,9,260,Monsoon
29.2,24.8,26.6,1006.7,80,64,25.0,243,0.0,3,0.0,26.8,81.0,9,261,Monsoon
29.7,24.8,26.6,1005.5,80,33,27.5,236,0.0,2,0.0,26.6,80.0,9,262,Monsoon
29.5,24.3,26.5,1007.5,79,46,17.4,234,0.0,3,0.0,26.6,80.0,9,263,Monsoon
30.4,23.7,26.4,1008.4,78,22,20.1,256,0.0,2,0.0,26.5,79.0,9,264,Monsoon
31.0,23.7,26.5,1008.0,77,18,21.3,265,0.0,2,0.0,26.4,78.0,9,265,Monsoon
30.0,23.8,26.3,1006.8,80,18,27.4,260,0.0,2,0.0,26.5,77.0,9,266,Monsoon
29.8,24.4,26.6,1005.2,80,12,31.9,250,0.0,1,0.0,26.3,80.0,9,267,Monsoon
30.0,24.6,26.9,1004.7,79,43,30.8,244,0.0,2,0.0,26.6,80.0,9,268,Monsoon
29.7,25.1,27.1,1006.6,79,53,25.5,230,0.0,3,0.0,26.9,79.0,9,269,Monsoon
30.0,25.2,27.2,1009.4,78,41,22.4,224,0.0,2,0.0,27.1,79.0,9,270,Monsoon
29.7,24.5,26.9,1011.1,79,26,20.5,247,0.4,51,0.0,27.2,78.0,9,271,Monsoon
31.5,25.1,27.3,1010.9,73,17,21.1,266,0.0,2,0.4,26.9,79.0,9,272,Monsoon
34.8,21.4,27.8,1010.1,62,9,18.4,287,0.0,3,0.0,27.3,73.0,9,273,Monsoon
35.1,21.4,28.4,1009.7,47,0,20.8,295,0.0,0,0.0,27.8,62.0,10,274,PostMonsoon
34.7,21.2,28.3,1009.8,46,0,21.4,290,0.0,0,0.0,28.4,47.0,10,275,PostMonsoon
34.6,20.6,27.8,1009.2,48,0,19.4,289,0.0,0,0.0,28.3,46.0,10,276,PostMonsoon
35.1,21.8,27.9,1008.1,53,0,19.4,282,0.0,0,0.0,27.8,48.0,10,277,PostMonsoon
33.3,21.6,26.9,1008.4,67,0,20.8,276,0.0,0,0.0,27.9,53.0,10,278,PostMonsoon
30.7,22.6,26.1,1008.5,78,21,26.1,262,0.0,3,0.0,26.9,67.0,10,279,PostMonsoon
30.8,23.8,26.8,1007.3,80,16,17.4,238,0.0,2,0.0,26.1,78.0,10,280,PostMonsoon
31.7,23.9,27.1,1007.2,78,31,15.5,209,0.0,3,0.0,26.8,80.0,10,281,PostMonsoon
32.7,23.5,27.2,1007.6,73,24,17.4,218,0.0,3,0.0,27.1,78.0,10,282,PostMonsoon
33.5,21.8,27.3,1008.5,71,4,17.4,268,0.0,1,0.0,27.2,73.0,10,283,PostMonsoon
34.3,21.4,27.3,1008.8,70,0,18.4,269,0.0,0,0.0,27.3,71.0,10,284,PostMonsoon
35.6,22.5,28.1,1007.1,61,4,20.6,266,0.0,1,0.0,27.3,70.0,10,285,PostMonsoon
37.0,21.1,29.2,1004.0,41,0,31.2,313,0.0,0,0.0,28.1,61.0,10,286,PostMonsoon
31.2,23.6,27.1,1004.3,29,0,31.2,301,0.0,0,0.0,29.2,41.0,10,287,PostMonsoon
33.2,21.7,27.3,1009.8,42,0,24.9,44,0.0,0,0.0,27.1,29.0,10,288,PostMonsoon
33.1,22.9,27.8,1014.8,36,0,25.6,55,0.0,0,0.0,27.3,42.0,10,289,PostMonsoon
33.2,22.5,27.7,1014.6,37,0,16.9,21,0.0,0,0.0,27.8,36.0,10,290,PostMonsoon
32.5,20.7,26.4,1013.6,53,0,19.5,291,0.0,0,0.0,27.7,37.0,10,291,PostMonsoon
32.4,19.8,25.6,1013.3,67,0,18.2,285,0.0,0,0.0,26.4,53.0,10,292,PostMonsoon
32.8,20.2,26.0,1011.9,71,0,19.1,282,0.0,0,0.0,25.6,67.0,10,293,PostMonsoon
31.4,21.9,26.0,1010.6,83,31,19.8,256,0.0,3,0.0,26.0,71.0,10,294,PostMonsoon
31.2,23.6,26.6,1011.6,80,37,14.3,224,0.0,3,0.0,26.0,83.0,10,295,PostMonsoon
34.0,21.6,27.1,1012.5,64,33,13.2,277,0.0,3,0.0,26.6,80.0,10,296,PostMonsoon
35.2,22.9,28.7,1011.9,45,11,20.9,313,0.0,2,0.0,27.1,64.0,10,297,PostMonsoon
36.1,23.7,29.6,1010.8,35,0,18.9,320,0.0,0,0.0,28.7,45.0,10,298,PostMonsoon
36.0,22.8,29.1,1010.7,39,1,19.1,301,0.0,0,0.0,29.6,35.0,10,299,PostMonsoon
34.4,23.8,28.3,1011.1,49,0,22.0,282,0.0,0,0.0,29.1,39.0,10,300,PostMonsoon
32.8,21.3,26.4,1010.0,72,0,16.3,271,0.0,0,0.0,28.3,49.0,10,301,PostMonsoon
33.5,19.4,26.1,1009.0,68,30,14.0,280,0.0,3,0.0,26.4,72.0,10,302,PostMonsoon
34.5,20.3,27.0,1010.4,51,1,13.5,321,0.0,0,0.0,26.1,68.0,10,303,PostMonsoon
34.0,18.9,26.4,1012.3,51,0,16.3,333,0.0,0,0.0,27.0,51.0,10,304,PostMonsoon
33.4,19.5,25.9,1011.8,57,0,17.7,288,0.0,0,0.0,26.4,51.0,11,305,PostMonsoon
32.3,18.4,25.1,1012.6,67,4,15.5,284,0.0,1,0.0,25.9,57.0,11,306,PostMonsoon
32.2,18.9,25.2,1012.4,61,7,18.7,290,0.0,1,0.0,25.1,67.0,11,307,PostMonsoon
30.8,17.9,24.3,1012.4,68,0,18.8,286,0.0,0,0.0,25.2,61.0,11,308,PostMonsoon
28.8,18.6,23.6,1012.4,76,1,21.1,277,0.0,0,0.0,24.3,68.0,11,309,PostMonsoon
27.8,22.6,24.7,1013.2,75,24,22.7,259,0.0,2,0.0,23.6,76.0,11,310,PostMonsoon
27.8,21.5,24.3,1014.4,73,25,17.0,279,0.0,2,0.0,24.7,75.0,11,311,PostMonsoon
29.2,19.8,24.3,1012.6,70,12,22.5,289,0.0,1,0.0,24.3,73.0,11,312,PostMonsoon
29.9,20.3,25.1,1012.7,68,16,19.1,293,0.5,53,0.0,24.3,70.0,11,313,PostMonsoon
30.7,21.2,25.8,1014.8,55,5,24.2,23,0.0,1,0.5,25.1,68.0,11,314,PostMonsoon
30.9,21.3,25.8,1016.8,45,1,20.4,42,0.0,0,0.0,25.8,55.0,11,315,PostMonsoon
30.8,20.7,25.6,1016.8,45,7,18.5,57,0.0,1,0.0,25.8,45.0,11,316,PostMonsoon
30.9,20.8,25.6,1018.2,44,13,22.1,44,0.0,2,0.0,25.6,45.0,11,317,PostMonsoon
30.4,20.7,25.4,1018.5,46,0,17.2,27,0.0,0,0.0,25.6,44.0,11,318,PostMonsoon
30.1,19.6,24.9,1016.7,46,1,17.3,59,0.0,0,0.0,25.4,46.0,11,319,PostMonsoon
30.5,20.2,25.3,1015.9,35,5,24.6,47,0.0,1,0.0,24.9,46.0,11,320,PostMonsoon
30.8,22.6,26.2,1017.1,33,22,25.5,46,0.0,2,0.0,25.3,35.0,11,321,PostMonsoon
30.9,21.4,25.6,1018.5,35,2,28.1,55,0.0,1,0.0,26.2,33.0,11,322,PostMonsoon
30.4,20.3,25.0,1017.6,41,20,20.4,35,0.0,3,0.0,25.6,35.0,11,323,PostMonsoon
28.8,17.2,23.1,1016.1,65,0,15.0,266,0.0,0,0.0,25.0,41.0,11,324,PostMonsoon
29.4,18.0,23.2,1015.2,73,11,16.8,279,0.0,3,0.0,23.1,65.0,11,325,PostMonsoon
29.7,17.4,23.4,1016.1,68,59,14.0,301,0.0,3,0.0,23.2,73.0,11,326,PostMonsoon
31.2,18.7,24.9,1017.1,43,99,18.8,51,0.0,3,0.0,23.4,68.0,11,327,PostMonsoon
30.7,23.5,26.6,1017.3,33,99,27.1,56,0.0,3,0.0,24.9,43.0,11,328,PostMonsoon
31.0,22.6,26.7,1016.6,30,78,23.1,68,0.0,3,0.0,26.6,33.0,11,329,PostMonsoon
30.2,20.4,25.3,1016.9,40,82,10.8,20,0.0,3,0.0,26.7,30.0,11,330,PostMonsoon
29.8,18.9,24.2,1017.3,55,3,14.5,302,0.0,1,0.0,25.3,40.0,11,331,PostMonsoon
28.9,19.6,23.7,1015.7,74,0,16.4,282,0.0,0,0.0,24.2,55.0,11,332,PostMonsoon
29.5,18.9,23.6,1014.1,62,18,21.0,297,0.0,3,0.0,23.7,74.0,11,333,PostMonsoon
28.0,17.0,22.4,1014.5,28,0,18.1,24,0.0,0,0.0,23.6,62.0,11,334,PostMonsoon
27.3,15.7,21.2,1015.2,32,3,16.3,56,0.0,1,0.0,22.4,28.0,12,335,Winter
27.1,15.2,20.9,1016.9,30,13,17.5,60,0.0,3,0.0,21.2,32.0,12,336,Winter
27.6,15.4,21.2,1018.1,33,92,13.7,48,0.0,3,0.0,20.9,30.0,12,337,Winter
28.1,14.4,21.1,1018.6,40,54,11.0,33,0.0,3,0.0,21.2,33.0,12,338,Winter
29.4,16.1,22.1,1019.3,35,48,15.9,49,0.0,3,0.0,21.1,40.0,12,339,Winter
28.6,14.9,21.5,1019.7,44,18,14.6,345,0.0,3,0.0,22.1,35.0,12,340,Winter
27.3,15.7,21.3,1019.0,69,8,14.7,287,0.0,2,0.0,21.5,44.0,12,341,Winter
28.9,17.8,22.6,1018.2,74,57,9.0,333,0.0,3,0.0,21.3,69.0,12,342,Winter
30.1,17.4,23.4,1018.2,51,0,12.1,37,0.0,0,0.0,22.6,74.0,12,343,Winter
30.4,18.7,24.3,1019.2,43,36,16.3,56,0.0,3,0.0,23.4,51.0,12,344,Winter
30.0,20.0,24.5,1019.7,42,0,21.7,57,0.0,0,0.0,24.3,43.0,12,345,Winter
29.2,17.5,23.3,1019.5,49,8,11.9,33,0.0,2,0.0,24.5,42.0,12,346,Winter
29.6,17.6,23.5,1019.0,49,22,10.0,26,0.0,3,0.0,23.3,49.0,12,347,Winter
29.4,16.8,23.2,1018.1,50,15,10.3,32,0.0,2,0.0,23.5,49.0,12,348,Winter
30.1,17.9,23.8,1018.2,45,68,15.8,66,0.0,3,0.0,23.2,50.0,12,349,Winter
30.2,19.9,24.6,1017.3,43,73,22.2,61,0.0,3,0.0,23.8,45.0,12,350,Winter
28.7,18.7,23.3,1015.2,53,84,12.0,11,0.0,3,0.0,24.6,43.0,12,351,Winter
28.9,16.6,22.8,1013.0,53,5,13.2,19,0.0,1,0.0,23.3,53.0,12,352,Winter
28.8,19.3,23.6,1011.3,45,13,21.8,59,0.0,1,0.0,22.8,53.0,12,353,Winter
26.1,18.7,22.1,1010.8,58,21,17.2,13,0.0,2,0.0,23.6,45.0,12,354,Winter
24.7,18.0,21.1,1011.0,76,17,15.9,284,0.3,51,0.0,22.1,58.0,12,355,Winter
25.6,16.1,20.9,1013.2,65,0,17.4,46,0.0,0,0.3,21.1,76.0,12,356,Winter
23.9,16.5,20.4,1012.3,63,3,21.7,233,0.0,0,0.0,20.9,65.0,12,357,Winter
21.6,15.5,19.2,1011.6,51,1,23.8,339,0.0,0,0.0,20.4,63.0,12,358,Winter
22.9,13.9,18.5,1011.8,45,0,14.0,341,0.0,0,0.0,19.2,51.0,12,359,Winter
23.3,12.8,18.7,1013.9,61,0,20.1,179,0.0,0,0.0,18.5,45.0,12,360,Winter
25.6,17.5,21.0,1012.1,52,0,20.8,298,0.0,0,0.0,18.7,61.0,12,361,Winter
24.6,12.9,19.1,1014.1,53,0,14.8,68,0.0,0,0.0,21.0,52.0,12,362,Winter
23.8,14.2,18.9,1016.3,47,0,13.4,25,0.0,0,0.0,19.1,53.0,12,363,Winter
24.2,13.4,18.9,1016.3,68,0,15.9,286,0.0,0,0.0,18.9,47.0,12,364,Winter
24.6,14.7,19.7,1017.0,60,2,14.2,46,0.0,1,0.0,18.9,68.0,12,365,Winter
24.5,15.6,19.6,1020.0,35,0,23.4,80,0.0,0,0.0,19.7,60.0,1,1,Winter
24.5,13.7,19.2,1020.9,36,0,15.3,78,0.0,0,0.0,19.6,35.0,1,2,Winter
25.4,14.9,19.8,1021.7,31,2,24.0,72,0.0,0,0.0,19.2,36.0,1,3,Winter
25.9,15.2,20.1,1022.5,35,10,20.0,69,0.0,2,0.0,19.8,31.0,1,4,Winter
25.2,11.9,18.8,1020.3,57,0,14.5,299,0.0,0,0.0,20.1,35.0,1,5,Winter
24.3,18.1,20.9,1016.4,74,18,26.8,267,0.2,51,0.0,18.8,57.0,1,6,Winter
22.8,15.8,19.5,1016.2,48,0,26.7,283,0.0,0,0.2,20.9,74.0,1,7,Winter
24.2,11.7,17.9,1017.1,40,1,20.9,73,0.0,0,0.0,19.5,48.0,1,8,Winter
23.0,11.7,17.6,1017.2,36,0,14.0,358,0.0,0,0.0,17.9,40.0,1,9,Winter
23.6,13.8,18.5,1018.1,45,1,22.4,326,0.0,1,0.0,17.6,36.0,1,10,Winter
21.2,11.2,16.4,1019.7,20,41,22.5,9,0.0,3,0.0,18.5,45.0,1,11,Winter
20.9,11.5,15.8,1020.6,27,97,25.9,63,0.0,3,0.0,16.4,20.0,1,12,Winter
22.9,13.8,17.7,1019.6,30,26,19.5,48,0.0,3,0.0,15.8,27.0,1,13,Winter
23.3,11.2,17.1,1019.2,40,21,12.0,355,0.0,3,0.0,17.7,30.0,1,14,Winter
23.1,12.4,17.7,1018.4,63,36,12.6,332,0.0,3,0.0,17.1,40.0,1,15,Winter
23.6,12.4,18.2,1019.0,63,79,9.5,44,0.0,3,0.0,17.7,63.0,1,16,Winter
25.9,12.8,19.2,1018.8,38,34,16.6,65,0.0,3,0.0,18.2,63.0,1,17,Winter
26.0,13.6,19.9,1018.2,34,31,13.4,23,0.0,3,0.0,19.2,38.0,1,18,Winter
26.5,13.5,20.1,1018.8,50,30,15.1,344,0.0,3,0.0,19.9,34.0,1,19,Winter
26.6,15.4,21.3,1017.8,52,20,20.9,284,0.0,3,0.0,20.1,50.0,1,20,Winter
27.4,17.6,22.0,1016.2,74,8,13.0,288,0.0,2,0.0,21.3,52.0,1,21,Winter
27.9,16.5,21.8,1017.6,58,10,14.6,108,0.0,1,0.0,22.0,74.0,1,22,Winter
25.3,17.0,21.0,1016.8,77,24,15.7,267,0.0,2,0.0,21.8,58.0,1,23,Winter
25.0,18.1,21.4,1017.0,72,17,20.5,288,0.0,1,0.0,21.0,77.0,1,24,Winter
26.2,16.8,21.5,1016.9,60,42,23.0,329,0.0,3,0.0,21.4,72.0,1,25,Winter
22.9,17.4,20.0,1017.4,54,81,30.0,4,2.7,55,0.0,21.5,60.0,1,26,Winter
20.4,16.3,17.9,1017.5,75,99,14.2,32,6.2,53,2.7,20.0,54.0,1,27,Winter
19.5,15.4,17.3,1015.8,80,84,14.3,66,12.2,61,6.2,17.9,75.0,1,28,Winter
22.6,17.2,19.6,1012.1,81,43,23.0,247,4.5,61,12.2,17.3,80.0,1,29,Winter
20.7,14.6,17.8,1014.7,71,0,14.2,296,0.0,0,4.5,19.6,81.0,1,30,Winter
21.6,13.5,17.1,1018.5,70,9,18.0,57,0.0,3,0.0,17.8,71.0,1,31,Winter
21.5,13.6,17.8,1016.2,78,30,23.8,279,0.0,3,0.0,17.1,70.0,2,32,Winter
23.3,18.7,20.4,1013.2,84,47,27.8,279,0.0,3,0.0,17.8,78.0,2,33,Winter
24.2,17.6,20.9,1014.1,86,37,16.3,280,0.0,3,0.0,20.4,84.0,2,34,Winter
23.4,18.3,20.7,1015.4,83,82,15.1,82,0.0,3,0.0,20.9,86.0,2,35,Winter
24.4,16.9,20.5,1016.1,70,12,16.7,46,0.0,1,0.0,20.7,83.0,2,36,Winter
25.4,19.8,22.0,1013.5,76,35,28.6,260,1.1,51,0.0,20.5,70.0,2,37,Winter
24.4,15.8,20.1,1014.5,58,0,15.6,314,0.0,0,1.1,22.0,76.0,2,38,Winter
23.8,15.2,19.4,1013.4,63,0,19.9,284,0.0,0,0.0,20.1,58.0,2,39,Winter
24.3,13.7,19.2,1014.7,65,0,12.9,328,0.0,0,0.0,19.4,63.0,2,40,Winter
24.1,13.7,19.4,1016.3,68,5,16.2,307,0.0,1,0.0,19.2,65.0,2,41,Winter
25.6,14.9,20.4,1015.8,62,3,15.5,262,0.0,0,0.0,19.4,68.0,2,42,Winter
24.0,16.8,20.4,1012.7,71,44,37.1,257,0.8,53,0.0,20.4,62.0,2,43,Winter
23.0,15.4,19.2,1014.7,42,0,25.9,307,0.0,0,0.8,20.4,71.0,2,44,Winter
24.1,12.1,18.5,1015.9,44,0,15.0,328,0.0,0,0.0,19.2,42.0,2,45,Winter
23.2,12.1,18.1,1014.6,56,0,20.2,264,0.0,0,0.0,18.5,44.0,2,46,Winter
24.2,16.6,20.3,1011.0,54,0,33.0,276,0.0,0,0.0,18.1,56.0,2,47,Winter
24.1,13.6,18.9,1012.8,26,0,32.4,334,0.0,0,0.0,20.3,54.0,2,48,Winter
24.6,12.4,18.9,1013.3,41,0,20.3,284,0.0,0,0.0,18.9,26.0,2,49,Winter
24.1,17.1,20.3,1011.9,61,2,29.2,271,0.0,0,0.0,18.9,41.0,2,50,Winter
26.5,17.1,21.5,1013.1,54,0,19.5,304,0.0,0,0.0,20.3,61.0,2,51,Winter
26.1,14.3,20.2,1014.8,53,0,19.7,203,0.0,0,0.0,21.5,54.0,2,52,Winter
24.5,15.8,20.1,1017.7,67,1,17.1,290,0.0,0,0.0,20.2,53.0,2,53,Winter
27.6,14.1,20.9,1019.1,57,0,15.7,309,0.0,0,0.0,20.1,67.0,2,54,Winter
29.1,15.0,22.3,1018.7,49,0,16.7,311,0.0,0,0.0,20.9,57.0,2,55,Winter
29.3,15.3,22.5,1017.6,43,0,17.7,305,0.0,0,0.0,22.3,49.0,2,56,Winter
27.2,16.8,21.7,1015.7,55,36,26.0,272,0.0,3,0.0,22.5,43.0,2,57,Winter
25.6,19.5,22.2,1012.5,76,21,30.7,270,0.0,2,0.0,21.7,55.0,2,58,Winter
25.8,20.2,22.5,1011.2,62,1,33.5,261,0.0,0,0.0,22.2,76.0,2,59,Winter
25.5,18.7,21.5,1012.6,59,0,29.9,267,0.0,0,0.0,22.5,62.0,2,60,Winter
25.5,17.5,21.0,1015.9,60,8,22.0,275,0.0,2,0.0,21.5,59.0,3,61,HotDry
26.6,15.0,20.9,1016.5,63,43,21.7,281,0.0,3,0.0,21.0,60.0,3,62,HotDry
27.9,19.4,23.0,1015.0,60,25,24.3,273,0.0,3,0.0,20.9,63.0,3,63,HotDry
26.6,20.4,23.0,1014.4,64,35,30.3,268,0.0,2,0.0,23.0,60.0,3,64,HotDry
26.2,19.1,22.1,1015.4,60,1,26.7,267,0.0,0,0.0,23.0,64.0,3,65,HotDry
24.3,17.9,20.8,1016.0,67,14,26.4,263,0.0,1,0.0,22.1,60.0,3,66,HotDry
26.8,17.9,21.7,1015.5,62,2,23.5,278,0.0,1,0.0,20.8,67.0,3,67,HotDry
26.8,16.6,21.4,1015.4,70,4,21.9,270,0.0,1,0.0,21.7,62.0,3,68,HotDry
27.2,16.4,21.7,1014.7,74,15,20.1,274,0.0,3,0.0,21.4,70.0,3,69,HotDry
28.8,19.2,23.4,1013.4,71,37,23.9,265,0.0,3,0.0,21.7,74.0,3,70,HotDry
28.9,21.3,24.4,1013.5,64,36,33.6,265,0.0,3,0.0,23.4,71.0,3,71,HotDry
28.7,21.6,24.4,1014.8,65,96,23.7,261,0.0,3,0.0,24.4,64.0,3,72,HotDry
29.0,20.3,24.1,1015.3,56,68,18.1,290,0.0,3,0.0,24.4,65.0,3,73,HotDry
28.1,16.6,22.6,1016.5,21,15,21.4,21,0.0,2,0.0,24.1,56.0,3,74,HotDry
29.3,15.5,22.4,1016.9,28,8,15.8,19,0.0,1,0.0,22.6,21.0,3,75,HotDry
29.3,16.6,22.9,1014.1,49,7,22.4,274,0.0,2,0.0,22.4,28.0,3,76,HotDry
29.4,19.9,24.0,1011.5,65,34,26.4,273,0.0,3,0.0,22.9,49.0,3,77,HotDry
30.5,21.0,25.3,1009.6,66,81,26.6,267,0.0,3,0.0,24.0,65.0,3,78,HotDry
29.9,22.3,25.8,1007.8,57,59,34.1,265,0.0,3,0.0,25.3,66.0,3,79,HotDry
29.7,23.1,25.7,1009.5,62,35,28.1,267,0.0,3,0.0,25.8,57.0,3,80,HotDry
31.4,23.1,26.3,1011.3,54,98,16.5,285,0.0,3,0.0,25.7,62.0,3,81,HotDry
27.4,20.5,23.8,1011.9,69,86,16.1,255,0.0,3,0.0,26.3,54.0,3,82,HotDry
28.2,21.4,24.5,1011.4,72,72,25.5,250,0.1,51,0.0,23.8,69.0,3,83,HotDry
29.7,22.7,25.8,1010.7,55,97,23.3,311,0.0,3,0.1,24.5,72.0,3,84,HotDry
23.7,20.2,22.1,1011.4,70,87,14.6,319,8.2,55,0.0,25.8,55.0,3,85,HotDry
23.7,20.1,21.7,1013.1,77,86,13.0,279,1.4,53,8.2,22.1,70.0,3,86,HotDry
25.6,20.2,22.4,1015.0,67,99,17.5,306,0.4,51,1.4,21.7,77.0,3,87,HotDry
25.5,18.8,22.1,1013.7,69,22,22.0,283,0.0,3,0.4,22.4,67.0,3,88,HotDry
26.1,18.8,22.2,1011.0,67,45,24.3,283,0.0,3,0.0,22.1,69.0,3,89,HotDry
27.9,18.8,22.8,1009.9,65,8,29.6,281,0.0,1,0.0,22.2,67.0,3,90,HotDry
32.2,18.1,24.8,1011.8,58,14,17.7,311,0.0,3,0.0,22.8,65.0,3,91,HotDry
31.7,21.3,25.7,1011.3,52,57,23.3,292,0.0,3,0.0,24.8,58.0,4,92,HotDry
32.3,20.6,25.7,1011.6,56,1,24.8,284,0.0,0,0.0,25.7,52.0,4,93,HotDry
30.4,21.2,25.0,1011.5,72,11,28.7,270,0.0,1,0.0,25.7,56.0,4,94,HotDry
28.4,21.5,24.7,1011.8,74,62,28.2,265,0.0,3,0.0,25.0,72.0,4,95,HotDry
28.6,23.5,25.4,1009.9,75,37,32.2,260,0.0,3,0.0,24.7,74.0,4,96,HotDry
29.3,22.9,25.6,1009.8,66,68,26.2,261,0.0,3,0.0,25.4,75.0,4,97,HotDry
28.6,23.3,25.3,1009.9,65,96,24.1,270,0.0,3,0.0,25.6,66.0,4,98,HotDry
27.8,21.8,24.6,1011.5,66,95,21.9,267,0.0,3,0.0,25.3,65.0,4,99,HotDry
27.8,22.1,24.6,1009.9,57,20,31.2,267,0.3,51,0.0,24.6,66.0,4,100,HotDry
29.8,21.2,25.0,1010.0,54,7,23.9,274,0.0,2,0.3,24.6,57.0,4,101,HotDry
31.5,20.1,25.7,1011.7,58,25,29.6,285,0.0,3,0.0,25.0,54.0,4,102,HotDry
32.1,20.3,26.2,1013.1,57,0,26.0,299,0.0,0,0.0,25.7,58.0,4,103,HotDry
33.0,21.1,26.8,1012.8,52,0,23.7,285,0.0,0,0.0,26.2,57.0,4,104,HotDry
33.6,21.6,26.6,1011.9,60,0,22.3,266,0.0,0,0.0,26.8,52.0,4,105,HotDry
33.2,21.3,26.7,1010.9,57,3,27.6,264,0.0,1,0.0,26.6,60.0,4,106,HotDry
30.6,21.9,25.7,1010.5,65,55,26.3,265,0.0,3,0.0,26.7,57.0,4,107,HotDry
29.5,22.5,25.5,1008.0,78,65,28.0,255,0.0,3,0.0,25.7,65.0,4,108,HotDry
31.1,22.9,26.4,1007.5,76,23,29.7,258,0.0,2,0.0,25.5,78.0,4,109,HotDry
29.7,23.3,26.1,1010.1,76,29,25.5,252,0.0,2,0.0,26.4,76.0,4,110,HotDry
28.7,24.1,26.1,1011.0,74,34,31.2,238,1.5,51,0.0,26.1,76.0,4,111,HotDry
31.4,22.4,26.2,1011.3,62,35,25.1,265,0.0,3,1.5,26.1,74.0,4,112,HotDry
32.2,22.4,26.6,1009.4,65,1,23.9,259,0.0,0,0.0,26.2,62.0,4,113,HotDry
31.0,20.9,25.8,1008.1,72,2,24.1,259,0.0,1,0.0,26.6,65.0,4,114,HotDry
32.0,20.8,26.1,1008.9,70,10,21.7,275,0.0,2,0.0,25.8,72.0,4,115,HotDry
34.0,22.2,27.1,1011.5,68,1,23.2,278,0.0,0,0.0,26.1,70.0,4,116,HotDry
34.9,22.5,27.9,1011.0,64,0,23.9,278,0.0,0,0.0,27.1,68.0,4,117,HotDry
34.8,23.4,28.1,1008.2,64,0,26.7,272,0.0,0,0.0,27.9,64.0,4,118,HotDry
32.4,23.7,27.2,1007.6,68,19,31.1,266,0.0,3,0.0,28.1,64.0,4,119,HotDry
30.4,23.3,26.5,1008.0,75,24,26.8,258,0.0,2,0.0,27.2,68.0,4,120,HotDry
32.4,24.5,27.8,1008.7,75,25,24.8,261,0.0,3,0.0,26.5,75.0,4,121,HotDry
31.8,24.9,27.7,1007.3,74,89,23.7,256,0.0,3,0.0,27.8,75.0,5,122,HotDry
33.4,24.8,28.7,1004.4,68,24,26.0,258,0.0,3,0.0,27.7,74.0,5,123,HotDry
38.4,25.3,31.4,1002.3,51,4,25.9,276,0.0,1,0.0,28.7,68.0,5,124,HotDry
37.3,27.0,31.5,1003.8,38,5,23.1,284,0.0,1,0.0,31.4,51.0,5,125,HotDry
34.8,25.1,29.2,1008.6,69,2,25.3,261,0.0,1,0.0,31.5,38.0,5,126,HotDry
35.8,24.2,29.4,1010.8,69,16,22.2,274,0.0,3,0.0,29.2,69.0,5,127,HotDry
34.8,24.7,29.1,1008.5,68,1,27.1,271,0.0,0,0.0,29.4,69.0,5,128,HotDry
32.0,25.0,28.1,1006.1,76,8,30.8,259,0.0,2,0.0,29.1,68.0,5,129,HotDry
32.6,25.4,28.5,1006.5,78,21,26.6,255,0.0,2,0.0,28.1,76.0,5,130,HotDry
34.0,25.7,29.1,1006.9,73,6,25.1,264,0.0,1,0.0,28.5,78.0,5,131,HotDry
32.9,25.6,28.7,1005.8,78,41,26.7,262,0.0,3,0.0,29.1,73.0,5,132,HotDry
32.3,25.6,28.4,1006.6,79,22,28.1,254,0.0,2,0.0,28.7,78.0,5,133,HotDry
31.9,25.5,28.2,1008.9,77,20,26.0,259,0.0,2,0.0,28.4,79.0,5,134,HotDry
32.8,26.0,28.8,1008.0,77,8,30.7,260,0.0,1,0.0,28.2,77.0,5,135,HotDry
34.1,26.3,29.4,1005.5,68,0,30.8,258,0.0,0,0.0,28.8,77.0,5,136,HotDry
36.5,24.5,29.8,1004.4,69,8,23.7,241,0.0,1,0.0,29.4,68.0,5,137,HotDry
38.3,24.9,31.2,1003.4,57,0,24.2,258,0.0,0,0.0,29.8,69.0,5,138,HotDry
40.3,26.5,32.5,1001.1,47,0,30.1,275,0.0,0,0.0,31.2,57.0,5,139,HotDry
40.9,27.5,32.8,1000.9,49,0,29.3,272,0.0,0,0.0,32.5,47.0,5,140,HotDry
35.0,26.9,30.4,1002.2,71,0,28.7,246,0.0,0,0.0,32.8,49.0,5,141,HotDry
33.7,27.1,29.8,1003.9,79,48,27.6,252,0.0,3,0.0,30.4,71.0,5,142,HotDry
33.3,27.2,29.8,1004.3,79,42,28.0,248,0.0,3,0.0,29.8,79.0,5,143,HotDry
34.6,27.2,30.3,1003.0,77,15,24.1,255,0.0,2,0.0,29.8,79.0,5,144,HotDry
37.5,26.3,31.2,1000.9,74,11,23.9,247,0.0,1,0.0,30.3,77.0,5,145,HotDry
36.9,26.6,31.5,999.5,72,2,25.5,232,0.0,1,0.0,31.2,74.0,5,146,HotDry
38.8,26.6,32.4,999.0,66,1,20.5,202,0.0,0,0.0,31.5,72.0,5,147,HotDry
35.5,27.5,30.7,1002.0,73,0,26.9,227,0.0,0,0.0,32.4,66.0,5,148,HotDry
33.0,26.7,29.4,1008.0,74,28,21.2,236,0.0,3,0.0,30.7,73.0,5,149,HotDry
33.3,26.8,29.6,1008.2,71,15,25.8,256,0.0,1,0.0,29.4,74.0,5,150,HotDry
36.1,26.1,30.7,1005.6,64,3,27.9,260,0.0,1,0.0,29.6,71.0,5,151,HotDry
33.6,24.7,29.4,1004.9,75,1,26.6,246,0.0,0,0.0,30.7,64.0,5,152,HotDry
33.1,26.0,29.3,1005.7,75,17,26.0,248,0.0,1,0.0,29.4,75.0,6,153,Monsoon
33.5,27.4,29.9,1006.2,74,22,28.0,255,0.0,1,0.0,29.3,75.0,6,154,Monsoon
34.1,27.2,30.1,1004.7,77,19,29.0,255,0.0,2,0.0,29.9,74.0,6,155,Monsoon
35.3,27.2,30.7,1004.0,75,12,21.9,251,0.0,1,0.0,30.1,77.0,6,156,Monsoon
35.6,27.2,31.0,1003.3,72,17,24.3,243,0.0,3,0.0,30.7,75.0,6,157,Monsoon
35.8,26.8,30.8,1002.7,68,0,26.9,248,0.0,0,0.0,31.0,72.0,6,158,Monsoon
35.1,27.4,30.8,1001.4,71,1,30.7,257,0.0,0,0.0,30.8,68.0,6,159,Monsoon
34.6,27.9,30.6,999.8,75,1,28.2,246,0.0,0,0.0,30.8,71.0,6,160,Monsoon
33.6,27.5,30.2,1001.6,78,23,23.5,246,0.0,2,0.0,30.6,75.0,6,161,Monsoon
33.6,27.6,30.1,1002.6,77,19,27.8,259,0.0,2,0.0,30.2,78.0,6,162,Monsoon
33.3,27.6,30.1,1002.2,77,15,32.4,256,0.0,1,0.0,30.1,77.0,6,163,Monsoon
34.1,28.0,30.5,999.7,77,23,31.7,259,0.0,2,0.0,30.1,77.0,6,164,Monsoon
34.3,28.4,30.8,998.7,78,24,28.5,257,0.0,2,0.0,30.5,77.0,6,165,Monsoon
34.2,28.1,30.7,999.6,78,24,28.5,253,0.0,2,0.0,30.8,78.0,6,166,Monsoon
33.4,28.2,30.4,1000.8,77,33,28.0,251,0.0,2,0.0,30.7,78.0,6,167,Monsoon
33.4,28.5,30.4,999.8,76,36,28.6,255,0.0,2,0.0,30.4,77.0,6,168,Monsoon
33.9,27.9,30.5,997.8,79,55,27.0,253,0.0,3,0.0,30.4,76.0,6,169,Monsoon
35.4,27.6,30.7,996.4,79,23,20.7,240,0.0,3,0.0,30.5,79.0,6,170,Monsoon
36.0,27.4,30.8,996.2,78,41,21.1,245,0.0,3,0.0,30.7,79.0,6,171,Monsoon
36.2,27.4,31.1,994.2,77,25,23.0,262,0.0,3,0.0,30.8,78.0,6,172,Monsoon
35.5,28.1,31.4,994.7,73,6,34.9,253,0.0,1,0.0,31.1,77.0,6,173,Monsoon
34.8,28.5,31.2,996.6,70,72,33.9,264,0.0,3,0.0,31.4,73.0,6,174,Monsoon
33.2,28.7,30.4,996.8,75,31,39.7,253,0.0,2,0.0,31.2,70.0,6,175,Monsoon
32.5,28.2,30.0,996.3,78,30,43.9,252,0.0,2,0.0,30.4,75.0,6,176,Monsoon
32.2,28.0,29.7,997.1,78,51,41.8,247,0.0,3,0.0,30.0,78.0,6,177,Monsoon
32.0,27.9,29.5,996.0,79,58,42.3,244,0.4,51,0.0,29.7,78.0,6,178,Monsoon
32.0,27.4,29.3,994.2,80,35,36.8,238,0.0,3,0.4,29.5,79.0,6,179,Monsoon
32.7,27.2,29.5,996.0,76,0,29.6,238,0.0,0,0.0,29.3,80.0,6,180,Monsoon
33.2,25.8,29.0,999.4,78,13,27.2,235,0.0,2,0.0,29.5,76.0,6,181,Monsoon
31.9,26.8,28.8,998.8,77,28,36.2,254,0.0,3,0.0,29.0,78.0,6,182,Monsoon
31.9,27.0,29.0,998.5,78,45,38.3,256,0.0,2,0.0,28.8,77.0,7,183,Monsoon
32.2,27.2,29.3,1000.0,77,47,32.0,247,0.0,2,0.0,29.0,78.0,7,184,Monsoon
31.5,27.5,29.3,1001.3,78,56,32.1,243,0.4,51,0.0,29.3,77.0,7,185,Monsoon
31.6,27.4,29.1,1002.5,78,47,28.0,245,0.3,51,0.4,29.3,78.0,7,186,Monsoon
31.4,27.3,28.9,1004.5,79,39,29.5,248,0.0,2,0.3,29.1,78.0,7,187,Monsoon
31.4,27.1,28.8,1004.0,79,40,36.5,257,0.0,2,0.0,28.9,79.0,7,188,Monsoon
30.9,27.0,28.6,1000.8,79,63,38.0,248,0.0,3,0.0,28.8,79.0,7,189,Monsoon
31.0,26.9,28.5,1000.3,80,60,37.4,243,0.0,3,0.0,28.6,79.0,7,190,Monsoon
30.4,26.9,28.4,1000.2,81,53,35.6,243,0.5,51,0.0,28.5,80.0,7,191,Monsoon
30.7,26.7,28.5,1001.5,80,48,26.9,248,0.0,3,0.5,28.4,81.0,7,192,Monsoon
31.4,26.7,28.7,1001.2,79,44,25.2,252,0.0,2,0.0,28.5,80.0,7,193,Monsoon
31.9,26.6,28.9,1001.8,77,27,21.9,248,0.0,2,0.0,28.7,79.0,7,194,Monsoon
34.2,27.1,29.8,1001.1,74,47,24.2,251,0.0,3,0.0,28.9,77.0,7,195,Monsoon
34.0,27.6,30.2,1000.1,72,79,26.4,243,0.0,3,0.0,29.8,74.0,7,196,Monsoon
31.7,27.7,29.2,1000.1,80,94,14.5,250,7.2,61,0.0,30.2,72.0,7,197,Monsoon
33.9,27.6,30.2,999.7,78,44,22.0,247,0.0,3,7.2,29.2,80.0,7,198,Monsoon
34.0,28.0,30.4,998.1,77,50,23.0,247,0.0,3,0.0,30.2,78.0,7,199,Monsoon
35.7,28.0,31.1,996.6,72,69,22.2,266,2.3,61,0.0,30.4,77.0,7,200,Monsoon
33.2,28.5,30.1,996.3,79,94,24.5,273,3.7,61,2.3,31.1,72.0,7,201,Monsoon
30.4,28.1,28.9,997.3,86,100,26.2,260,4.4,61,3.7,30.1,79.0,7,202,Monsoon
29.0,27.6,28.1,998.3,88,100,23.3,276,16.2,63,4.4,28.9,86.0,7,203,Monsoon
29.4,27.5,28.2,998.4,89,98,28.8,286,10.6,63,16.2,28.1,88.0,7,204,Monsoon
31.3,26.6,28.4,997.8,87,98,24.8,284,14.5,63,10.6,28.2,89.0,7,205,Monsoon
30.0,27.5,28.3,997.8,88,96,28.8,247,1.4,53,14.5,28.4,87.0,7,206,Monsoon
30.7,27.3,28.6,996.0,86,85,29.0,247,0.0,3,1.4,28.3,88.0,7,207,Monsoon
31.0,27.2,28.9,995.3,86,57,22.5,241,0.0,3,0.0,28.6,86.0,7,208,Monsoon
31.4,27.1,28.9,997.1,85,83,17.2,248,0.0,3,0.0,28.9,86.0,7,209,Monsoon
29.3,27.6,28.2,997.6,88,100,19.8,267,18.4,65,0.0,28.9,85.0,7,210,Monsoon
30.9,25.7,27.7,997.6,86,98,24.5,291,30.8,65,18.4,28.2,88.0,7,211,Monsoon
32.5,27.4,28.8,997.8,89,100,27.7,269,0.5,51,30.8,27.7,86.0,7,212,Monsoon
27.3,26.9,27.2,999.2,89,100,30.2,262,28.7,63,0.5,28.8,89.0,7,213,Monsoon
29.6,26.6,27.8,999.6,88,81,35.6,255,4.2,53,28.7,27.2,89.0,8,214,Monsoon
29.0,26.4,27.5,999.2,88,87,20.8,256,2.9,53,4.2,27.8,88.0,8,215,Monsoon
31.0,26.9,28.5,1001.0,86,82,10.6,267,3.9,61,2.9,27.5,88.0,8,216,Monsoon
29.9,26.7,27.8,1003.1,88,100,14.3,320,27.2,63,3.9,28.5,86.0,8,217,Monsoon
29.8,26.4,27.4,1003.1,88,100,22.0,61,17.0,61,27.2,27.8,88.0,8,218,Monsoon
29.4,26.2,27.5,1003.9,89,99,21.1,174,2.9,55,17.0,27.4,88.0,8,219,Monsoon
29.2,26.6,27.8,1003.6,88,86,30.6,245,1.3,51,2.9,27.5,89.0,8,220,Monsoon
29.6,26.9,27.9,1001.7,86,50,37.0,257,0.0,3,1.3,27.8,88.0,8,221,Monsoon
29.4,26.7,27.8,1001.8,86,66,30.7,253,0.6,51,0.0,27.9,86.0,8,222,Monsoon
29.7,26.6,27.8,1002.5,89,94,26.6,259,1.1,51,0.6,27.8,86.0,8,223,Monsoon
30.3,26.5,27.9,1003.2,88,97,18.6,270,0.0,3,1.1,27.8,89.0,8,224,Monsoon
29.1,26.5,27.6,1001.3,91,100,17.3,298,28.9,63,0.0,27.9,88.0,8,225,Monsoon
31.7,26.9,28.9,1000.7,81,74,29.7,68,1.6,53,28.9,27.6,91.0,8,226,Monsoon
31.1,25.9,28.5,1000.8,84,41,18.8,108,0.0,3,1.6,28.9,81.0,8,227,Monsoon
32.3,26.3,29.0,1001.1,84,54,15.3,122,0.0,3,0.0,28.5,84.0,8,228,Monsoon
30.2,27.0,28.5,999.7,88,69,23.5,242,0.0,3,0.0,29.0,84.0,8,229,Monsoon
30.1,26.4,27.9,996.8,87,73,21.3,222,0.0,3,0.0,28.5,88.0,8,230,Monsoon
30.0,26.2,27.8,997.1,86,77,17.7,231,0.0,3,0.0,27.9,87.0,8,231,Monsoon
29.0,25.8,27.2,1000.9,84,71,22.6,246,0.0,3,0.0,27.8,86.0,8,232,Monsoon
29.2,25.9,27.2,1001.2,82,57,32.6,259,0.0,3,0.0,27.2,84.0,8,233,Monsoon
29.3,25.7,27.2,1000.1,83,47,29.0,255,0.0,3,0.0,27.2,82.0,8,234,Monsoon
29.6,25.5,27.2,1002.1,84,82,15.3,233,0.0,3,0.0,27.2,83.0,8,235,Monsoon
28.8,25.3,26.9,1003.5,83,91,17.0,223,0.0,3,0.0,27.2,84.0,8,236,Monsoon
29.6,26.0,27.5,1003.8,85,62,24.0,238,0.0,3,0.0,26.9,83.0,8,237,Monsoon
29.5,26.1,27.5,1003.4,83,62,25.9,241,0.0,3,0.0,27.5,85.0,8,238,Monsoon
29.1,25.9,27.3,1002.1,78,58,30.4,250,0.0,3,0.0,27.5,83.0,8,239,Monsoon
29.4,26.1,27.4,1001.0,78,51,31.8,251,0.0,3,0.0,27.3,78.0,8,240,Monsoon
29.8,26.1,27.7,1001.5,81,53,25.0,249,0.0,3,0.0,27.4,78.0,8,241,Monsoon
30.4,25.7,27.8,1002.2,82,29,16.5,242,0.0,2,0.0,27.7,81.0,8,242,Monsoon
30.7,26.0,28.0,1002.3,79,40,20.2,251,0.0,3,0.0,27.8,82.0,8,243,Monsoon
31.1,25.9,28.3,1002.2,80,57,19.8,257,0.5,51,0.0,28.0,79.0,8,244,Monsoon
31.5,27.0,28.8,1003.5,80,31,21.1,256,0.0,3,0.5,28.3,80.0,9,245,Monsoon
31.7,27.2,29.0,1003.3,80,44,22.2,248,0.0,3,0.0,28.8,80.0,9,246,Monsoon
31.6,27.2,28.9,1000.6,81,82,19.8,234,0.7,53,0.0,29.0,80.0,9,247,Monsoon
32.0,27.0,28.9,1000.0,77,74,10.2,243,1.5,53,0.7,28.9,81.0,9,248,Monsoon
31.8,27.0,28.9,1000.5,80,65,15.3,243,2.1,53,1.5,28.9,77.0,9,249,Monsoon
31.6,26.0,28.3,1000.7,82,69,19.3,254,0.0,3,2.1,28.9,80.0,9,250,Monsoon
32.9,26.0,28.6,1000.2,80,79,21.4,257,0.0,3,0.0,28.3,82.0,9,251,Monsoon
33.2,26.1,28.8,998.8,78,89,20.9,225,0.0,3,0.0,28.6,80.0,9,252,Monsoon
32.5,26.0,28.5,998.8,77,58,27.0,234,0.0,3,0.0,28.8,78.0,9,253,Monsoon
31.2,25.4,27.7,1002.0,81,17,23.6,223,0.0,3,0.0,28.5,77.0,9,254,Monsoon
31.6,25.4,27.6,1005.4,79,45,23.9,240,0.0,3,0.0,27.7,81.0,9,255,Monsoon
30.5,25.2,27.4,1004.3,75,41,29.4,257,0.0,3,0.0,27.6,79.0,9,256,Monsoon
30.4,25.5,27.5,1004.2,76,29,33.9,252,0.0,2,0.0,27.4,75.0,9,257,Monsoon
30.4,25.7,27.7,1006.4,75,49,29.3,252,0.0,3,0.0,27.5,76.0,9,258,Monsoon
30.1,25.6,27.5,1007.3,75,52,30.2,250,0.0,3,0.0,27.7,75.0,9,259,Monsoon
30.0,25.5,27.3,1007.5,76,34,33.3,251,0.0,2,0.0,27.5,75.0,9,260,Monsoon
30.0,25.3,27.2,1006.9,73,43,30.2,251,0.0,2,0.0,27.3,76.0,9,261,Monsoon
30.2,24.9,27.3,1007.8,72,33,25.6,250,0.0,2,0.0,27.2,73.0,9,262,Monsoon
29.7,24.9,27.0,1009.8,73,31,22.4,250,0.0,2,0.0,27.3,72.0,9,263,Monsoon
29.9,25.1,27.0,1011.4,71,17,21.1,256,0.0,1,0.0,27.0,73.0,9,264,Monsoon
30.1,24.1,26.5,1011.3,74,9,22.3,263,0.0,1,0.0,27.0,71.0,9,265,Monsoon
29.6,24.3,26.5,1009.1,76,19,27.2,259,0.0,1,0.0,26.5,74.0,9,266,Monsoon
29.4,24.9,26.7,1007.6,74,41,28.7,254,0.0,2,0.0,26.5,76.0,9,267,Monsoon
28.9,25.1,26.6,1008.0,76,59,23.8,250,0.3,51,0.0,26.7,74.0,9,268,Monsoon
29.5,24.6,26.4,1009.5,76,40,19.6,254,0.0,3,0.3,26.6,76.0,9,269,Monsoon
29.5,23.4,25.9,1009.4,75,9,20.3,256,0.0,1,0.0,26.4,76.0,9,270,Monsoon
30.0,23.8,26.2,1009.8,74,22,16.0,258,0.0,2,0.0,25.9,75.0,9,271,Monsoon
31.8,23.1,26.5,1011.1,70,13,19.1,287,0.0,2,0.0,26.2,74.0,9,272,Monsoon
32.3,23.5,27.0,1009.7,66,0,22.3,275,0.0,0,0.0,26.5,70.0,9,273,Monsoon
32.0,23.5,26.9,1008.4,71,1,18.8,268,0.0,0,0.0,27.0,66.0,9,274,Monsoon
34.5,22.0,28.1,1008.0,65,3,13.9,287,0.0,1,0.0,26.9,71.0,10,275,PostMonsoon
32.9,26.2,29.3,1010.2,70,16,14.2,200,0.0,2,0.0,28.1,65.0,10,276,PostMonsoon
32.4,26.4,28.7,1011.3,80,16,22.9,258,0.0,2,0.0,29.3,70.0,10,277,PostMonsoon
31.4,26.4,28.2,1008.4,81,15,27.4,263,0.0,1,0.0,28.7,80.0,10,278,PostMonsoon
31.2,26.2,28.1,1007.0,80,16,26.1,255,0.0,2,0.0,28.2,81.0,10,279,PostMonsoon
31.2,26.2,28.2,1009.2,78,22,20.4,257,0.0,2,0.0,28.1,80.0,10,280,PostMonsoon
33.4,25.0,28.5,1010.6,73,1,18.8,299,0.0,0,0.0,28.2,78.0,10,281,PostMonsoon
34.1,25.2,29.1,1010.8,68,0,19.5,312,0.0,0,0.0,28.5,73.0,10,282,PostMonsoon
35.2,24.6,29.6,1011.3,60,0,15.2,337,0.0,0,0.0,29.1,68.0,10,283,PostMonsoon
36.7,26.0,31.3,1009.2,45,2,25.6,36,0.0,0,0.0,29.6,60.0,10,284,PostMonsoon
35.6,25.7,30.4,1007.1,50,12,21.4,295,0.0,2,0.0,31.3,45.0,10,285,PostMonsoon
34.0,24.1,28.4,1006.5,70,0,19.8,265,0.0,0,0.0,30.4,50.0,10,286,PostMonsoon
32.9,23.0,27.4,1006.9,75,10,22.3,237,0.0,2,0.0,28.4,70.0,10,287,PostMonsoon
31.3,22.7,27.0,1006.4,77,9,23.1,228,0.0,1,0.0,27.4,75.0,10,288,PostMonsoon
31.0,24.8,27.4,1004.5,77,18,18.7,210,0.0,2,0.0,27.0,77.0,10,289,PostMonsoon
30.7,24.4,27.2,1005.4,76,25,17.1,180,0.0,2,0.0,27.4,77.0,10,290,PostMonsoon
30.5,23.7,26.9,1006.5,76,6,18.9,213,0.0,1,0.0,27.2,76.0,10,291,PostMonsoon
30.5,24.5,26.8,1008.3,75,25,18.9,220,0.0,3,0.0,26.9,76.0,10,292,PostMonsoon
30.4,24.2,26.7,1011.2,72,28,17.9,195,0.0,3,0.0,26.8,75.0,10,293,PostMonsoon
31.4,22.9,26.7,1012.5,71,2,17.0,273,0.0,0,0.0,26.7,72.0,10,294,PostMonsoon
30.0,23.4,26.4,1010.7,72,7,21.4,256,0.0,1,0.0,26.7,71.0,10,295,PostMonsoon
32.0,22.3,26.6,1008.7,60,0,18.0,248,0.0,0,0.0,26.4,72.0,10,296,PostMonsoon
30.9,22.6,26.3,1009.5,67,0,15.9,212,0.0,0,0.0,26.6,60.0,10,297,PostMonsoon
31.2,22.2,26.3,1010.5,68,0,20.2,244,0.0,0,0.0,26.3,67.0,10,298,PostMonsoon
34.1,23.0,27.6,1011.7,61,1,17.3,287,0.0,0,0.0,26.3,68.0,10,299,PostMonsoon
31.3,21.7,25.9,1014.4,74,7,18.1,220,0.0,1,0.0,27.6,61.0,10,300,PostMonsoon
30.2,21.6,25.5,1015.7,78,28,16.6,250,0.0,3,0.0,25.9,74.0,10,301,PostMonsoon
32.6,21.0,27.0,1016.1,60,3,14.8,313,0.0,1,0.0,25.5,78.0,10,302,PostMonsoon
33.3,22.0,27.9,1016.3,43,0,12.8,341,0.0,0,0.0,27.0,60.0,10,303,PostMonsoon
33.1,21.8,27.5,1015.0,42,0,18.7,309,0.0,0,0.0,27.9,43.0,10,304,PostMonsoon
32.3,21.4,26.8,1014.2,55,0,18.1,292,0.0,0,0.0,27.5,42.0,10,305,PostMonsoon
32.9,20.3,26.8,1014.5,54,0,14.3,316,0.0,0,0.0,26.8,55.0,11,306,PostMonsoon
32.9,20.5,26.8,1014.9,53,0,13.0,344,0.0,0,0.0,26.8,54.0,11,307,PostMonsoon
32.8,20.2,26.6,1014.7,51,0,15.4,321,0.0,0,0.0,26.8,53.0,11,308,PostMonsoon
32.0,20.6,25.9,1014.4,65,0,15.2,285,0.0,0,0.0,26.6,51.0,11,309,PostMonsoon
31.8,19.1,25.1,1013.5,67,6,14.0,252,0.0,1,0.0,25.9,65.0,11,310,PostMonsoon
32.6,17.9,25.6,1014.6,57,3,11.3,28,0.0,1,0.0,25.1,67.0,11,311,PostMonsoon
32.4,20.4,26.1,1015.4,46,15,16.7,345,0.0,3,0.0,25.6,57.0,11,312,PostMonsoon
32.0,20.0,25.6,1014.3,58,27,17.3,292,0.0,2,0.0,26.1,46.0,11,313,PostMonsoon
31.3,19.0,24.5,1014.9,68,0,13.6,296,0.0,0,0.0,25.6,58.0,11,314,PostMonsoon
32.3,17.8,25.2,1015.9,55,0,13.0,359,0.0,0,0.0,24.5,68.0,11,315,PostMonsoon
31.4,18.5,24.9,1015.3,53,0,14.2,309,0.0,0,0.0,25.2,55.0,11,316,PostMonsoon
31.9,17.7,24.8,1015.7,53,7,12.3,333,0.0,1,0.0,24.9,53.0,11,317,PostMonsoon
32.5,19.3,25.6,1015.6,42,49,12.8,40,0.0,3,0.0,24.8,53.0,11,318,PostMonsoon
31.7,18.2,24.9,1013.9,53,0,12.7,17,0.0,0,0.0,25.6,42.0,11,319,PostMonsoon
32.3,18.7,25.7,1012.8,49,3,15.1,60,0.0,1,0.0,24.9,53.0,11,320,PostMonsoon
31.8,22.6,26.8,1013.0,41,0,27.5,54,0.0,0,0.0,25.7,49.0,11,321,PostMonsoon
31.5,22.1,26.6,1011.7,44,1,23.2,50,0.0,0,0.0,26.8,41.0,11,322,PostMonsoon
31.4,22.7,26.6,1012.0,43,8,25.3,37,0.0,1,0.0,26.6,44.0,11,323,PostMonsoon
30.4,20.5,25.1,1012.4,50,0,17.1,337,0.0,0,0.0,26.6,43.0,11,324,PostMonsoon
28.8,18.1,23.5,1015.0,42,0,22.5,52,0.0,0,0.0,25.1,50.0,11,325,PostMonsoon
26.5,17.9,22.2,1014.7,49,0,17.0,41,0.0,0,0.0,23.5,42.0,11,326,PostMonsoon
28.3,19.3,23.5,1015.0,51,0,21.5,30,0.0,0,0.0,22.2,49.0,11,327,PostMonsoon
27.1,17.3,21.9,1020.2,38,0,22.0,60,0.0,0,0.0,23.5,51.0,11,328,PostMonsoon
27.5,16.4,21.7,1020.1,38,0,16.2,52,0.0,0,0.0,21.9,38.0,11,329,PostMonsoon
26.6,13.7,20.5,1017.4,55,0,13.4,322,0.0,0,0.0,21.7,38.0,11,330,PostMonsoon
26.7,16.0,21.5,1013.1,78,0,15.4,268,0.0,0,0.0,20.5,55.0,11,331,PostMonsoon
26.2,16.5,21.5,1014.3,77,7,9.4,317,0.0,2,0.0,21.5,78.0,11,332,PostMonsoon
28.8,17.5,22.9,1017.3,51,55,16.6,54,0.0,3,0.0,21.5,77.0,11,333,PostMonsoon
29.5,18.9,23.4,1019.5,37,28,21.7,52,0.0,3,0.0,22.9,51.0,11,334,PostMonsoon
28.2,17.3,22.6,1017.6,46,8,15.3,11,0.0,2,0.0,23.4,37.0,11,335,PostMonsoon
27.4,16.7,21.8,1015.8,70,11,12.2,297,0.0,2,0.0,22.6,46.0,12,336,Winter
29.5,17.8,23.3,1015.2,52,73,18.7,55,0.0,3,0.0,21.8,70.0,12,337,Winter
28.9,18.4,23.5,1014.9,54,76,12.8,23,0.0,3,0.0,23.3,52.0,12,338,Winter
29.4,18.5,23.7,1015.4,52,42,20.7,65,0.0,3,0.0,23.5,54.0,12,339,Winter
27.2,19.4,22.8,1017.5,48,1,34.0,59,0.0,0,0.0,23.7,52.0,12,340,Winter
27.9,18.6,22.7,1018.2,52,23,26.3,62,0.0,2,0.0,22.8,48.0,12,341,Winter
28.4,19.0,23.3,1018.1,52,32,20.8,66,0.0,3,0.0,22.7,52.0,12,342,Winter
27.0,17.9,22.3,1017.7,64,27,14.2,302,0.0,3,0.0,23.3,52.0,12,343,Winter
26.8,17.3,21.9,1017.8,67,0,10.9,310,0.0,0,0.0,22.3,64.0,12,344,Winter
28.0,17.0,22.2,1017.8,58,8,13.4,40,0.0,1,0.0,21.9,67.0,12,345,Winter
26.3,17.7,21.8,1017.2,67,2,16.8,304,0.0,0,0.0,22.2,58.0,12,346,Winter
26.9,16.7,21.4,1018.7,53,0,24.9,50,0.0,0,0.0,21.8,67.0,12,347,Winter
25.6,16.9,20.8,1019.4,46,0,24.4,56,0.0,0,0.0,21.4,53.0,12,348,Winter
25.1,15.2,19.8,1018.8,44,0,17.4,61,0.0,0,0.0,20.8,46.0,12,349,Winter
25.1,13.3,19.1,1018.6,51,3,11.2,52,0.0,1,0.0,19.8,44.0,12,350,Winter
25.4,13.6,19.5,1018.0,49,15,11.5,29,0.0,3,0.0,19.1,51.0,12,351,Winter
25.6,12.6,19.3,1016.5,57,32,10.8,6,0.0,3,0.0,19.5,49.0,12,352,Winter
25.9,13.5,19.8,1016.0,62,0,9.9,22,0.0,0,0.0,19.3,57.0,12,353,Winter
27.4,15.0,20.8,1015.7,48,50,18.7,58,0.0,3,0.0,19.8,62.0,12,354,Winter
26.9,17.6,21.5,1017.4,45,16,31.3,50,0.0,1,0.0,20.8,48.0,12,355,Winter
28.2,18.1,22.3,1018.9,45,0,26.4,51,0.0,0,0.0,21.5,45.0,12,356,Winter
28.1,18.3,22.6,1018.8,43,0,20.0,63,0.0,0,0.0,22.3,45.0,12,357,Winter
27.9,16.6,22.0,1017.8,52,23,13.5,53,0.0,3,0.0,22.6,43.0,12,358,Winter
26.7,16.3,21.3,1016.8,71,8,18.6,287,0.0,1,0.0,22.0,52.0,12,359,Winter
27.1,18.4,22.6,1015.6,78,4,12.2,259,0.0,0,0.0,21.3,71.0,12,360,Winter
26.5,16.2,21.5,1015.7,76,0,15.2,253,0.0,0,0.0,22.6,78.0,12,361,Winter
27.0,16.0,21.6,1016.2,76,0,11.8,293,0.0,0,0.0,21.5,76.0,12,362,Winter
26.6,17.3,21.8,1018.7,62,65,11.4,48,0.0,3,0.0,21.6,76.0,12,363,Winter
26.1,16.6,21.4,1018.4,77,24,15.5,279,0.0,3,0.0,21.8,62.0,12,364,Winter
27.2,17.7,22.5,1018.5,82,42,13.2,224,0.0,3,0.0,21.4,77.0,12,365,Winter
26.4,18.9,21.9,1019.2,83,83,13.9,269,0.0,3,0.0,22.5,82.0,12,366,Winter
26.5,18.7,22.2,1018.8,82,63,15.3,278,0.0,3,0.0,21.9,83.0,1,1,Winter
26.8,20.5,23.1,1017.9,79,57,20.6,270,0.0,3,0.0,22.2,82.0,1,2,Winter
26.9,19.3,23.3,1017.4,77,51,12.4,282,0.0,3,0.0,23.1,79.0,1,3,Winter
27.5,18.8,22.9,1017.7,64,81,13.2,86,0.0,3,0.0,23.3,77.0,1,4,Winter
26.8,18.0,22.0,1017.9,68,80,15.8,229,0.0,3,0.0,22.9,64.0,1,5,Winter
26.1,20.6,23.1,1015.3,68,65,22.5,290,0.0,3,0.0,22.0,68.0,1,6,Winter
24.2,18.1,21.1,1013.2,34,35,28.3,318,0.0,3,0.0,23.1,68.0,1,7,Winter
23.5,15.7,19.5,1013.7,32,28,25.3,342,0.0,3,0.0,21.1,34.0,1,8,Winter
22.2,15.1,18.1,1018.1,36,67,31.0,59,0.0,3,0.0,19.5,32.0,1,9,Winter
23.6,13.9,18.6,1018.0,36,20,27.0,59,0.0,2,0.0,18.1,36.0,1,10,Winter
24.0,15.2,19.9,1015.7,61,32,14.8,202,0.0,2,0.0,18.6,36.0,1,11,Winter
25.3,18.4,21.6,1014.6,74,21,16.6,148,0.0,2,0.0,19.9,61.0,1,12,Winter
25.9,17.0,21.5,1013.6,79,26,20.6,235,0.0,3,0.0,21.6,74.0,1,13,Winter
26.2,20.5,22.9,1011.6,76,60,20.0,236,1.4,53,0.0,21.5,79.0,1,14,Winter
22.5,18.2,20.9,1011.3,57,50,27.6,263,1.0,51,1.4,22.9,76.0,1,15,Winter
20.6,14.7,18.2,1016.4,53,31,17.3,326,0.0,3,1.0,20.9,57.0,1,16,Winter
21.6,12.6,17.2,1018.3,64,31,20.9,68,0.0,3,0.0,18.2,53.0,1,17,Winter
22.2,15.8,18.4,1016.8,60,40,15.5,89,0.0,3,0.0,17.2,64.0,1,18,Winter
22.5,12.6,18.0,1017.4,67,1,11.5,20,0.0,0,0.0,18.4,60.0,1,19,Winter
23.4,14.1,18.7,1017.4,61,0,15.8,306,0.0,0,0.0,18.0,67.0,1,20,Winter
23.9,14.4,19.4,1016.7,70,5,14.2,294,0.0,0,0.0,18.7,61.0,1,21,Winter
24.4,14.8,19.3,1019.2,46,0,18.6,63,0.0,0,0.0,19.4,70.0,1,22,Winter
24.1,13.8,19.2,1018.8,54,0,17.9,260,0.0,0,0.0,19.3,46.0,1,23,Winter
25.2,17.7,21.2,1017.6,60,3,24.8,271,0.0,0,0.0,19.2,54.0,1,24,Winter
25.4,14.7,20.7,1018.7,49,0,18.2,354,0.0,0,0.0,21.2,60.0,1,25,Winter
26.6,14.6,20.6,1020.9,50,0,10.9,351,0.0,0,0.0,20.7,49.0,1,26,Winter
26.5,14.9,20.9,1019.5,63,0,19.3,276,0.0,0,0.0,20.6,50.0,1,27,Winter
27.2,20.0,22.8,1015.8,55,1,22.2,275,0.0,0,0.0,20.9,63.0,1,28,Winter
26.6,14.7,20.9,1017.1,52,0,22.3,94,0.0,0,0.0,22.8,55.0,1,29,Winter
25.9,13.3,19.8,1017.8,50,0,10.2,52,0.0,0,0.0,20.9,52.0,1,30,Winter
27.1,15.8,20.9,1019.5,40,8,24.0,63,0.0,2,0.0,19.8,50.0,1,31,Winter
27.8,17.8,22.2,1020.4,34,74,26.3,63,0.0,3,0.0,20.9,40.0,2,32,Winter
28.7,18.2,23.1,1020.3,33,56,21.9,62,0.0,3,0.0,22.2,34.0,2,33,Winter
28.9,17.9,23.1,1020.1,33,49,21.3,73,0.0,3,0.0,23.1,33.0,2,34,Winter
29.3,18.3,23.4,1020.0,31,27,23.9,72,0.0,3,0.0,23.1,33.0,2,35,Winter
30.0,17.9,23.5,1020.1,33,39,22.4,73,0.0,3,0.0,23.4,31.0,2,36,Winter
29.3,15.4,22.3,1019.6,38,80,14.2,17,0.0,3,0.0,23.5,33.0,2,37,Winter
29.4,14.5,21.6,1018.8,50,39,17.3,314,0.0,3,0.0,22.3,38.0,2,38,Winter
30.5,15.9,22.3,1016.3,64,53,16.9,296,0.0,3,0.0,21.6,50.0,2,39,Winter
30.2,16.0,22.5,1015.0,71,90,14.2,288,0.0,3,0.0,22.3,64.0,2,40,Winter
29.8,15.9,22.5,1013.7,71,37,17.7,263,0.0,3,0.0,22.5,71.0,2,41,Winter
29.2,15.9,22.3,1014.0,75,15,16.8,262,0.0,2,0.0,22.5,71.0,2,42,Winter
30.4,15.9,22.9,1015.0,74,5,17.9,289,0.0,1,0.0,22.3,75.0,2,43,Winter
31.4,17.6,23.8,1015.1,70,0,17.8,281,0.0,0,0.0,22.9,74.0,2,44,Winter
29.1,17.7,23.3,1013.1,81,2,19.4,265,0.0,1,0.0,23.8,70.0,2,45,Winter
31.0,20.8,25.1,1010.8,71,0,22.8,265,0.0,0,0.0,23.3,81.0,2,46,Winter
28.8,22.2,25.0,1008.6,68,0,31.7,259,0.0,0,0.0,25.1,71.0,2,47,Winter
30.5,22.3,25.5,1007.1,54,0,30.7,271,0.0,0,0.0,25.0,68.0,2,48,Winter
28.2,19.5,23.6,1010.9,37,0,24.6,297,0.0,0,0.0,25.5,54.0,2,49,Winter
27.0,17.0,21.9,1015.2,22,0,27.2,320,0.0,0,0.0,23.6,37.0,2,50,Winter
28.1,17.6,22.5,1015.0,37,0,23.7,303,0.0,0,0.0,21.9,22.0,2,51,Winter
29.5,15.7,22.8,1013.9,45,0,22.3,293,0.0,0,0.0,22.5,37.0,2,52,Winter
27.2,19.8,23.2,1012.0,73,19,28.0,255,0.0,3,0.0,22.8,45.0,2,53,Winter
27.8,22.5,24.8,1009.6,79,62,20.2,230,0.0,3,0.0,23.2,73.0,2,54,Winter
27.5,21.3,24.0,1011.1,78,84,25.9,199,0.5,51,0.0,24.8,79.0,2,55,Winter
23.7,18.6,21.2,1015.6,81,99,19.3,30,14.3,61,0.5,24.0,78.0,2,56,Winter
23.5,17.7,20.2,1016.2,74,37,13.8,67,0.4,51,14.3,21.2,81.0,2,57,Winter
23.6,15.7,19.7,1014.6,72,17,10.8,355,0.0,3,0.4,20.2,74.0,2,58,Winter
24.7,15.6,20.6,1015.0,69,5,12.7,7,0.0,1,0.0,19.7,72.0,2,59,Winter
25.2,15.2,20.4,1016.6,71,11,15.5,209,0.0,1,0.0,20.6,69.0,3,60,HotDry
26.7,16.4,21.7,1017.5,65,3,12.0,344,0.0,0,0.0,20.4,71.0,3,61,HotDry
27.6,16.3,22.3,1017.8,55,19,14.7,28,0.0,2,0.0,21.7,65.0,3,62,HotDry
29.7,17.5,23.6,1018.4,46,0,19.4,39,0.0,0,0.0,22.3,55.0,3,63,HotDry
29.2,18.0,23.7,1016.6,45,2,17.7,6,0.0,0,0.0,23.6,46.0,3,64,HotDry
30.0,18.2,24.0,1016.1,60,1,17.8,287,0.0,0,0.0,23.7,45.0,3,65,HotDry
32.6,18.4,25.6,1016.2,48,13,13.8,357,0.0,3,0.0,24.0,60.0,3,66,HotDry
33.4,20.2,26.5,1014.7,39,3,20.9,307,0.0,1,0.0,25.6,48.0,3,67,HotDry
31.0,19.7,24.8,1013.0,59,0,22.4,281,0.0,0,0.0,26.5,39.0,3,68,HotDry
28.5,17.0,22.9,1011.8,71,0,23.5,264,0.0,0,0.0,24.8,59.0,3,69,HotDry
27.6,20.2,24.0,1010.0,75,37,27.2,238,0.3,51,0.0,22.9,71.0,3,70,HotDry
27.0,21.8,24.1,1009.7,70,12,22.7,252,0.0,1,0.3,24.0,75.0,3,71,HotDry
27.2,20.4,23.7,1010.4,69,10,26.7,248,0.0,1,0.0,24.1,70.0,3,72,HotDry
30.4,22.0,25.4,1009.6,58,9,20.3,276,0.0,1,0.0,23.7,69.0,3,73,HotDry
29.4,18.8,24.1,1011.3,40,0,20.0,308,0.0,0,0.0,25.4,58.0,3,74,HotDry
29.8,16.2,23.5,1012.8,53,0,21.3,238,0.0,0,0.0,24.1,40.0,3,75,HotDry
29.9,19.3,24.1,1013.2,65,0,19.7,282,0.0,0,0.0,23.5,53.0,3,76,HotDry
32.4,19.1,25.6,1012.4,52,0,20.2,307,0.0,0,0.0,24.1,65.0,3,77,HotDry
33.8,20.9,26.5,1011.4,37,0,25.0,303,0.0,0,0.0,25.6,52.0,3,78,HotDry
32.4,19.6,25.8,1009.0,64,30,25.0,261,0.0,3,0.0,26.5,37.0,3,79,HotDry
32.5,21.8,26.8,1006.1,66,18,21.2,252,0.0,3,0.0,25.8,64.0,3,80,HotDry
31.7,23.4,27.1,1007.0,59,68,27.0,245,0.0,3,0.0,26.8,66.0,3,81,HotDry
28.7,23.3,25.8,1007.9,64,34,39.6,247,0.0,3,0.0,27.1,59.0,3,82,HotDry
27.9,20.1,24.0,1008.4,35,3,30.3,287,0.0,1,0.0,25.8,64.0,3,83,HotDry
26.5,18.5,22.6,1010.1,26,0,26.3,298,0.0,0,0.0,24.0,35.0,3,84,HotDry
28.4,18.3,23.4,1012.5,27,3,19.6,311,0.0,1,0.0,22.6,26.0,3,85,HotDry
29.1,16.9,23.3,1014.3,49,33,20.9,199,0.0,3,0.0,23.4,27.0,3,86,HotDry
28.9,17.7,23.5,1014.0,65,4,24.9,268,0.0,1,0.0,23.3,49.0,3,87,HotDry
30.2,21.9,25.1,1014.3,65,16,22.6,267,0.0,2,0.0,23.5,65.0,3,88,HotDry
29.4,19.7,24.4,1013.7,71,10,18.8,268,0.2,51,0.0,25.1,65.0,3,89,HotDry
30.5,20.3,25.2,1013.3,68,30,16.0,270,0.5,53,0.2,24.4,71.0,3,90,HotDry
32.4,20.0,26.0,1013.4,54,0,22.0,285,0.0,0,0.5,25.2,68.0,4,91,HotDry
32.8,19.7,25.6,1012.5,56,62,20.2,262,0.0,3,0.0,26.0,54.0,4,92,HotDry
33.2,18.8,25.9,1012.3,56,0,21.3,292,0.0,0,0.0,25.6,56.0,4,93,HotDry
34.5,19.6,27.5,1012.2,44,42,15.8,350,0.0,3,0.0,25.9,56.0,4,94,HotDry
33.4,21.6,27.4,1012.0,45,75,31.3,317,0.0,3,0.0,27.5,44.0,4,95,HotDry
31.2,22.2,26.5,1010.9,51,2,29.9,267,0.0,1,0.0,27.4,45.0,4,96,HotDry
32.6,22.8,26.8,1010.2,62,1,25.9,271,0.0,0,0.0,26.5,51.0,4,97,HotDry
34.8,22.5,27.8,1009.1,52,16,27.0,270,0.0,3,0.0,26.8,62.0,4,98,HotDry
31.1,23.6,26.6,1009.6,65,3,27.4,256,0.0,1,0.0,27.8,52.0,4,99,HotDry
29.7,23.2,25.9,1010.3,78,56,23.2,251,0.0,3,0.0,26.6,65.0,4,100,HotDry
30.5,23.6,26.5,1008.5,75,11,31.7,257,0.0,1,0.0,25.9,78.0,4,101,HotDry
30.7,23.5,26.6,1007.7,77,12,28.4,251,0.0,2,0.0,26.5,75.0,4,102,HotDry
29.1,24.7,26.6,1010.1,81,83,22.5,240,0.1,51,0.0,26.6,77.0,4,103,HotDry
29.9,24.5,26.8,1011.9,78,48,20.7,224,0.3,51,0.1,26.6,81.0,4,104,HotDry
30.5,23.2,26.4,1013.7,70,56,16.0,260,0.0,3,0.3,26.8,78.0,4,105,HotDry
32.8,21.5,26.6,1014.2,62,29,21.7,277,0.0,3,0.0,26.4,70.0,4,106,HotDry
33.9,23.3,28.0,1012.2,60,85,25.8,275,0.0,3,0.0,26.6,62.0,4,107,HotDry
32.1,24.0,27.5,1009.8,66,96,25.3,262,0.0,3,0.0,28.0,60.0,4,108,HotDry
32.6,23.6,27.3,1008.3,73,50,25.6,263,0.0,3,0.0,27.5,66.0,4,109,HotDry
34.8,24.0,28.4,1007.9,68,93,26.9,254,0.0,3,0.0,27.3,73.0,4,110,HotDry
34.4,25.0,29.2,1008.0,58,96,25.3,268,0.0,3,0.0,28.4,68.0,4,111,HotDry
33.7,25.5,29.2,1008.2,53,79,30.1,268,0.0,3,0.0,29.2,58.0,4,112,HotDry
34.8,25.2,29.2,1007.0,58,4,27.6,263,0.0,1,0.0,29.2,53.0,4,113,HotDry
34.0,24.8,28.8,1006.8,66,41,27.9,255,0.0,3,0.0,29.2,58.0,4,114,HotDry
33.2,24.6,28.4,1006.1,73,7,29.4,255,0.0,1,0.0,28.8,66.0,4,115,HotDry
33.8,25.3,28.9,1006.1,71,1,31.1,259,0.0,0,0.0,28.4,73.0,4,116,HotDry
33.9,25.4,29.1,1006.2,68,2,31.7,262,0.0,1,0.0,28.9,71.0,4,117,HotDry
32.4,25.2,28.4,1005.6,77,6,31.3,257,0.0,1,0.0,29.1,68.0,4,118,HotDry
34.1,26.3,29.9,1004.1,63,1,31.8,259,0.0,0,0.0,28.4,77.0,4,119,HotDry
35.1,27.2,30.7,1003.2,54,19,34.8,265,0.0,2,0.0,29.9,63.0,4,120,HotDry
35.8,26.8,30.9,1003.3,48,39,37.8,268,0.0,3,0.0,30.7,54.0,5,121,HotDry
35.8,27.4,30.9,1003.2,48,53,32.4,269,0.0,3,0.0,30.9,48.0,5,122,HotDry
36.2,26.0,30.1,1003.1,59,86,23.2,254,0.0,3,0.0,30.9,48.0,5,123,HotDry
34.4,24.1,28.7,1004.0,74,67,22.2,219,0.0,3,0.0,30.1,59.0,5,124,HotDry
32.5,24.8,28.0,1006.5,78,24,23.0,242,0.0,3,0.0,28.7,74.0,5,125,HotDry
31.4,25.1,27.7,1006.8,80,29,32.3,258,0.0,3,0.0,28.0,78.0,5,126,HotDry
31.8,25.0,27.9,1005.7,77,8,34.8,258,0.0,1,0.0,27.7,80.0,5,127,HotDry
32.8,25.6,28.9,1005.1,74,12,36.2,258,0.0,2,0.0,27.9,77.0,5,128,HotDry
34.1,27.3,30.1,1005.8,62,0,35.6,263,0.0,0,0.0,28.9,74.0,5,129,HotDry
36.6,27.4,31.0,1006.1,52,0,29.6,263,0.0,0,0.0,30.1,62.0,5,130,HotDry
38.9,25.8,31.6,1005.7,45,0,30.6,272,0.0,0,0.0,31.0,52.0,5,131,HotDry
36.9,25.9,30.7,1005.9,54,3,29.4,266,0.0,1,0.0,31.6,45.0,5,132,HotDry
36.3,26.0,30.5,1005.4,60,0,29.2,261,0.0,0,0.0,30.7,54.0,5,133,HotDry
34.2,26.2,30.0,1005.4,67,5,27.7,242,0.0,1,0.0,30.5,60.0,5,134,HotDry
33.3,26.7,29.6,1005.4,63,14,34.8,248,0.0,3,0.0,30.0,67.0,5,135,HotDry
31.6,25.2,28.0,1004.3,75,5,28.3,248,0.0,1,0.0,29.6,63.0,5,136,HotDry
31.8,25.1,27.9,1003.7,78,17,33.2,249,0.0,2,0.0,28.0,75.0,5,137,HotDry
32.0,25.6,28.2,1005.0,78,17,31.2,252,0.0,2,0.0,27.9,78.0,5,138,HotDry
32.5,25.9,28.7,1004.4,78,9,32.1,248,0.0,1,0.0,28.2,78.0,5,139,HotDry
32.2,26.4,28.9,1004.2,80,24,34.5,246,0.0,2,0.0,28.7,78.0,5,140,HotDry
32.3,26.3,29.0,1005.5,80,38,26.7,249,0.0,3,0.0,28.9,80.0,5,141,HotDry
34.5,26.6,29.7,1005.9,76,33,26.1,260,0.0,3,0.0,29.0,80.0,5,142,HotDry
34.7,26.6,30.2,1005.2,73,14,23.0,246,0.0,3,0.0,29.7,76.0,5,143,HotDry
34.6,26.9,30.2,1003.6,74,5,24.0,234,0.0,1,0.0,30.2,73.0,5,144,HotDry
34.7,27.0,30.2,1002.0,74,16,25.1,235,0.0,2,0.0,30.2,74.0,5,145,HotDry
34.0,27.4,30.2,1003.2,76,17,20.9,233,0.0,2,0.0,30.2,74.0,5,146,HotDry
33.8,28.0,30.4,1003.3,76,21,27.2,252,0.0,2,0.0,30.2,76.0,5,147,HotDry
34.5,27.7,30.6,999.7,77,17,29.7,243,0.0,2,0.0,30.4,76.0,5,148,HotDry
35.1,28.5,31.5,996.5,70,0,32.3,250,0.0,0,0.0,30.6,77.0,5,149,HotDry
35.9,29.4,32.0,995.0,66,0,38.7,254,0.0,0,0.0,31.5,70.0,5,150,HotDry
34.2,28.0,30.5,999.1,73,7,30.9,247,0.0,2,0.0,32.0,66.0,5,151,HotDry
33.1,28.2,30.1,1004.2,75,35,27.5,247,0.0,2,0.0,30.5,73.0,6,152,Monsoon
33.3,27.6,29.9,1004.2,72,18,32.6,258,0.0,1,0.0,30.1,75.0,6,153,Monsoon
32.7,27.5,29.6,1002.8,73,19,36.1,258,0.0,1,0.0,29.9,72.0,6,154,Monsoon
33.1,27.6,29.7,1003.9,72,19,29.9,258,0.0,2,0.0,29.6,73.0,6,155,Monsoon
33.5,26.9,29.5,1003.8,72,17,28.7,262,0.0,2,0.0,29.7,72.0,6,156,Monsoon
33.3,27.8,30.0,1001.9,73,18,30.2,262,0.0,2,0.0,29.5,72.0,6,157,Monsoon
33.7,27.2,29.8,1000.3,75,18,32.9,262,0.0,1,0.0,30.0,73.0,6,158,Monsoon
33.7,27.6,30.1,1000.3,78,21,28.6,257,0.0,2,0.0,29.8,75.0,6,159,Monsoon
33.3,27.8,30.1,1000.8,78,22,30.5,248,0.0,2,0.0,30.1,78.0,6,160,Monsoon
33.1,27.2,29.8,1001.8,79,34,30.0,258,0.0,2,0.0,30.1,78.0,6,161,Monsoon
33.0,28.0,30.1,999.8,74,28,34.0,255,0.0,2,0.0,29.8,79.0,6,162,Monsoon
33.2,28.1,30.2,997.7,75,42,39.3,252,0.0,2,0.0,30.1,74.0,6,163,Monsoon
32.3,28.3,30.1,998.0,80,68,35.2,248,0.3,51,0.0,30.2,75.0,6,164,Monsoon
32.4,28.2,30.0,999.0,80,56,29.5,242,0.4,51,0.3,30.1,80.0,6,165,Monsoon
31.9,27.9,29.7,1000.2,81,50,20.9,226,0.2,51,0.4,30.0,80.0,6,166,Monsoon
33.7,27.8,30.2,1001.6,77,10,21.4,231,0.0,1,0.2,29.7,81.0,6,167,Monsoon
33.3,27.7,29.9,999.7,78,19,29.6,252,0.0,1,0.0,30.2,77.0,6,168,Monsoon
32.5,27.6,29.7,997.1,78,33,36.5,246,0.0,2,0.0,29.9,78.0,6,169,Monsoon
34.2,27.8,30.5,996.1,76,2,23.7,229,0.0,0,0.0,29.7,78.0,6,170,Monsoon
33.3,27.6,30.0,999.0,79,15,26.5,230,0.0,1,0.0,30.5,76.0,6,171,Monsoon
33.2,27.8,30.0,1000.1,79,21,29.7,242,0.0,2,0.0,30.0,79.0,6,172,Monsoon
33.6,27.8,30.5,998.9,76,6,25.2,232,0.0,1,0.0,30.0,79.0,6,173,Monsoon
34.3,27.9,30.8,997.6,75,1,21.1,201,0.0,0,0.0,30.5,76.0,6,174,Monsoon
36.3,28.2,31.7,995.0,67,14,22.6,215,0.0,2,0.0,30.8,75.0,6,175,Monsoon
37.5,27.3,31.6,994.1,62,6,27.8,232,0.0,1,0.0,31.7,67.0,6,176,Monsoon
33.4,27.2,29.8,997.2,77,11,24.5,207,0.0,1,0.0,31.6,62.0,6,177,Monsoon
32.7,26.5,29.2,1001.4,77,62,18.3,221,0.0,3,0.0,29.8,77.0,6,178,Monsoon
32.4,27.0,29.2,1002.2,74,29,22.5,240,0.0,2,0.0,29.2,77.0,6,179,Monsoon
32.4,27.3,29.5,1001.4,72,36,26.4,241,0.0,2,0.0,29.2,74.0,6,180,Monsoon
32.0,27.4,29.4,999.5,73,48,31.4,244,0.0,2,0.0,29.5,72.0,6,181,Monsoon
32.5,27.7,29.9,996.6,70,40,31.0,242,0.0,2,0.0,29.4,73.0,7,182,Monsoon
33.2,28.0,30.3,998.1,72,33,22.8,233,0.0,2,0.0,29.9,70.0,7,183,Monsoon
33.6,28.7,30.8,999.8,72,57,22.9,242,0.0,3,0.0,30.3,72.0,7,184,Monsoon
34.5,28.9,31.1,999.5,71,42,22.1,253,0.0,3,0.0,30.8,72.0,7,185,Monsoon
33.9,29.0,31.2,999.1,72,98,21.9,270,0.0,3,0.0,31.1,71.0,7,186,Monsoon
34.1,29.2,31.3,999.3,76,89,30.9,251,0.0,3,0.0,31.2,72.0,7,187,Monsoon
33.1,29.0,30.6,998.2,74,51,33.3,244,0.0,2,0.0,31.3,76.0,7,188,Monsoon
33.1,28.7,30.6,996.3,75,59,37.1,248,0.0,3,0.0,30.6,74.0,7,189,Monsoon
33.4,28.6,30.5,997.3,77,82,22.5,262,2.1,61,0.0,30.6,75.0,7,190,Monsoon
32.6,28.4,30.1,995.0,76,79,32.1,249,0.0,3,2.1,30.5,77.0,7,191,Monsoon
33.1,28.1,30.2,993.8,77,57,26.9,245,0.0,3,0.0,30.1,76.0,7,192,Monsoon
33.6,27.6,29.9,995.8,80,85,22.7,235,0.0,3,0.0,30.2,77.0,7,193,Monsoon
33.1,27.3,29.7,996.3,77,48,24.2,244,0.0,3,0.0,29.9,80.0,7,194,Monsoon
32.5,27.3,29.6,995.4,76,52,25.6,243,0.0,3,0.0,29.7,77.0,7,195,Monsoon
32.2,27.6,29.6,996.2,73,75,25.4,244,0.0,3,0.0,29.6,76.0,7,196,Monsoon
32.6,27.7,29.9,995.6,73,68,20.7,241,0.0,3,0.0,29.6,73.0,7,197,Monsoon
34.2,28.3,30.4,997.5,74,90,22.2,220,1.3,53,0.0,29.9,73.0,7,198,Monsoon
31.6,28.5,29.6,999.0,79,100,23.8,243,0.4,51,1.3,30.4,74.0,7,199,Monsoon
29.8,28.2,28.8,1000.7,85,100,24.2,239,3.6,53,0.4,29.6,79.0,7,200,Monsoon
31.7,27.9,29.3,1000.7,83,67,29.0,245,0.0,3,3.6,28.8,85.0,7,201,Monsoon
31.8,27.6,29.4,999.6,80,96,36.6,247,0.0,3,0.0,29.3,83.0,7,202,Monsoon
32.1,27.6,29.5,998.7,77,71,34.5,242,0.2,51,0.0,29.4,80.0,7,203,Monsoon
31.9,27.7,29.4,1000.8,78,63,31.5,242,0.8,51,0.2,29.5,77.0,7,204,Monsoon
31.2,27.3,29.0,1001.6,79,54,31.5,248,0.5,51,0.8,29.4,78.0,7,205,Monsoon
31.2,27.2,28.9,1002.1,77,51,32.6,255,0.3,51,0.5,29.0,79.0,7,206,Monsoon
31.2,27.0,28.8,1002.0,76,51,32.4,255,0.0,3,0.3,28.9,77.0,7,207,Monsoon
31.8,27.3,29.1,1002.8,75,56,28.6,250,0.0,3,0.0,28.8,76.0,7,208,Monsoon
32.1,27.3,29.2,1001.9,74,47,28.4,251,0.0,2,0.0,29.1,75.0,7,209,Monsoon
32.0,27.1,29.1,999.9,76,54,28.2,246,0.0,3,0.0,29.2,74.0,7,210,Monsoon
32.2,26.7,29.0,997.3,78,35,21.5,230,0.0,2,0.0,29.1,76.0,7,211,Monsoon
32.3,26.8,29.0,996.7,80,40,26.9,238,0.0,2,0.0,29.0,78.0,7,212,Monsoon
31.8,27.0,28.8,998.0,79,76,28.2,246,0.0,3,0.0,29.0,80.0,8,213,Monsoon
32.1,26.7,28.9,998.7,78,52,25.6,244,0.0,3,0.0,28.8,79.0,8,214,Monsoon
32.0,26.8,29.0,999.8,76,71,22.4,239,0.0,3,0.0,28.9,78.0,8,215,Monsoon
31.6,27.0,28.9,1000.4,76,88,26.6,248,0.0,3,0.0,29.0,76.0,8,216,Monsoon
31.2,26.9,28.9,1001.0,75,78,26.6,248,0.0,3,0.0,28.9,76.0,8,217,Monsoon
32.2,27.4,29.3,1004.1,72,73,27.9,247,0.0,3,0.0,28.9,75.0,8,218,Monsoon
31.2,27.2,28.8,1005.6,72,62,35.1,254,0.0,3,0.0,29.3,72.0,8,219,Monsoon
31.2,27.1,28.7,1003.2,73,47,43.0,255,0.0,2,0.0,28.8,72.0,8,220,Monsoon
31.3,27.0,28.8,997.6,78,36,44.3,250,0.0,3,0.0,28.7,73.0,8,221,Monsoon
34.1,27.6,30.0,994.3,73,7,26.4,235,0.0,2,0.0,28.8,78.0,8,222,Monsoon
32.1,26.8,28.8,997.1,81,21,25.4,216,0.0,2,0.0,30.0,73.0,8,223,Monsoon
31.5,26.1,28.3,999.7,80,57,22.4,212,0.0,3,0.0,28.8,81.0,8,224,Monsoon
30.9,26.4,28.3,1001.4,76,51,22.4,219,0.0,3,0.0,28.3,80.0,8,225,Monsoon
30.9,25.9,28.1,1002.2,77,62,22.9,232,0.0,3,0.0,28.3,76.0,8,226,Monsoon
31.1,26.1,28.2,1001.4,75,44,21.9,235,0.0,2,0.0,28.1,77.0,8,227,Monsoon
31.3,26.1,28.4,1001.7,74,61,20.4,235,0.0,3,0.0,28.2,75.0,8,228,Monsoon
31.5,26.3,28.5,1003.4,74,54,22.7,244,0.0,3,0.0,28.4,74.0,8,229,Monsoon
31.2,26.4,28.4,1004.7,74,44,26.9,254,0.0,2,0.0,28.5,74.0,8,230,Monsoon
30.9,26.7,28.3,1001.6,77,55,32.6,249,0.0,3,0.0,28.4,74.0,8,231,Monsoon
31.6,26.3,28.4,1000.2,81,48,30.2,237,0.0,3,0.0,28.3,77.0,8,232,Monsoon
31.7,26.4,28.5,1000.7,80,76,28.4,236,0.0,3,0.0,28.4,81.0,8,233,Monsoon
31.2,26.8,28.6,999.4,77,60,29.0,238,0.1,51,0.0,28.5,80.0,8,234,Monsoon
31.4,26.6,28.6,1000.3,79,53,25.8,231,0.0,2,0.1,28.6,77.0,8,235,Monsoon
31.2,26.9,28.7,1001.3,77,55,28.0,237,0.0,3,0.0,28.6,79.0,8,236,Monsoon
31.3,26.8,28.7,1001.8,76,58,28.5,236,0.0,3,0.0,28.7,77.0,8,237,Monsoon
31.4,26.8,28.7,1003.9,77,44,20.2,226,0.0,3,0.0,28.7,76.0,8,238,Monsoon
32.0,26.3,28.8,1004.5,74,19,18.7,226,0.0,2,0.0,28.7,77.0,8,239,Monsoon
32.3,26.6,29.0,1005.0,72,24,19.1,236,0.0,2,0.0,28.8,74.0,8,240,Monsoon
31.7,27.5,29.3,1003.7,71,59,25.7,240,0.0,3,0.0,29.0,72.0,8,241,Monsoon
31.4,27.3,29.1,1003.9,72,54,26.1,241,0.4,51,0.0,29.3,71.0,8,242,Monsoon
31.6,27.1,29.0,1004.1,70,71,27.1,247,0.0,3,0.4,29.1,72.0,8,243,Monsoon
30.8,27.0,28.7,1004.0,74,55,26.7,252,0.2,51,0.0,29.0,70.0,9,244,Monsoon
31.0,27.0,28.7,1004.4,72,25,30.4,259,0.0,2,0.2,28.7,74.0,9,245,Monsoon
31.0,26.6,28.4,1004.3,75,24,31.1,263,0.0,1,0.0,28.7,72.0,9,246,Monsoon
30.7,26.3,28.1,1003.4,76,39,33.9,258,0.0,2,0.0,28.4,75.0,9,247,Monsoon
29.6,26.3,27.6,1002.3,79,48,37.7,255,0.2,51,0.0,28.1,76.0,9,248,Monsoon
29.4,25.9,27.3,1004.6,81,41,33.2,252,0.2,51,0.2,27.6,79.0,9,249,Monsoon
30.1,25.6,27.4,1005.2,77,38,24.4,250,0.0,3,0.2,27.3,81.0,9,250,Monsoon
30.3,25.5,27.4,1004.8,74,34,21.5,253,0.0,2,0.0,27.4,77.0,9,251,Monsoon
30.7,25.7,27.8,1004.6,74,33,24.0,257,0.0,2,0.0,27.4,74.0,9,252,Monsoon
31.0,25.8,27.9,1004.6,76,38,23.4,254,0.0,2,0.0,27.8,74.0,9,253,Monsoon
31.3,26.1,28.2,1004.6,76,61,25.6,256,0.0,3,0.0,27.9,76.0,9,254,Monsoon
30.6,26.3,28.0,1003.1,79,71,29.4,247,0.0,3,0.0,28.2,76.0,9,255,Monsoon
31.0,26.2,28.2,1003.5,78,47,25.1,239,0.0,2,0.0,28.0,79.0,9,256,Monsoon
31.0,26.2,28.2,1006.2,76,39,20.2,239,0.0,2,0.0,28.2,78.0,9,257,Monsoon
30.9,25.9,28.0,1007.7,75,37,22.6,247,0.0,2,0.0,28.2,76.0,9,258,Monsoon
30.3,25.7,27.6,1006.7,72,25,28.7,255,0.0,2,0.0,28.0,75.0,9,259,Monsoon
30.1,25.6,27.5,1006.5,73,40,28.7,255,0.0,3,0.0,27.6,72.0,9,260,Monsoon
30.7,25.4,27.5,1007.3,75,27,28.5,261,0.0,2,0.0,27.5,73.0,9,261,Monsoon
30.5,25.4,27.5,1007.3,76,17,33.7,262,0.0,2,0.0,27.5,75.0,9,262,Monsoon
30.4,25.5,27.4,1006.1,78,21,33.6,263,0.0,2,0.0,27.5,76.0,9,263,Monsoon
30.7,25.5,27.5,1005.2,78,27,29.2,269,0.0,2,0.0,27.4,78.0,9,264,Monsoon
31.6,25.6,27.9,1004.6,79,11,27.0,265,0.0,1,0.0,27.5,78.0,9,265,Monsoon
32.7,25.5,28.3,1004.2,79,15,21.9,258,0.0,2,0.0,27.9,79.0,9,266,Monsoon
33.4,26.1,28.8,1003.4,77,36,23.2,259,0.0,3,0.0,28.3,79.0,9,267,Monsoon
33.3,25.6,28.7,1003.5,75,21,18.6,244,0.0,2,0.0,28.8,77.0,9,268,Monsoon
33.1,25.7,28.6,1004.7,75,49,21.1,260,0.0,3,0.0,28.7,75.0,9,269,Monsoon
31.8,25.5,28.0,1004.1,76,10,24.0,262,0.0,1,0.0,28.6,75.0,9,270,Monsoon
30.5,24.9,27.3,1004.0,79,35,25.1,254,0.0,2,0.0,28.0,76.0,9,271,Monsoon
30.6,25.4,27.6,1006.1,79,39,20.3,248,0.0,2,0.0,27.3,79.0,9,272,Monsoon
30.5,25.3,27.4,1008.6,79,31,21.5,259,0.0,2,0.0,27.6,79.0,9,273,Monsoon
30.6,25.3,27.6,1008.1,79,36,25.3,253,0.0,3,0.0,27.4,79.0,10,274,PostMonsoon
30.7,25.3,27.7,1006.7,79,45,23.2,244,0.0,3,0.0,27.6,79.0,10,275,PostMonsoon
30.7,25.4,27.8,1006.8,77,36,22.7,228,0.0,2,0.0,27.7,79.0,10,276,PostMonsoon
30.9,26.1,28.0,1009.2,74,42,19.4,225,0.0,2,0.0,27.8,77.0,10,277,PostMonsoon
30.1,25.3,27.3,1009.9,71,24,18.4,236,0.0,2,0.0,28.0,74.0,10,278,PostMonsoon
31.2,24.8,27.3,1009.9,69,12,18.5,260,0.0,2,0.0,27.3,71.0,10,279,PostMonsoon
31.1,25.2,27.4,1010.0,70,28,21.3,261,0.0,3,0.0,27.3,69.0,10,280,PostMonsoon
31.6,25.1,27.6,1010.5,76,14,21.7,260,0.0,2,0.0,27.4,70.0,10,281,PostMonsoon
35.1,24.1,28.8,1011.1,65,0,18.1,251,0.0,0,0.0,27.6,76.0,10,282,PostMonsoon
35.4,22.6,28.6,1009.5,56,0,18.8,274,0.0,0,0.0,28.8,65.0,10,283,PostMonsoon
36.3,21.1,28.7,1008.4,51,0,14.8,11,0.0,0,0.0,28.6,56.0,10,284,PostMonsoon
38.4,25.3,31.9,1009.4,28,0,20.1,33,0.0,0,0.0,28.7,51.0,10,285,PostMonsoon
38.5,27.2,32.5,1009.8,30,0,23.5,39,0.0,0,0.0,31.9,28.0,10,286,PostMonsoon
37.4,25.4,31.4,1009.5,33,26,15.4,25,0.0,3,0.0,32.5,30.0,10,287,PostMonsoon
37.4,24.1,30.8,1009.9,35,14,13.8,32,0.0,2,0.0,31.4,33.0,10,288,PostMonsoon
37.7,23.0,30.6,1011.5,42,30,10.9,46,0.0,3,0.0,30.8,35.0,10,289,PostMonsoon
37.5,22.9,30.4,1011.8,48,25,13.9,311,0.0,3,0.0,30.6,42.0,10,290,PostMonsoon
37.6,22.3,30.1,1011.0,38,0,13.7,20,0.0,0,0.0,30.4,48.0,10,291,PostMonsoon
36.8,22.6,30.0,1010.5,35,10,16.5,356,0.0,1,0.0,30.1,38.0,10,292,PostMonsoon
36.7,23.6,30.4,1011.0,33,6,15.1,18,0.0,1,0.0,30.0,35.0,10,293,PostMonsoon
35.9,23.3,29.4,1011.4,40,1,18.8,342,0.0,0,0.0,30.4,33.0,10,294,PostMonsoon
35.2,23.1,28.2,1011.2,64,0,20.2,221,0.0,0,0.0,29.4,40.0,10,295,PostMonsoon
33.7,22.4,27.9,1011.5,67,2,19.9,213,0.0,0,0.0,28.2,64.0,10,296,PostMonsoon
34.0,23.4,28.1,1011.5,67,3,20.7,289,0.0,0,0.0,27.9,67.0,10,297,PostMonsoon
33.0,24.7,28.4,1012.4,67,9,19.5,270,0.0,1,0.0,28.1,67.0,10,298,PostMonsoon
32.7,24.7,28.1,1012.9,71,0,19.2,264,0.0,0,0.0,28.4,67.0,10,299,PostMonsoon
32.7,22.7,27.6,1013.4,66,0,18.4,272,0.0,0,0.0,28.1,71.0,10,300,PostMonsoon
32.7,22.9,27.2,1013.5,65,0,17.0,285,0.0,0,0.0,27.6,66.0,10,301,PostMonsoon
32.8,20.1,26.5,1014.9,66,2,15.1,291,0.0,0,0.0,27.2,65.0,10,302,PostMonsoon
34.9,21.2,28.1,1015.3,48,0,16.3,317,0.0,0,0.0,26.5,66.0,10,303,PostMonsoon
35.1,21.0,28.1,1014.9,48,0,15.8,307,0.0,0,0.0,28.1,48.0,10,304,PostMonsoon
35.1,20.3,27.8,1014.4,50,0,13.7,358,0.0,0,0.0,28.1,48.0,11,305,PostMonsoon
34.9,20.8,27.9,1014.4,49,0,13.4,357,0.0,0,0.0,27.8,50.0,11,306,PostMonsoon
33.5,21.9,27.1,1013.4,56,0,16.6,272,0.0,0,0.0,27.9,49.0,11,307,PostMonsoon
31.4,20.8,25.9,1012.1,77,9,16.7,259,0.0,1,0.0,27.1,56.0,11,308,PostMonsoon
30.6,21.4,25.7,1010.0,78,16,21.0,260,0.0,3,0.0,25.9,77.0,11,309,PostMonsoon
30.9,23.0,26.3,1009.8,72,1,16.8,241,0.0,0,0.0,25.7,78.0,11,310,PostMonsoon
30.3,21.7,25.9,1010.9,75,2,19.9,236,0.0,0,0.0,26.3,72.0,11,311,PostMonsoon
30.6,23.0,26.3,1012.2,76,18,16.3,251,0.0,2,0.0,25.9,75.0,11,312,PostMonsoon
33.5,21.1,27.1,1012.7,60,1,14.4,332,0.0,0,0.0,26.3,76.0,11,313,PostMonsoon
33.4,23.3,28.1,1013.4,42,2,27.2,55,0.0,1,0.0,27.1,60.0,11,314,PostMonsoon
34.2,23.7,28.7,1014.9,37,36,23.4,62,0.0,3,0.0,28.1,42.0,11,315,PostMonsoon
33.9,24.2,28.7,1014.8,32,71,25.5,61,0.0,3,0.0,28.7,37.0,11,316,PostMonsoon
31.9,22.9,26.8,1013.1,41,97,16.6,89,0.0,3,0.0,28.7,32.0,11,317,PostMonsoon
30.7,23.7,26.8,1011.5,49,100,17.6,65,0.0,3,0.0,26.8,41.0,11,318,PostMonsoon
26.4,20.8,23.5,1010.9,58,99,38.2,59,31.2,63,0.0,26.8,49.0,11,319,PostMonsoon
22.9,19.5,20.7,1011.9,77,67,33.6,49,4.8,53,31.2,23.5,58.0,11,320,PostMonsoon
26.0,19.2,22.5,1011.7,81,3,17.3,297,0.0,0,4.8,20.7,77.0,11,321,PostMonsoon
27.9,21.3,24.2,1011.8,80,24,15.8,294,0.0,2,0.0,22.5,81.0,11,322,PostMonsoon
28.8,19.8,23.4,1014.0,69,0,17.8,51,0.0,0,0.0,24.2,80.0,11,323,PostMonsoon
28.5,18.5,22.9,1014.6,58,0,18.2,33,0.0,0,0.0,23.4,69.0,11,324,PostMonsoon
29.4,17.8,22.9,1014.7,58,0,14.2,27,0.0,0,0.0,22.9,58.0,11,325,PostMonsoon
29.9,19.4,23.8,1015.1,53,0,16.6,34,0.0,0,0.0,22.9,58.0,11,326,PostMonsoon
29.4,18.1,23.4,1016.1,57,0,13.1,11,0.0,0,0.0,23.8,53.0,11,327,PostMonsoon
29.8,17.3,23.1,1018.5,53,40,17.1,46,0.0,3,0.0,23.4,57.0,11,328,PostMonsoon
28.1,16.2,22.0,1017.1,58,15,14.1,326,0.0,3,0.0,23.1,53.0,11,329,PostMonsoon
27.2,18.7,22.7,1015.0,77,13,11.0,254,0.0,3,0.0,22.0,58.0,11,330,PostMonsoon
28.5,17.1,22.4,1015.8,73,56,9.9,57,0.0,3,0.0,22.7,77.0,11,331,PostMonsoon
29.1,17.6,23.0,1016.4,56,75,11.3,32,0.0,3,0.0,22.4,73.0,11,332,PostMonsoon
29.3,16.5,22.6,1016.4,53,19,12.4,25,0.0,1,0.0,23.0,56.0,11,333,PostMonsoon
28.1,15.8,21.7,1015.2,61,27,13.7,315,0.0,3,0.0,22.6,53.0,11,334,PostMonsoon
29.3,17.9,22.7,1014.2,63,15,10.5,24,0.0,3,0.0,21.7,61.0,12,335,Winter
28.5,17.5,22.6,1013.7,52,59,12.2,26,0.0,3,0.0,22.7,63.0,12,336,Winter
27.8,15.8,21.8,1013.7,60,21,10.2,27,0.0,3,0.0,22.6,52.0,12,337,Winter
28.9,16.2,22.5,1014.1,48,50,16.0,46,0.0,3,0.0,21.8,60.0,12,338,Winter
30.1,18.4,23.6,1015.3,42,3,20.5,56,0.0,2,0.0,22.5,48.0,12,339,Winter
30.2,19.3,24.1,1015.8,42,0,18.7,52,0.0,0,0.0,23.6,42.0,12,340,Winter
29.5,16.9,23.0,1015.6,50,0,13.2,9,0.0,0,0.0,24.1,42.0,12,341,Winter
29.6,17.5,23.0,1015.9,42,0,18.9,45,0.0,0,0.0,23.0,50.0,12,342,Winter
28.5,15.5,21.6,1014.9,51,0,14.8,327,0.0,0,0.0,23.0,42.0,12,343,Winter
26.6,17.0,21.4,1014.0,69,0,16.1,255,0.0,0,0.0,21.6,51.0,12,344,Winter
26.5,15.0,20.9,1013.7,70,5,9.2,30,0.0,1,0.0,21.4,69.0,12,345,Winter
27.0,14.9,20.7,1014.6,57,0,11.0,33,0.0,0,0.0,20.9,70.0,12,346,Winter
26.3,14.5,20.1,1015.6,62,0,13.2,1,0.0,0,0.0,20.7,57.0,12,347,Winter
27.3,16.3,21.1,1017.6,45,0,19.7,51,0.0,0,0.0,20.1,62.0,12,348,Winter
25.4,13.1,19.3,1016.2,65,14,13.8,310,0.0,3,0.0,21.1,45.0,12,349,Winter
24.8,14.6,19.9,1016.3,74,68,9.7,340,0.0,3,0.0,19.3,65.0,12,350,Winter
27.7,17.0,21.6,1017.8,42,100,23.4,55,0.0,3,0.0,19.9,74.0,12,351,Winter
27.0,17.9,22.0,1017.9,43,99,16.6,33,0.0,3,0.0,21.6,42.0,12,352,Winter
27.3,16.0,21.3,1017.9,47,60,11.2,52,0.0,3,0.0,22.0,43.0,12,353,Winter
25.6,13.4,19.7,1016.8,63,0,14.5,329,0.0,0,0.0,21.3,47.0,12,354,Winter
26.3,14.9,20.3,1017.1,73,0,9.5,318,0.0,0,0.0,19.7,63.0,12,355,Winter
27.7,14.3,20.9,1018.7,54,3,14.2,64,0.0,1,0.0,20.3,73.0,12,356,Winter
28.2,15.8,21.6,1019.9,40,16,15.8,63,0.0,2,0.0,20.9,54.0,12,357,Winter
27.7,16.6,21.5,1019.5,39,28,19.9,58,0.0,3,0.0,21.6,40.0,12,358,Winter
27.4,17.9,21.8,1020.7,35,61,28.6,55,0.0,3,0.0,21.5,39.0,12,359,Winter
26.5,17.3,21.1,1021.1,41,37,26.2,51,0.0,3,0.0,21.8,35.0,12,360,Winter
25.4,12.7,19.3,1016.8,60,0,13.5,322,0.0,0,0.0,21.1,41.0,12,361,Winter
26.3,15.1,20.4,1014.7,57,7,18.4,53,0.0,2,0.0,19.3,60.0,12,362,Winter
25.9,15.9,20.2,1017.8,48,16,21.1,45,0.0,3,0.0,20.4,57.0,12,363,Winter
26.2,15.5,20.3,1018.9,44,20,20.1,44,0.0,2,0.0,20.2,48.0,12,364,Winter
26.3,15.8,20.6,1017.7,49,1,15.9,357,0.0,0,0.0,20.3,44.0,12,365,Winter
25.9,14.4,20.1,1016.2,76,6,14.5,295,0.0,2,0.0,20.6,49.0,1,1,Winter
27.8,15.2,21.2,1016.1,57,2,15.2,58,0.0,1,0.0,20.1,76.0,1,2,Winter
27.2,16.0,21.3,1018.3,47,4,14.2,46,0.0,1,0.0,21.2,57.0,1,3,Winter
26.0,14.1,20.0,1017.3,66,15,13.8,313,0.0,3,0.0,21.3,47.0,1,4,Winter
25.2,17.0,20.9,1014.1,80,64,14.0,279,0.0,3,0.0,20.0,66.0,1,5,Winter
25.6,16.2,20.8,1014.4,76,54,12.1,13,0.0,3,0.0,20.9,80.0,1,6,Winter
26.9,16.9,21.6,1016.6,57,19,16.0,17,0.0,1,0.0,20.8,76.0,1,7,Winter
26.9,16.2,21.6,1016.6,62,6,12.1,54,0.0,1,0.0,21.6,57.0,1,8,Winter
27.2,17.9,22.3,1015.5,48,89,19.4,42,0.0,3,0.0,21.6,62.0,1,9,Winter
26.1,16.7,21.5,1013.0,53,72,19.4,50,0.0,3,0.0,22.3,48.0,1,10,Winter
23.6,17.8,20.5,1012.6,46,47,29.6,43,0.2,51,0.0,21.5,53.0,1,11,Winter
23.5,14.0,18.8,1014.7,56,0,20.4,319,0.0,0,0.2,20.5,46.0,1,12,Winter
24.0,13.4,19.3,1016.1,62,1,13.8,260,0.0,0,0.0,18.8,56.0,1,13,Winter
23.5,13.5,18.7,1014.8,58,0,19.4,301,0.0,0,0.0,19.3,62.0,1,14,Winter
22.6,14.0,18.4,1012.6,29,0,22.1,325,0.0,0,0.0,18.7,58.0,1,15,Winter
23.5,11.8,18.1,1012.9,51,19,12.2,154,0.0,3,0.0,18.4,29.0,1,16,Winter
23.5,12.5,19.0,1013.7,66,18,15.0,227,0.0,2,0.0,18.1,51.0,1,17,Winter
23.7,16.5,20.1,1014.9,71,18,10.7,34,0.0,1,0.0,19.0,66.0,1,18,Winter
24.0,14.5,19.2,1017.0,47,3,16.8,338,0.0,1,0.0,20.1,71.0,1,19,Winter
22.9,13.4,18.4,1018.1,31,0,18.7,33,0.0,0,0.0,19.2,47.0,1,20,Winter
21.7,13.5,17.3,1020.3,41,0,36.7,51,0.0,0,0.0,18.4,31.0,1,21,Winter
22.7,13.4,17.8,1018.4,38,3,25.0,37,0.0,1,0.0,17.3,41.0,1,22,Winter
24.9,12.8,18.5,1017.8,33,13,22.7,59,0.0,3,0.0,17.8,38.0,1,23,Winter
26.0,15.6,20.2,1017.0,30,8,26.9,56,0.0,2,0.0,18.5,33.0,1,24,Winter
27.5,16.8,21.3,1015.5,37,46,25.3,72,0.0,3,0.0,20.2,30.0,1,25,Winter
24.9,15.1,20.1,1014.5,66,17,18.1,269,0.0,3,0.0,21.3,37.0,1,26,Winter
26.5,18.3,21.9,1016.6,64,15,22.5,278,0.0,2,0.0,20.1,66.0,1,27,Winter
26.8,17.8,21.8,1017.6,61,7,22.4,286,0.0,1,0.0,21.9,64.0,1,28,Winter
24.9,15.0,20.0,1016.7,55,0,14.8,328,0.0,0,0.0,21.8,61.0,1,29,Winter
24.6,13.9,19.6,1013.7,61,6,18.2,269,0.0,1,0.0,20.0,55.0,1,30,Winter
25.6,16.2,20.7,1011.3,68,6,17.5,269,0.0,2,0.0,19.6,61.0,1,31,Winter
28.1,15.4,21.5,1014.1,44,2,24.6,68,0.0,1,0.0,20.7,68.0,2,32,Winter
27.1,15.8,21.2,1015.9,38,0,16.4,64,0.0,0,0.0,21.5,44.0,2,33,Winter
27.0,13.5,20.5,1014.5,52,20,15.6,296,0.0,3,0.0,21.2,38.0,2,34,Winter
25.2,18.4,21.6,1012.0,75,40,28.9,264,0.1,51,0.0,20.5,52.0,2,35,Winter
27.7,16.7,21.6,1011.8,41,0,16.6,312,0.0,0,0.1,21.6,75.0,2,36,Winter
27.2,13.7,20.7,1013.5,40,4,21.0,59,0.0,1,0.0,21.6,41.0,2,37,Winter
24.8,16.3,20.4,1013.8,36,14,20.9,35,0.0,1,0.0,20.7,40.0,2,38,Winter
26.5,14.7,20.5,1013.5,53,1,19.7,304,0.0,0,0.0,20.4,36.0,2,39,Winter
25.6,13.5,20.5,1012.7,49,0,19.4,270,0.0,0,0.0,20.5,53.0,2,40,Winter
25.0,19.3,21.9,1011.1,61,23,29.2,263,0.0,2,0.0,20.5,49.0,2,41,Winter
26.0,18.8,22.1,1010.9,73,10,17.3,260,0.0,1,0.0,21.9,61.0,2,42,Winter
25.7,16.3,20.9,1011.8,78,16,18.8,230,0.0,3,0.0,22.1,73.0,2,43,Winter
24.9,18.9,21.6,1011.6,73,28,24.0,260,0.0,2,0.0,20.9,78.0,2,44,Winter
25.3,19.3,22.0,1013.1,68,33,20.7,96,0.9,51,0.0,21.6,73.0,2,45,Winter
24.3,18.3,21.0,1013.3,59,36,19.8,101,0.4,51,0.9,22.0,68.0,2,46,Winter
25.3,17.7,21.2,1015.2,61,21,19.1,90,0.0,1,0.4,21.0,59.0,2,47,Winter
26.1,17.7,21.6,1017.3,56,24,20.9,68,0.0,1,0.0,21.2,61.0,2,48,Winter
26.8,17.1,21.8,1016.7,54,1,19.6,39,0.0,0,0.0,21.6,56.0,2,49,Winter
26.7,15.8,21.2,1012.5,64,8,23.0,239,0.0,2,0.0,21.8,54.0,2,50,Winter
21.2,15.1,19.1,1009.9,52,12,39.8,274,1.5,53,0.0,21.2,64.0,2,51,Winter
20.1,12.4,16.4,1011.6,40,0,33.5,298,0.0,0,1.5,19.1,52.0,2,52,Winter
24.8,12.9,19.0,1012.3,38,0,19.2,8,0.0,0,0.0,16.4,40.0,2,53,Winter
25.9,14.2,19.9,1014.3,40,0,19.3,46,0.0,0,0.0,19.0,38.0,2,54,Winter
27.6,13.2,20.8,1016.1,49,0,14.0,4,0.0,0,0.0,19.9,40.0,2,55,Winter
28.4,14.7,21.6,1016.5,48,23,19.4,279,0.0,3,0.0,20.8,49.0,2,56,Winter
27.2,18.0,22.2,1013.9,74,51,25.3,270,0.0,3,0.0,21.6,48.0,2,57,Winter
29.5,17.7,23.7,1013.2,62,26,18.4,321,0.0,2,0.0,22.2,74.0,2,58,Winter
30.0,17.2,23.8,1015.7,47,0,10.9,46,0.0,0,0.0,23.7,62.0,2,59,Winter
30.1,16.4,23.5,1016.3,51,60,17.8,295,0.0,3,0.0,23.8,47.0,3,60,HotDry
29.0,18.7,23.5,1014.3,60,50,21.0,278,0.0,3,0.0,23.5,51.0,3,61,HotDry
27.5,19.4,22.9,1013.1,75,23,18.4,267,0.0,2,0.0,23.5,60.0,3,62,HotDry
30.1,17.7,24.0,1014.0,59,74,18.0,314,0.0,3,0.0,22.9,75.0,3,63,HotDry
29.9,18.7,23.9,1014.2,50,91,18.0,308,0.0,3,0.0,24.0,59.0,3,64,HotDry
29.5,16.6,23.2,1013.0,62,41,20.9,280,0.0,3,0.0,23.9,50.0,3,65,HotDry
31.5,19.6,24.9,1012.6,59,13,21.9,280,0.0,3,0.0,23.2,62.0,3,66,HotDry
30.5,18.8,24.2,1013.0,65,31,19.7,272,0.0,3,0.0,24.9,59.0,3,67,HotDry
29.8,19.3,24.0,1012.8,73,3,19.6,278,0.0,1,0.0,24.2,65.0,3,68,HotDry
31.0,20.0,25.0,1013.6,72,5,17.9,273,0.0,1,0.0,24.0,73.0,3,69,HotDry
31.7,20.2,25.5,1011.9,66,47,21.0,272,0.0,3,0.0,25.0,72.0,3,70,HotDry
30.3,21.5,25.3,1011.7,61,52,24.7,273,0.0,3,0.0,25.5,66.0,3,71,HotDry
29.4,21.5,24.8,1011.0,73,36,26.4,269,0.0,3,0.0,25.3,61.0,3,72,HotDry
29.5,22.7,25.4,1010.3,79,45,22.3,267,0.0,3,0.0,24.8,73.0,3,73,HotDry
32.0,22.7,26.4,1010.0,70,39,22.2,270,0.0,3,0.0,25.4,79.0,3,74,HotDry
32.5,22.3,26.7,1011.8,66,0,15.5,276,0.0,0,0.0,26.4,70.0,3,75,HotDry
34.8,21.7,27.8,1012.7,59,0,17.8,330,0.0,0,0.0,26.7,66.0,3,76,HotDry
35.6,22.5,28.3,1011.6,49,25,22.7,291,0.0,2,0.0,27.8,59.0,3,77,HotDry
33.7,22.9,27.6,1009.9,52,18,27.1,286,0.0,1,0.0,28.3,49.0,3,78,HotDry
32.2,21.7,26.4,1009.1,38,0,25.2,297,0.0,0,0.0,27.6,52.0,3,79,HotDry
32.5,18.3,25.5,1008.4,50,0,20.7,274,0.0,0,0.0,26.4,38.0,3,80,HotDry
31.9,21.6,26.2,1009.7,60,0,23.9,270,0.0,0,0.0,25.5,50.0,3,81,HotDry
31.3,21.7,26.0,1010.7,72,0,21.5,262,0.0,0,0.0,26.2,60.0,3,82,HotDry
32.8,23.5,27.3,1010.9,67,0,26.1,267,0.0,0,0.0,26.0,72.0,3,83,HotDry
33.4,24.3,27.9,1009.2,60,0,28.0,271,0.0,0,0.0,27.3,67.0,3,84,HotDry
33.3,22.4,27.8,1010.4,60,4,25.8,271,0.0,1,0.0,27.9,60.0,3,85,HotDry
34.0,23.5,28.5,1011.0,58,70,26.9,269,0.0,3,0.0,27.8,60.0,3,86,HotDry
32.4,23.8,27.5,1010.3,67,27,27.8,266,0.0,2,0.0,28.5,58.0,3,87,HotDry
32.4,23.6,27.1,1010.8,70,6,29.9,262,0.0,2,0.0,27.5,67.0,3,88,HotDry
31.6,23.8,26.5,1011.4,64,3,27.3,260,0.0,0,0.0,27.1,70.0,3,89,HotDry
30.8,21.2,25.9,1011.8,74,2,20.6,249,0.0,0,0.0,26.5,64.0,3,90,HotDry
32.9,23.2,27.1,1008.3,70,1,26.3,258,0.0,0,0.0,25.9,74.0,4,91,HotDry
33.1,23.8,27.5,1006.2,70,0,27.5,249,0.0,0,0.0,27.1,70.0,4,92,HotDry
30.4,23.8,26.6,1006.8,77,21,30.6,238,0.0,3,0.0,27.5,70.0,4,93,HotDry
29.9,24.5,27.0,1008.1,75,39,30.0,244,0.1,51,0.0,26.6,77.0,4,94,HotDry
31.1,25.3,27.5,1010.6,72,29,20.3,254,0.0,3,0.1,27.0,75.0,4,95,HotDry
31.5,22.3,26.8,1012.2,24,48,20.3,348,0.0,3,0.0,27.5,72.0,4,96,HotDry
30.8,17.5,24.8,1011.8,39,0,16.5,280,0.0,0,0.0,26.8,24.0,4,97,HotDry
32.0,18.6,25.4,1010.4,43,0,20.6,301,0.0,0,0.0,24.8,39.0,4,98,HotDry
32.0,19.0,25.6,1009.7,52,3,22.5,280,0.0,1,0.0,25.4,43.0,4,99,HotDry
31.7,21.9,26.0,1009.9,68,3,22.4,257,0.0,1,0.0,25.6,52.0,4,100,HotDry
32.9,22.5,26.7,1008.3,70,1,23.5,252,0.0,0,0.0,26.0,68.0,4,101,HotDry
31.1,22.7,26.5,1008.7,75,9,25.3,254,0.0,1,0.0,26.7,70.0,4,102,HotDry
31.0,21.7,26.1,1011.9,73,70,21.6,285,0.0,3,0.0,26.5,75.0,4,103,HotDry
32.9,23.4,27.6,1013.5,58,30,22.2,284,0.0,3,0.0,26.1,73.0,4,104,HotDry
32.0,24.4,27.6,1012.9,66,26,23.6,281,0.0,3,0.0,27.6,58.0,4,105,HotDry
34.0,24.4,28.8,1012.7,46,8,23.9,328,0.0,2,0.0,27.6,66.0,4,106,HotDry
33.8,22.6,28.0,1011.1,57,45,22.8,256,0.0,3,0.0,28.8,46.0,4,107,HotDry
31.5,25.5,28.0,1007.5,63,51,33.8,253,0.0,3,0.0,28.0,57.0,4,108,HotDry
32.8,25.8,28.7,1005.6,62,0,37.5,260,0.0,0,0.0,28.0,63.0,4,109,HotDry
32.9,25.7,28.5,1005.3,65,36,27.0,260,0.0,3,0.0,28.7,62.0,4,110,HotDry
35.0,24.9,28.9,1005.1,65,11,28.0,264,0.0,1,0.0,28.5,65.0,4,111,HotDry
34.3,24.6,28.6,1005.6,64,40,24.5,266,0.0,3,0.0,28.9,65.0,4,112,HotDry
32.9,24.8,28.3,1006.3,69,74,28.6,259,0.0,3,0.0,28.6,64.0,4,113,HotDry
32.5,25.4,28.3,1007.5,73,41,27.0,252,0.0,3,0.0,28.3,69.0,4,114,HotDry
31.5,24.6,27.5,1006.8,76,5,33.4,260,0.0,1,0.0,28.3,73.0,4,115,HotDry
31.8,25.0,27.9,1005.1,75,4,34.6,259,0.0,1,0.0,27.5,76.0,4,116,HotDry
32.1,25.1,28.0,1006.5,77,28,30.0,260,0.0,3,0.0,27.9,75.0,4,117,HotDry
33.4,24.9,28.6,1007.0,72,25,31.8,271,0.0,2,0.0,28.0,77.0,4,118,HotDry
32.9,25.2,28.7,1005.0,68,12,35.5,263,0.0,2,0.0,28.6,72.0,4,119,HotDry
37.7,25.8,30.4,1002.3,58,41,29.9,266,0.0,3,0.0,28.7,68.0,4,120,HotDry
34.4,25.7,29.1,1003.6,67,11,31.2,250,0.0,2,0.0,30.4,58.0,5,121,HotDry
31.8,24.9,27.8,1006.9,76,8,31.8,254,0.0,1,0.0,29.1,67.0,5,122,HotDry
31.9,24.7,27.6,1008.1,75,20,32.0,262,0.0,2,0.0,27.8,76.0,5,123,HotDry
31.6,25.0,27.7,1009.2,79,24,30.3,257,0.0,2,0.0,27.6,75.0,5,124,HotDry
31.8,25.5,28.0,1007.7,79,52,29.5,257,0.0,3,0.0,27.7,79.0,5,125,HotDry
31.8,25.7,28.3,1007.0,81,48,30.3,242,0.0,3,0.0,28.0,79.0,5,126,HotDry
32.0,26.1,28.7,1007.0,81,30,31.4,247,0.0,3,0.0,28.3,81.0,5,127,HotDry
34.9,26.9,30.2,1005.8,70,0,30.8,251,0.0,0,0.0,28.7,81.0,5,128,HotDry
38.7,26.8,31.9,1003.8,55,0,26.1,268,0.0,0,0.0,30.2,70.0,5,129,HotDry
35.6,26.1,30.6,1003.6,65,0,27.1,258,0.0,0,0.0,31.9,55.0,5,130,HotDry
34.0,25.1,29.6,1003.8,74,13,30.3,246,0.0,2,0.0,30.6,65.0,5,131,HotDry
33.6,27.1,29.7,1005.2,70,13,35.2,253,0.0,1,0.0,29.6,74.0,5,132,HotDry
32.7,26.1,28.9,1008.8,74,4,27.2,260,0.0,1,0.0,29.7,70.0,5,133,HotDry
33.4,26.0,28.9,1010.3,75,16,26.7,264,0.0,2,0.0,28.9,74.0,5,134,HotDry
34.3,25.6,29.1,1007.7,72,2,29.4,267,0.0,0,0.0,28.9,75.0,5,135,HotDry
33.9,26.3,29.6,1004.8,72,2,32.6,260,0.0,0,0.0,29.1,72.0,5,136,HotDry
34.5,26.9,30.3,1003.5,70,0,27.9,242,0.0,0,0.0,29.6,72.0,5,137,HotDry
34.3,26.9,30.2,1003.2,72,0,29.2,244,0.0,0,0.0,30.3,70.0,5,138,HotDry
32.8,26.9,29.6,1003.6,75,2,31.5,252,0.0,0,0.0,30.2,72.0,5,139,HotDry
33.6,26.4,29.4,1005.6,77,5,30.5,255,0.0,1,0.0,29.6,75.0,5,140,HotDry
34.3,26.2,29.8,1006.0,72,6,32.1,263,0.0,1,0.0,29.4,77.0,5,141,HotDry
34.5,26.8,30.0,1004.5,69,0,35.4,261,0.0,0,0.0,29.8,72.0,5,142,HotDry
32.5,26.5,29.0,1002.6,77,16,35.2,256,0.0,2,0.0,30.0,69.0,5,143,HotDry
33.7,26.9,29.7,1001.6,76,12,31.7,252,0.0,2,0.0,29.0,77.0,5,144,HotDry
34.2,26.8,29.9,1002.4,74,1,27.9,257,0.0,0,0.0,29.7,76.0,5,145,HotDry
33.6,26.7,29.5,1003.0,78,24,26.3,262,0.0,3,0.0,29.9,74.0,5,146,HotDry
33.3,26.6,29.3,1003.0,78,11,28.9,260,0.0,1,0.0,29.5,78.0,5,147,HotDry
33.7,26.4,29.5,1002.7,77,13,30.0,262,0.0,3,0.0,29.3,78.0,5,148,HotDry
33.7,26.4,29.5,1002.9,78,14,32.2,263,0.0,2,0.0,29.5,77.0,5,149,HotDry
33.3,26.7,29.5,1001.7,78,17,33.1,260,0.0,2,0.0,29.5,78.0,5,150,HotDry
34.3,27.1,30.2,1000.1,77,11,28.9,255,0.0,1,0.0,29.5,78.0,5,151,HotDry
36.8,27.5,31.0,998.6,71,0,30.9,246,0.0,0,0.0,30.2,77.0,6,152,Monsoon
34.2,27.2,30.0,998.4,78,4,31.9,251,0.0,1,0.0,31.0,71.0,6,153,Monsoon
33.7,27.6,30.0,997.7,79,25,32.7,249,0.0,2,0.0,30.0,78.0,6,154,Monsoon
33.8,27.8,30.4,995.9,78,34,27.4,246,0.0,2,0.0,30.0,79.0,6,155,Monsoon
34.5,27.6,30.4,997.2,76,26,17.9,233,0.0,2,0.0,30.4,78.0,6,156,Monsoon
38.5,27.3,31.8,996.7,69,20,22.0,283,0.0,2,0.0,30.4,76.0,6,157,Monsoon
35.8,28.4,31.9,997.3,69,4,36.4,181,0.0,1,0.0,31.8,69.0,6,158,Monsoon
34.5,28.5,31.0,999.7,74,17,23.3,186,0.0,1,0.0,31.9,69.0,6,159,Monsoon
33.4,29.0,30.7,1000.8,71,17,30.9,237,0.0,1,0.0,31.0,74.0,6,160,Monsoon
33.0,28.6,30.5,998.8,72,39,37.4,248,0.0,2,0.0,30.7,71.0,6,161,Monsoon
33.2,28.5,30.4,997.8,74,35,32.2,245,0.0,2,0.0,30.5,72.0,6,162,Monsoon
35.4,27.6,30.7,999.4,69,17,23.9,246,0.0,2,0.0,30.4,74.0,6,163,Monsoon
38.6,27.7,32.1,999.3,64,20,22.7,286,0.1,51,0.0,30.7,69.0,6,164,Monsoon
38.7,28.6,32.5,999.1,60,48,23.0,282,0.0,3,0.1,32.1,64.0,6,165,Monsoon
33.5,27.6,30.2,997.3,74,16,30.6,257,0.0,2,0.0,32.5,60.0,6,166,Monsoon
34.1,27.8,30.4,996.2,77,9,30.0,244,0.0,1,0.0,30.2,74.0,6,167,Monsoon
33.4,27.5,30.1,998.8,78,29,25.8,230,0.0,2,0.0,30.4,77.0,6,168,Monsoon
32.8,27.5,29.8,998.0,76,49,31.2,242,0.0,3,0.0,30.1,78.0,6,169,Monsoon
33.1,27.3,29.8,996.7,76,45,27.2,231,0.0,2,0.0,29.8,76.0,6,170,Monsoon
32.9,27.5,29.9,997.3,76,40,26.0,227,0.0,2,0.0,29.8,76.0,6,171,Monsoon
33.0,27.8,30.0,997.0,75,54,26.0,225,0.0,3,0.0,29.9,76.0,6,172,Monsoon
32.7,28.0,29.9,996.5,75,71,26.3,230,0.0,3,0.0,30.0,75.0,6,173,Monsoon
32.5,27.7,29.8,997.4,75,64,20.9,232,0.0,3,0.0,29.9,75.0,6,174,Monsoon
32.8,27.5,29.8,997.5,75,55,23.3,225,0.0,3,0.0,29.8,75.0,6,175,Monsoon
31.9,27.8,29.6,997.2,74,71,27.3,234,0.0,3,0.0,29.8,75.0,6,176,Monsoon
32.4,27.6,29.6,995.8,76,57,28.4,236,0.0,2,0.0,29.6,74.0,6,177,Monsoon
32.4,27.5,29.5,993.7,78,66,23.3,222,0.0,3,0.0,29.6,76.0,6,178,Monsoon
33.8,27.3,30.0,994.6,76,52,22.5,196,0.0,3,0.0,29.5,78.0,6,179,Monsoon
33.4,27.8,29.9,995.1,77,84,24.4,200,0.0,3,0.0,30.0,76.0,6,180,Monsoon
32.6,28.1,29.7,996.3,77,98,24.8,233,0.4,51,0.0,29.9,77.0,6,181,Monsoon
32.1,27.6,29.7,995.8,74,93,23.6,250,0.0,3,0.4,29.7,77.0,7,182,Monsoon
31.6,28.2,29.3,997.4,78,99,20.9,252,2.8,55,0.0,29.7,74.0,7,183,Monsoon
30.8,27.5,29.0,998.9,80,100,15.0,229,6.3,61,2.8,29.3,78.0,7,184,Monsoon
32.4,26.7,29.2,999.7,79,99,16.1,117,3.6,55,6.3,29.0,80.0,7,185,Monsoon
33.0,27.8,29.4,999.2,83,98,20.9,62,27.3,65,3.6,29.2,79.0,7,186,Monsoon
29.5,26.5,27.9,1000.0,87,96,23.9,245,11.0,63,27.3,29.4,83.0,7,187,Monsoon
30.0,26.9,28.2,1000.4,85,72,30.8,244,4.4,61,11.0,27.9,87.0,7,188,Monsoon
29.9,27.2,28.3,998.5,86,90,34.7,252,0.7,51,4.4,28.2,85.0,7,189,Monsoon
29.8,27.1,28.2,998.3,86,95,32.4,249,3.0,55,0.7,28.3,86.0,7,190,Monsoon
29.3,27.1,28.0,998.0,88,100,30.4,257,0.4,51,3.0,28.2,86.0,7,191,Monsoon
29.9,26.9,28.1,995.8,85,73,30.3,250,0.5,51,0.4,28.0,88.0,7,192,Monsoon
30.0,26.8,28.2,994.8,86,87,18.8,238,1.7,51,0.5,28.1,85.0,7,193,Monsoon
30.9,27.3,28.6,995.8,88,100,21.5,241,0.9,53,1.7,28.2,86.0,7,194,Monsoon
29.3,27.1,28.1,995.4,89,100,19.0,273,14.8,63,0.9,28.6,88.0,7,195,Monsoon
30.9,26.4,28.1,995.6,87,100,20.3,339,24.6,63,14.8,28.1,89.0,7,196,Monsoon
30.3,27.1,28.1,995.8,85,100,22.4,19,19.0,63,24.6,28.1,87.0,7,197,Monsoon
28.3,26.6,27.4,997.0,88,85,15.0,146,11.0,61,19.0,28.1,85.0,7,198,Monsoon
30.2,26.2,28.0,998.7,83,54,30.4,240,0.8,51,11.0,27.4,88.0,7,199,Monsoon
29.7,26.9,28.1,997.8,84,93,31.6,250,0.0,3,0.8,28.0,83.0,7,200,Monsoon
29.7,27.0,28.1,996.5,85,92,30.7,246,0.2,51,0.0,28.1,84.0,7,201,Monsoon
29.8,27.0,28.2,996.7,85,87,19.9,244,5.8,63,0.2,28.1,85.0,7,202,Monsoon
29.5,26.9,28.1,998.0,86,99,19.9,233,1.2,53,5.8,28.2,85.0,7,203,Monsoon
30.2,27.3,28.4,998.3,86,91,20.6,237,0.0,3,1.2,28.1,86.0,7,204,Monsoon
30.0,27.1,28.3,998.0,85,87,23.0,243,0.0,3,0.0,28.4,86.0,7,205,Monsoon
29.7,26.7,27.9,998.5,85,70,29.4,249,0.0,3,0.0,28.3,85.0,7,206,Monsoon
29.8,26.5,27.9,997.7,85,92,25.3,245,0.0,3,0.0,27.9,85.0,7,207,Monsoon
29.9,26.6,28.0,996.4,85,70,28.4,245,0.0,3,0.0,27.9,85.0,7,208,Monsoon
29.7,26.7,28.0,996.8,84,90,27.4,249,0.0,3,0.0,28.0,85.0,7,209,Monsoon
29.7,26.6,27.9,996.1,83,87,32.0,250,0.0,3,0.0,28.0,84.0,7,210,Monsoon
30.1,26.7,28.1,994.7,81,75,34.3,250,0.0,3,0.0,27.9,83.0,7,211,Monsoon
30.0,26.8,28.2,996.1,82,98,25.4,247,0.0,3,0.0,28.1,81.0,7,212,Monsoon
28.8,26.7,27.6,997.4,85,100,21.3,240,31.0,63,0.0,28.2,82.0,8,213,Monsoon
28.8,25.6,26.9,996.0,87,100,23.9,280,41.9,63,31.0,27.6,85.0,8,214,Monsoon
28.3,26.4,27.2,996.2,88,91,24.4,102,12.0,63,41.9,26.9,87.0,8,215,Monsoon
29.2,25.9,27.4,1000.0,85,78,17.7,154,0.3,51,12.0,27.2,88.0,8,216,Monsoon
29.0,26.0,27.4,1000.7,85,41,20.5,207,0.9,51,0.3,27.4,85.0,8,217,Monsoon
28.9,26.3,27.3,1001.1,85,85,24.7,234,0.8,51,0.9,27.4,85.0,8,218,Monsoon
29.3,26.5,27.6,1002.6,85,73,29.9,246,0.8,51,0.8,27.3,85.0,8,219,Monsoon
29.0,26.4,27.4,1002.2,85,80,32.1,250,0.4,51,0.8,27.6,85.0,8,220,Monsoon
29.2,26.3,27.5,998.8,85,80,29.1,246,0.8,51,0.4,27.4,85.0,8,221,Monsoon
29.3,26.3,27.6,998.6,86,79,24.0,243,0.2,51,0.8,27.5,85.0,8,222,Monsoon
29.4,26.2,27.6,1001.0,86,58,20.2,251,0.2,51,0.2,27.6,86.0,8,223,Monsoon
30.3,26.1,27.8,1002.5,85,68,20.0,264,0.0,3,0.2,27.6,86.0,8,224,Monsoon
29.7,26.5,27.9,1002.6,84,95,19.2,258,0.0,3,0.0,27.8,85.0,8,225,Monsoon
28.1,26.6,27.2,1004.1,85,98,26.5,258,0.0,3,0.0,27.9,84.0,8,226,Monsoon
28.7,26.6,27.4,1001.6,84,83,42.6,257,0.0,3,0.0,27.2,85.0,8,227,Monsoon
29.7,26.6,27.8,997.6,85,57,43.5,253,0.1,51,0.0,27.4,84.0,8,228,Monsoon
30.4,26.6,28.1,999.9,87,52,23.7,238,0.2,51,0.1,27.8,85.0,8,229,Monsoon
30.2,25.8,27.9,1001.4,86,50,14.0,223,0.4,51,0.2,28.1,87.0,8,230,Monsoon
31.1,26.4,28.3,1000.1,85,76,16.6,273,1.4,53,0.4,27.9,86.0,8,231,Monsoon
27.9,26.2,27.1,999.3,91,100,19.0,283,22.9,63,1.4,28.3,85.0,8,232,Monsoon
27.9,26.0,26.8,999.7,92,99,24.1,295,34.2,63,22.9,27.1,91.0,8,233,Monsoon
29.2,26.5,27.5,1001.3,89,76,22.4,259,2.6,53,34.2,26.8,92.0,8,234,Monsoon
29.1,26.4,27.3,1002.3,89,86,21.0,245,0.1,51,2.6,27.5,89.0,8,235,Monsoon
28.9,26.1,27.2,1001.7,86,86,25.8,246,0.3,51,0.1,27.3,89.0,8,236,Monsoon
28.6,25.9,27.0,1000.6,85,70,25.8,251,0.5,51,0.3,27.2,86.0,8,237,Monsoon
29.5,25.7,27.2,1000.6,86,59,20.9,260,0.0,3,0.5,27.0,85.0,8,238,Monsoon
30.5,26.2,27.7,1001.0,87,83,21.5,275,0.0,3,0.0,27.2,86.0,8,239,Monsoon
27.7,26.4,26.9,1000.6,92,100,16.9,275,28.2,63,0.0,27.7,87.0,8,240,Monsoon
30.0,26.2,27.4,1000.5,89,96,19.2,288,22.2,65,28.2,26.9,92.0,8,241,Monsoon
30.5,26.3,27.9,1000.2,89,74,22.7,276,0.0,3,22.2,27.4,89.0,8,242,Monsoon
31.7,26.3,28.3,999.0,89,74,18.9,273,0.0,3,0.0,27.9,89.0,8,243,Monsoon
30.8,26.5,28.2,999.1,88,99,19.5,296,12.9,63,0.0,28.3,89.0,9,244,Monsoon
31.3,26.3,28.3,999.2,85,100,18.0,9,8.8,63,12.9,28.2,88.0,9,245,Monsoon
30.1,26.3,27.8,999.0,88,100,19.5,33,9.0,63,8.8,28.3,85.0,9,246,Monsoon
30.6,25.9,27.9,1000.0,84,83,21.6,59,8.1,61,9.0,27.8,88.0,9,247,Monsoon
30.2,26.2,27.7,1001.8,85,72,24.1,73,11.6,61,8.1,27.9,84.0,9,248,Monsoon
30.5,26.1,27.7,1002.3,85,74,15.1,34,8.0,63,11.6,27.7,85.0,9,249,Monsoon
31.5,26.6,28.5,1001.5,87,86,15.9,284,2.1,61,8.0,27.7,85.0,9,250,Monsoon
30.6,26.8,28.4,1003.1,89,100,14.6,285,0.1,51,2.1,28.5,87.0,9,251,Monsoon
29.8,26.8,27.9,1003.8,90,100,20.5,273,0.0,3,0.1,28.4,89.0,9,252,Monsoon
30.0,26.6,28.0,1003.2,89,67,22.9,244,0.0,3,0.0,27.9,90.0,9,253,Monsoon
29.6,26.1,27.6,1004.5,88,47,17.0,229,0.0,3,0.0,28.0,89.0,9,254,Monsoon
29.6,26.1,27.5,1005.8,87,43,20.6,238,0.0,2,0.0,27.6,88.0,9,255,Monsoon
29.5,25.7,27.3,1005.4,87,57,21.7,239,0.0,3,0.0,27.5,87.0,9,256,Monsoon
28.6,25.6,26.8,1006.0,82,53,18.3,246,0.0,3,0.0,27.3,87.0,9,257,Monsoon
28.9,25.1,26.8,1006.2,81,42,17.8,252,0.0,3,0.0,26.8,82.0,9,258,Monsoon
29.1,25.1,26.8,1006.7,82,37,17.4,244,0.0,2,0.0,26.8,81.0,9,259,Monsoon
30.4,24.1,27.0,1006.1,74,5,19.8,250,0.0,1,0.0,26.8,82.0,9,260,Monsoon
31.3,23.5,27.1,1005.2,63,0,20.1,270,0.0,0,0.0,27.0,74.0,9,261,Monsoon
30.0,24.6,26.8,1004.5,80,6,22.0,243,0.0,1,0.0,27.1,63.0,9,262,Monsoon
29.6,25.4,27.0,1006.0,80,23,25.1,239,0.0,2,0.0,26.8,80.0,9,263,Monsoon
30.6,24.8,27.1,1007.5,72,1,18.7,238,0.0,0,0.0,27.0,80.0,9,264,Monsoon
31.3,23.5,27.0,1009.5,69,0,16.8,249,0.0,0,0.0,27.1,72.0,9,265,Monsoon
30.2,22.2,26.1,1011.5,77,0,16.8,149,0.0,0,0.0,27.0,69.0,9,266,Monsoon
29.9,22.1,26.3,1012.5,77,1,17.6,211,0.0,0,0.0,26.1,77.0,9,267,Monsoon
29.4,22.9,25.8,1011.8,79,0,17.8,248,0.0,0,0.0,26.3,77.0,9,268,Monsoon
29.2,22.2,26.0,1011.3,81,13,21.7,255,0.0,1,0.0,25.8,79.0,9,269,Monsoon
29.3,24.5,26.5,1011.3,79,29,23.7,249,0.0,2,0.0,26.0,81.0,9,270,Monsoon
29.7,24.9,26.9,1011.6,79,29,25.1,253,0.0,2,0.0,26.5,79.0,9,271,Monsoon
30.0,24.6,27.0,1011.3,80,24,23.1,258,0.0,2,0.0,26.9,79.0,9,272,Monsoon
30.1,24.0,26.9,1011.7,82,19,20.9,263,0.0,2,0.0,27.0,80.0,9,273,Monsoon
30.9,23.4,27.1,1011.2,82,6,18.5,263,0.0,1,0.0,26.9,82.0,10,274,PostMonsoon
32.1,23.6,27.4,1009.9,79,6,17.2,255,0.0,1,0.0,27.1,82.0,10,275,PostMonsoon
32.2,23.2,27.5,1008.7,77,15,16.1,273,0.0,3,0.0,27.4,79.0,10,276,PostMonsoon
32.0,23.3,27.2,1008.8,78,21,15.7,280,0.0,3,0.0,27.5,77.0,10,277,PostMonsoon
32.5,23.9,27.6,1009.0,77,24,15.8,276,0.0,3,0.0,27.2,78.0,10,278,PostMonsoon
33.0,24.0,28.1,1009.3,77,24,15.7,280,0.0,3,0.0,27.6,77.0,10,279,PostMonsoon
34.5,24.7,28.7,1010.2,74,6,21.0,290,0.0,0,0.0,28.1,77.0,10,280,PostMonsoon
33.8,24.5,28.5,1009.5,73,2,21.3,274,0.0,0,0.0,28.7,74.0,10,281,PostMonsoon
35.9,23.8,29.1,1009.1,68,0,17.9,249,0.0,0,0.0,28.5,73.0,10,282,PostMonsoon
36.9,22.6,29.7,1009.8,55,0,19.9,292,0.0,0,0.0,29.1,68.0,10,283,PostMonsoon
32.3,24.1,27.8,1010.6,33,0,21.1,299,0.0,0,0.0,29.7,55.0,10,284,PostMonsoon
31.5,21.0,26.2,1009.6,50,0,22.5,278,0.0,0,0.0,27.8,33.0,10,285,PostMonsoon
31.0,19.2,25.3,1010.3,59,0,20.0,169,0.0,0,0.0,26.2,50.0,10,286,PostMonsoon
31.7,18.7,25.5,1012.8,60,0,16.5,326,0.0,0,0.0,25.3,59.0,10,287,PostMonsoon
32.5,20.4,26.4,1013.5,54,0,21.3,308,0.0,0,0.0,25.5,60.0,10,288,PostMonsoon
32.9,20.5,27.0,1012.9,43,8,14.4,323,0.0,1,0.0,26.4,54.0,10,289,PostMonsoon
34.1,20.9,27.6,1013.6,39,3,12.3,41,0.0,1,0.0,27.0,43.0,10,290,PostMonsoon
34.5,21.4,28.0,1014.9,42,0,12.7,33,0.0,0,0.0,27.6,39.0,10,291,PostMonsoon
34.3,20.6,27.5,1014.9,47,0,13.9,339,0.0,0,0.0,28.0,42.0,10,292,PostMonsoon
34.2,20.7,27.6,1014.0,44,0,15.7,332,0.0,0,0.0,27.5,47.0,10,293,PostMonsoon
34.4,20.5,27.6,1012.6,46,0,14.2,326,0.0,0,0.0,27.6,44.0,10,294,PostMonsoon
35.2,20.9,28.2,1013.2,42,0,15.1,315,0.0,0,0.0,27.6,46.0,10,295,PostMonsoon
34.1,22.6,27.7,1013.3,54,0,18.5,282,0.0,0,0.0,28.2,42.0,10,296,PostMonsoon
31.1,22.9,26.5,1013.2,76,0,19.6,257,0.0,0,0.0,27.7,54.0,10,297,PostMonsoon
30.6,22.2,26.1,1012.8,81,12,18.5,267,0.0,2,0.0,26.5,76.0,10,298,PostMonsoon
30.3,23.8,26.6,1012.4,81,23,18.2,262,0.0,2,0.0,26.1,81.0,10,299,PostMonsoon
31.3,22.2,26.5,1011.8,82,28,16.9,260,0.0,3,0.0,26.6,81.0,10,300,PostMonsoon
32.3,23.2,27.0,1012.4,78,26,15.4,277,0.0,3,0.0,26.5,82.0,10,301,PostMonsoon
33.4,22.3,27.4,1013.2,67,15,16.9,302,0.0,2,0.0,27.0,78.0,10,302,PostMonsoon
33.3,21.8,27.7,1014.0,55,9,10.7,38,0.2,51,0.0,27.4,67.0,10,303,PostMonsoon
34.3,23.6,28.9,1015.3,45,10,14.4,44,0.0,1,0.2,27.7,55.0,10,304,PostMonsoon
34.7,23.4,28.9,1016.4,44,1,14.8,33,0.0,0,0.0,28.9,45.0,11,305,PostMonsoon
33.3,21.8,27.4,1015.8,55,2,16.8,292,0.0,0,0.0,28.9,44.0,11,306,PostMonsoon
31.3,22.9,26.7,1015.0,76,2,15.7,268,0.0,0,0.0,27.4,55.0,11,307,PostMonsoon
32.6,22.4,26.9,1017.3,55,0,32.4,48,0.0,0,0.0,26.7,76.0,11,308,PostMonsoon
33.2,23.4,27.8,1017.2,41,0,27.9,59,0.0,0,0.0,26.9,55.0,11,309,PostMonsoon
33.3,22.2,27.5,1016.4,47,0,16.6,58,0.0,0,0.0,27.8,41.0,11,310,PostMonsoon
32.8,21.6,26.9,1015.8,54,0,15.7,332,0.0,0,0.0,27.5,47.0,11,311,PostMonsoon
31.4,20.5,26.1,1015.4,67,0,10.1,332,0.0,0,0.0,26.9,54.0,11,312,PostMonsoon
33.3,22.7,27.5,1016.6,41,0,21.5,58,0.0,0,0.0,26.1,67.0,11,313,PostMonsoon
32.6,21.7,26.8,1016.7,40,0,17.4,50,0.0,0,0.0,27.5,41.0,11,314,PostMonsoon
31.5,19.3,25.4,1014.7,55,0,16.7,313,0.0,0,0.0,26.8,40.0,11,315,PostMonsoon
31.0,20.2,25.4,1012.5,65,0,15.9,279,0.0,0,0.0,25.4,55.0,11,316,PostMonsoon
30.5,19.7,25.2,1013.1,65,1,12.2,314,0.0,0,0.0,25.4,65.0,11,317,PostMonsoon
31.7,21.8,26.6,1013.6,45,16,16.4,47,0.0,1,0.0,25.2,65.0,11,318,PostMonsoon
32.1,23.0,27.0,1014.3,42,8,26.1,59,0.0,1,0.0,26.6,45.0,11,319,PostMonsoon
32.0,22.7,26.8,1015.7,40,4,25.5,57,0.0,0,0.0,27.0,42.0,11,320,PostMonsoon
32.0,22.0,26.6,1016.3,38,0,20.6,61,0.0,0,0.0,26.8,40.0,11,321,PostMonsoon
31.8,20.7,25.9,1016.2,42,0,18.1,65,0.0,0,0.0,26.6,38.0,11,322,PostMonsoon
30.9,18.6,24.7,1015.8,52,0,14.5,334,0.0,0,0.0,25.9,42.0,11,323,PostMonsoon
30.0,19.6,24.6,1014.7,66,0,16.7,284,0.0,0,0.0,24.7,52.0,11,324,PostMonsoon
30.7,19.4,25.1,1016.1,63,3,9.2,21,0.0,0,0.0,24.6,66.0,11,325,PostMonsoon
29.6,20.0,24.8,1017.8,55,0,12.7,8,0.0,0,0.0,25.1,63.0,11,326,PostMonsoon
30.6,19.6,24.8,1018.6,51,6,16.7,56,0.0,2,0.0,24.8,55.0,11,327,PostMonsoon
29.8,19.1,24.2,1018.4,46,20,13.7,65,0.0,3,0.0,24.8,51.0,11,328,PostMonsoon
29.2,17.5,23.4,1016.2,53,0,14.0,323,0.0,0,0.0,24.2,46.0,11,329,PostMonsoon
27.8,19.0,23.2,1013.1,72,0,19.4,270,0.0,0,0.0,23.4,53.0,11,330,PostMonsoon
27.8,21.1,24.0,1012.8,74,2,21.1,270,0.0,0,0.0,23.2,72.0,11,331,PostMonsoon
28.5,21.5,24.5,1012.5,80,14,18.2,268,0.0,2,0.0,24.0,74.0,11,332,PostMonsoon
28.6,20.4,24.2,1012.4,79,19,15.8,270,0.0,3,0.0,24.5,80.0,11,333,PostMonsoon
27.9,20.1,23.8,1013.0,77,9,18.6,268,0.0,1,0.0,24.2,79.0,11,334,PostMonsoon
27.4,20.4,23.7,1014.7,76,8,18.4,261,0.0,1,0.0,23.8,77.0,12,335,Winter
27.4,21.0,23.8,1014.8,76,11,18.3,264,0.0,1,0.0,23.7,76.0,12,336,Winter
28.2,22.3,24.8,1013.4,76,24,14.5,266,0.0,2,0.0,23.8,76.0,12,337,Winter
29.4,21.2,25.0,1015.8,71,27,13.0,69,0.0,3,0.0,24.8,76.0,12,338,Winter
29.3,21.4,25.1,1018.3,62,2,15.1,82,0.0,0,0.0,25.0,71.0,12,339,Winter
27.8,20.5,24.2,1016.7,78,8,22.0,272,0.0,1,0.0,25.1,62.0,12,340,Winter
27.3,22.6,24.6,1014.2,66,6,31.8,262,0.0,1,0.0,24.2,78.0,12,341,Winter
26.7,20.1,23.1,1014.1,39,0,23.5,295,0.0,0,0.0,24.6,66.0,12,342,Winter
22.1,14.1,18.2,1016.6,25,0,22.2,335,0.0,0,0.0,23.1,39.0,12,343,Winter
22.4,11.4,17.3,1018.1,41,0,11.9,2,0.0,0,0.0,18.2,25.0,12,344,Winter
23.4,11.1,17.4,1018.0,41,0,15.6,66,0.0,0,0.0,17.3,41.0,12,345,Winter
23.1,11.9,17.8,1017.7,44,0,12.8,55,0.0,0,0.0,17.4,41.0,12,346,Winter
25.4,14.1,20.3,1018.2,56,29,14.8,63,0.0,3,0.0,17.8,44.0,12,347,Winter
24.7,14.2,19.8,1018.1,51,28,14.9,351,0.0,3,0.0,20.3,56.0,12,348,Winter
27.3,17.0,21.5,1019.4,52,14,20.8,61,0.0,2,0.0,19.8,51.0,12,349,Winter
25.7,14.9,20.2,1018.1,43,17,14.5,355,0.0,3,0.0,21.5,52.0,12,350,Winter
25.1,15.2,20.5,1016.1,74,1,10.9,253,0.0,0,0.0,20.2,43.0,12,351,Winter
27.3,16.7,21.3,1019.4,41,1,20.7,58,0.0,0,0.0,20.5,74.0,12,352,Winter
27.1,16.9,21.3,1021.2,33,45,20.1,61,0.0,3,0.0,21.3,41.0,12,353,Winter
26.9,15.3,21.0,1020.9,40,3,13.2,47,0.0,1,0.0,21.3,33.0,12,354,Winter
27.1,14.5,20.6,1021.1,49,0,12.2,58,0.0,0,0.0,21.0,40.0,12,355,Winter
25.5,14.2,20.0,1020.0,69,0,14.0,281,0.0,0,0.0,20.6,49.0,12,356,Winter
25.2,16.4,20.9,1019.2,81,12,13.7,245,0.0,2,0.0,20.0,69.0,12,357,Winter
25.1,19.1,21.6,1017.3,82,20,12.8,237,0.8,51,0.0,20.9,81.0,12,358,Winter
24.0,17.9,20.4,1017.2,72,49,20.2,72,3.2,53,0.8,21.6,82.0,12,359,Winter
23.7,15.8,18.9,1016.6,70,23,25.6,60,0.0,1,3.2,20.4,72.0,12,360,Winter
21.1,14.5,17.6,1017.0,69,42,24.5,16,0.0,3,0.0,18.9,70.0,12,361,Winter
20.8,11.7,16.6,1018.5,54,0,16.6,344,0.0,0,0.0,17.6,69.0,12,362,Winter
22.5,11.1,16.9,1019.8,59,0,14.9,53,0.0,0,0.0,16.6,54.0,12,363,Winter
23.1,12.5,17.5,1019.8,51,0,14.9,41,0.0,0,0.0,16.9,59.0,12,364,Winter
22.9,11.9,17.5,1017.5,66,0,12.0,80,0.0,0,0.0,17.5,51.0,12,365,Winter
23.6,13.6,19.4,1015.5,75,27,12.0,206,0.0,3,0.0,17.5,66.0,1,1,Winter
24.0,14.0,19.1,1014.4,79,30,16.9,286,0.0,2,0.0,19.4,75.0,1,2,Winter
23.1,14.7,19.1,1014.7,67,4,18.5,39,0.0,1,0.0,19.1,79.0,1,3,Winter
23.5,15.0,18.8,1017.8,47,0,24.1,56,0.0,0,0.0,19.1,67.0,1,4,Winter
23.6,13.6,18.2,1019.6,47,3,19.9,50,0.0,2,0.0,18.8,47.0,1,5,Winter
23.2,14.6,18.4,1020.2,46,0,28.0,44,0.0,0,0.0,18.2,47.0,1,6,Winter
23.0,14.0,18.1,1019.2,43,0,27.0,35,0.0,0,0.0,18.4,46.0,1,7,Winter
22.6,13.2,17.9,1015.2,47,0,19.5,323,0.0,0,0.0,18.1,43.0,1,8,Winter
22.5,13.4,18.0,1013.7,46,16,18.1,296,0.0,2,0.0,17.9,47.0,1,9,Winter
23.1,12.2,18.0,1016.2,51,0,21.4,67,0.0,0,0.0,18.0,46.0,1,10,Winter
22.8,13.6,17.9,1019.5,50,1,28.6,51,0.0,0,0.0,18.0,51.0,1,11,Winter
22.5,12.1,17.5,1019.3,63,0,16.6,257,0.0,0,0.0,17.9,50.0,1,12,Winter
23.2,16.2,19.5,1015.7,76,41,18.4,259,0.2,51,0.0,17.5,63.0,1,13,Winter
19.7,15.4,18.3,1014.8,80,71,23.9,59,12.9,61,0.2,19.5,76.0,1,14,Winter
19.3,12.2,15.2,1019.1,69,2,25.7,50,0.0,0,12.9,18.3,80.0,1,15,Winter
20.4,11.5,15.2,1021.5,64,0,14.5,54,0.0,0,0.0,15.2,69.0,1,16,Winter
19.9,11.4,15.1,1023.7,63,0,28.2,63,0.0,0,0.0,15.2,64.0,1,17,Winter
20.4,11.5,15.3,1023.3,57,0,25.4,64,0.0,0,0.0,15.1,63.0,1,18,Winter
21.2,9.6,15.8,1019.9,68,0,13.8,274,0.0,0,0.0,15.3,57.0,1,19,Winter
24.4,16.4,20.0,1015.8,83,25,18.7,276,0.0,2,0.0,15.8,68.0,1,20,Winter
24.0,16.6,20.1,1015.5,89,34,13.6,286,0.0,3,0.0,20.0,83.0,1,21,Winter
25.4,15.4,20.2,1016.6,79,14,11.4,5,0.0,3,0.0,20.1,89.0,1,22,Winter
24.2,16.2,20.2,1016.8,84,45,25.9,268,0.0,3,0.0,20.2,79.0,1,23,Winter
25.1,18.8,21.4,1015.8,83,17,15.5,255,0.0,2,0.0,20.2,84.0,1,24,Winter
24.7,17.8,21.0,1017.2,72,64,16.6,97,0.9,51,0.0,21.4,83.0,1,25,Winter
26.1,15.8,20.6,1018.4,58,22,15.8,34,0.0,3,0.9,21.0,72.0,1,26,Winter
25.2,15.1,20.3,1018.1,71,5,13.3,300,0.0,1,0.0,20.6,58.0,1,27,Winter
27.1,16.3,21.3,1018.8,59,23,17.3,54,0.0,3,0.0,20.3,71.0,1,28,Winter
27.3,17.1,21.8,1019.3,49,4,17.4,50,0.0,1,0.0,21.3,59.0,1,29,Winter
26.8,15.5,21.1,1018.5,57,0,16.1,326,0.0,0,0.0,21.8,49.0,1,30,Winter
27.1,16.2,21.6,1017.7,68,7,16.3,303,0.0,1,0.0,21.1,57.0,1,31,Winter
27.6,15.5,21.6,1017.9,59,0,12.0,18,0.0,0,0.0,21.6,68.0,2,32,Winter
27.3,15.1,21.3,1016.4,61,4,17.6,296,0.0,1,0.0,21.6,59.0,2,33,Winter
26.0,15.8,21.0,1015.5,74,0,15.5,286,0.0,0,0.0,21.3,61.0,2,34,Winter
26.8,15.1,20.9,1016.3,70,3,11.4,312,0.0,1,0.0,21.0,74.0,2,35,Winter
28.8,17.1,22.7,1018.8,44,6,23.0,60,0.0,2,0.0,20.9,70.0,2,36,Winter
29.3,19.1,23.8,1019.1,34,19,22.3,67,0.0,3,0.0,22.7,44.0,2,37,Winter
29.2,16.8,23.1,1018.0,41,20,13.5,359,0.0,3,0.0,23.8,34.0,2,38,Winter
28.7,16.5,22.4,1014.9,59,7,18.8,285,0.0,2,0.0,23.1,41.0,2,39,Winter
28.4,19.1,22.8,1013.2,67,3,20.2,270,0.0,1,0.0,22.4,59.0,2,40,Winter
25.2,18.8,21.5,1012.6,82,39,23.6,262,0.0,3,0.0,22.8,67.0,2,41,Winter
26.0,20.8,22.7,1011.5,71,41,28.2,263,0.0,3,0.0,21.5,82.0,2,42,Winter
26.3,17.4,21.8,1011.7,62,1,19.3,267,0.0,0,0.0,22.7,71.0,2,43,Winter
25.8,17.2,21.4,1012.1,61,15,20.7,10,0.1,51,0.0,21.8,62.0,2,44,Winter
25.4,17.8,21.4,1012.0,57,0,23.2,270,0.0,0,0.1,21.4,61.0,2,45,Winter
25.7,16.9,21.2,1013.6,34,0,21.9,315,0.0,0,0.0,21.4,57.0,2,46,Winter
26.3,14.0,20.1,1013.4,54,0,22.7,247,0.0,0,0.0,21.2,34.0,2,47,Winter
27.9,19.5,22.6,1011.1,63,0,20.5,275,0.0,0,0.0,20.1,54.0,2,48,Winter
29.0,17.0,22.8,1011.8,47,0,23.3,311,0.0,0,0.0,22.6,63.0,2,49,Winter
27.9,17.7,22.9,1012.5,48,3,23.1,283,0.0,1,0.0,22.8,47.0,2,50,Winter
29.1,16.8,23.2,1013.9,48,49,18.8,312,0.0,3,0.0,22.9,48.0,2,51,Winter
23.2,18.6,21.2,1014.8,63,55,29.3,283,1.5,51,0.0,23.2,48.0,2,52,Winter
24.9,14.9,20.5,1013.7,53,0,21.3,302,0.0,0,1.5,21.2,63.0,2,53,Winter
26.2,13.6,20.4,1012.7,53,0,18.1,285,0.0,0,0.0,20.5,53.0,2,54,Winter
26.0,17.5,21.5,1013.8,69,14,16.4,261,0.0,2,0.0,20.4,53.0,2,55,Winter
21.4,17.6,19.6,1012.6,83,67,20.2,126,8.4,61,0.0,21.5,69.0,2,56,Winter
24.0,17.1,20.1,1011.6,75,11,17.7,307,0.0,1,8.4,19.6,83.0,2,57,Winter
23.2,16.2,19.4,1011.6,56,2,15.6,314,0.0,0,0.0,20.1,75.0,2,58,Winter
24.3,13.1,19.2,1013.2,55,42,16.3,58,0.0,3,0.0,19.4,56.0,2,59,Winter
20.3,16.9,18.4,1015.8,53,78,24.0,52,0.8,51,0.0,19.2,55.0,3,60,HotDry
26.0,16.5,20.9,1017.6,39,40,23.1,31,0.0,3,0.8,18.4,53.0,3,61,HotDry
26.3,16.7,21.4,1017.7,47,99,13.8,3,0.0,3,0.0,20.9,39.0,3,62,HotDry
24.4,18.3,21.0,1014.8,59,82,14.8,284,0.0,3,0.0,21.4,47.0,3,63,HotDry
26.1,17.4,21.3,1012.6,58,2,18.2,272,0.0,1,0.0,21.0,59.0,3,64,HotDry
27.7,17.4,21.9,1012.6,57,1,18.4,280,0.0,0,0.0,21.3,58.0,3,65,HotDry
28.0,16.1,21.8,1013.7,51,0,19.9,298,0.0,0,0.0,21.9,57.0,3,66,HotDry
27.9,16.0,22.1,1014.7,39,0,16.9,337,0.0,0,0.0,21.8,51.0,3,67,HotDry
27.6,14.1,21.3,1015.3,41,0,15.2,20,0.0,0,0.0,22.1,39.0,3,68,HotDry
27.0,13.9,20.9,1016.4,46,0,21.1,253,0.0,0,0.0,21.3,41.0,3,69,HotDry
27.5,15.3,21.3,1017.3,65,3,18.8,291,0.0,1,0.0,20.9,46.0,3,70,HotDry
29.4,15.1,23.3,1016.0,46,63,17.6,346,0.0,3,0.0,21.3,65.0,3,71,HotDry
31.6,19.3,25.9,1012.8,27,62,17.6,45,0.0,3,0.0,23.3,46.0,3,72,HotDry
31.6,23.5,26.7,1011.6,26,96,35.6,56,0.2,51,0.0,25.9,27.0,3,73,HotDry
27.2,20.6,23.8,1012.9,63,25,24.3,226,0.3,51,0.2,26.7,26.0,3,74,HotDry
26.8,17.2,22.2,1014.6,72,6,23.5,271,0.0,1,0.3,23.8,63.0,3,75,HotDry
27.8,18.1,23.1,1014.5,69,48,21.0,276,0.0,3,0.0,22.2,72.0,3,76,HotDry
27.8,20.0,23.3,1014.1,69,50,23.8,268,0.0,3,0.0,23.1,69.0,3,77,HotDry
27.8,20.4,23.4,1015.6,75,71,24.5,276,0.0,3,0.0,23.3,69.0,3,78,HotDry
29.4,18.7,23.9,1015.5,75,56,18.5,275,0.0,3,0.0,23.4,75.0,3,79,HotDry
31.8,20.5,25.4,1014.3,65,35,20.6,282,0.0,3,0.0,23.9,75.0,3,80,HotDry
29.6,20.7,24.6,1012.2,71,67,24.8,263,0.0,3,0.0,25.4,65.0,3,81,HotDry
28.3,21.5,24.5,1009.5,77,80,27.6,267,0.0,3,0.0,24.6,71.0,3,82,HotDry
29.3,23.7,25.8,1008.3,66,52,33.3,264,0.0,3,0.0,24.5,77.0,3,83,HotDry
31.8,22.0,26.3,1006.8,55,0,26.7,271,0.0,0,0.0,25.8,66.0,3,84,HotDry
31.8,18.4,25.6,1007.4,52,2,19.7,259,0.0,1,0.0,26.3,55.0,3,85,HotDry
30.1,19.5,24.6,1008.9,70,8,23.1,258,0.0,2,0.0,25.6,52.0,3,86,HotDry
29.4,22.3,25.2,1006.9,72,9,28.7,258,0.0,1,0.0,24.6,70.0,3,87,HotDry
31.8,21.5,26.0,1006.1,40,0,24.0,275,0.0,0,0.0,25.2,72.0,3,88,HotDry
31.1,20.5,25.2,1007.5,56,0,24.2,262,0.0,0,0.0,26.0,40.0,3,89,HotDry
28.9,18.9,23.7,1009.6,68,0,25.0,264,0.0,0,0.0,25.2,56.0,3,90,HotDry
32.5,18.8,25.4,1010.7,56,0,23.5,289,0.0,0,0.0,23.7,68.0,4,91,HotDry
33.3,18.8,26.8,1011.7,46,0,18.4,327,0.0,0,0.0,25.4,56.0,4,92,HotDry
34.3,21.0,27.9,1013.4,36,0,21.0,348,0.0,0,0.0,26.8,46.0,4,93,HotDry
32.9,20.2,26.5,1011.1,50,0,25.9,273,0.0,0,0.0,27.9,36.0,4,94,HotDry
32.3,23.1,26.9,1007.5,54,2,31.1,266,0.0,1,0.0,26.5,50.0,4,95,HotDry
30.0,21.8,25.5,1009.3,65,9,29.0,256,0.0,1,0.0,26.9,54.0,4,96,HotDry
29.9,21.5,25.5,1008.3,68,2,30.8,257,0.0,1,0.0,25.5,65.0,4,97,HotDry
31.4,24.0,27.0,1004.4,60,16,32.9,254,0.0,2,0.0,25.5,68.0,4,98,HotDry
32.6,22.9,27.0,1005.9,55,1,27.3,259,0.0,0,0.0,27.0,60.0,4,99,HotDry
31.6,21.2,26.0,1011.4,68,4,21.1,235,0.0,1,0.0,27.0,55.0,4,100,HotDry
34.2,21.8,28.1,1013.6,53,6,21.3,307,0.0,1,0.0,26.0,68.0,4,101,HotDry
35.3,22.4,28.7,1012.4,41,23,23.1,288,0.0,3,0.0,28.1,53.0,4,102,HotDry
31.6,23.1,26.7,1008.8,58,49,35.3,261,0.0,3,0.0,28.7,41.0,4,103,HotDry
30.6,23.1,26.5,1004.9,70,20,29.2,246,0.0,3,0.0,26.7,58.0,4,104,HotDry
31.8,23.7,26.9,1005.9,73,45,25.6,237,0.0,3,0.0,26.5,70.0,4,105,HotDry
30.0,24.2,26.5,1008.3,80,72,24.0,235,0.3,51,0.0,26.9,73.0,4,106,HotDry
29.9,24.6,26.8,1009.1,78,37,20.4,233,0.4,51,0.3,26.5,80.0,4,107,HotDry
29.9,23.5,26.3,1011.4,78,40,17.6,241,0.2,51,0.4,26.8,78.0,4,108,HotDry
31.8,23.2,26.9,1011.5,73,15,20.0,274,0.0,2,0.2,26.3,78.0,4,109,HotDry
33.1,21.6,26.9,1010.1,68,8,23.1,269,0.0,1,0.0,26.9,73.0,4,110,HotDry
31.5,22.8,26.7,1008.0,72,13,24.1,261,0.0,1,0.0,26.9,68.0,4,111,HotDry
30.6,24.1,26.9,1007.4,78,52,27.9,252,0.0,3,0.0,26.7,72.0,4,112,HotDry
31.6,24.3,27.2,1008.8,80,55,22.2,256,0.0,3,0.0,26.9,78.0,4,113,HotDry
31.7,24.4,27.3,1008.0,78,88,26.9,264,0.0,3,0.0,27.2,80.0,4,114,HotDry
31.3,24.4,27.3,1008.1,77,47,30.2,264,0.0,3,0.0,27.3,78.0,4,115,HotDry
32.1,25.2,28.1,1008.1,76,55,26.1,260,0.0,3,0.0,27.3,77.0,4,116,HotDry
32.6,25.3,28.2,1008.6,69,33,22.9,258,0.0,3,0.0,28.1,76.0,4,117,HotDry
34.0,23.1,28.4,1009.3,66,25,22.3,273,0.0,2,0.0,28.2,69.0,4,118,HotDry
34.6,24.4,28.9,1009.2,63,0,24.7,259,0.0,0,0.0,28.4,66.0,4,119,HotDry
32.8,25.0,28.4,1008.0,66,44,26.3,263,0.0,3,0.0,28.9,63.0,4,120,HotDry
34.9,24.0,28.9,1005.4,64,16,21.2,258,0.0,2,0.0,28.4,66.0,5,121,HotDry
37.1,23.1,29.5,1006.6,62,7,22.9,266,0.0,2,0.0,28.9,64.0,5,122,HotDry
35.0,23.7,29.2,1007.3,63,0,21.6,252,0.0,0,0.0,29.5,62.0,5,123,HotDry
35.4,24.0,28.9,1005.2,67,1,24.3,233,0.0,0,0.0,29.2,63.0,5,124,HotDry
33.9,23.8,28.6,1003.6,71,7,23.4,239,0.0,1,0.0,28.9,67.0,5,125,HotDry
34.0,23.0,28.6,1004.3,72,0,21.1,245,0.0,0,0.0,28.6,71.0,5,126,HotDry
34.0,24.6,28.5,1006.1,75,24,20.5,246,0.0,3,0.0,28.6,72.0,5,127,HotDry
34.2,25.1,28.7,1005.4,74,21,21.0,261,0.0,2,0.0,28.5,75.0,5,128,HotDry
34.7,25.6,29.2,1002.6,74,22,22.7,260,0.0,3,0.0,28.7,74.0,5,129,HotDry
34.8,25.0,29.2,1000.6,74,16,23.0,263,0.0,3,0.0,29.2,74.0,5,130,HotDry
34.4,25.7,29.3,1001.7,74,21,21.0,255,0.0,3,0.0,29.2,74.0,5,131,HotDry
35.2,25.5,29.9,1003.6,68,7,30.1,275,0.0,2,0.0,29.3,74.0,5,132,HotDry
34.8,25.8,29.9,1001.8,69,0,27.1,268,0.0,0,0.0,29.9,68.0,5,133,HotDry
37.3,25.7,30.9,997.1,68,1,21.2,239,0.0,0,0.0,29.9,69.0,5,134,HotDry
35.4,27.0,30.9,996.0,55,11,41.7,254,0.0,2,0.0,30.9,68.0,5,135,HotDry
32.6,26.4,29.1,998.5,66,1,34.3,239,0.0,0,0.0,30.9,55.0,5,136,HotDry
33.1,26.1,29.0,999.5,70,6,29.6,241,0.0,1,0.0,29.1,66.0,5,137,HotDry
36.5,26.1,30.4,1000.6,57,0,28.9,250,0.0,0,0.0,29.0,70.0,5,138,HotDry
34.3,25.4,29.1,1002.7,65,0,28.0,240,0.0,0,0.0,30.4,57.0,5,139,HotDry
31.9,24.4,27.8,1005.4,76,2,27.0,221,0.0,0,0.0,29.1,65.0,5,140,HotDry
31.6,24.9,27.6,1005.6,77,14,25.8,228,0.0,1,0.0,27.8,76.0,5,141,HotDry
32.2,24.6,27.9,1003.7,77,8,28.6,235,0.0,1,0.0,27.6,77.0,5,142,HotDry
31.7,25.3,28.2,1005.5,77,29,23.4,243,0.0,2,0.0,27.9,77.0,5,143,HotDry
32.0,26.1,28.5,1007.6,76,28,27.9,253,0.0,2,0.0,28.2,77.0,5,144,HotDry
33.2,26.1,28.9,1008.1,75,16,23.7,264,0.0,2,0.0,28.5,76.0,5,145,HotDry
34.6,25.4,29.2,1008.8,75,22,22.6,270,0.0,3,0.0,28.9,75.0,5,146,HotDry
34.7,25.2,29.6,1008.5,74,18,23.4,265,0.0,3,0.0,29.2,75.0,5,147,HotDry
35.0,25.5,29.8,1007.2,69,0,27.4,272,0.0,0,0.0,29.6,74.0,5,148,HotDry
35.8,26.4,30.7,1005.6,61,0,30.5,264,0.0,0,0.0,29.8,69.0,5,149,HotDry
35.1,26.8,30.6,1004.6,61,7,34.3,264,0.0,1,0.0,30.7,61.0,5,150,HotDry
34.1,26.4,29.9,1004.8,73,3,30.6,260,0.0,1,0.0,30.6,61.0,5,151,HotDry
34.2,26.9,30.0,1004.4,74,12,28.3,260,0.0,2,0.0,29.9,73.0,6,152,Monsoon
35.7,27.0,30.7,1002.9,69,0,27.1,263,0.0,0,0.0,30.0,74.0,6,153,Monsoon
41.0,27.1,33.1,1001.6,49,0,24.3,274,0.0,0,0.0,30.7,69.0,6,154,Monsoon
36.3,27.5,31.0,1001.5,63,0,27.9,259,0.0,0,0.0,33.1,49.0,6,155,Monsoon
34.4,26.6,29.9,1001.6,75,1,32.8,253,0.0,0,0.0,31.0,63.0,6,156,Monsoon
33.3,26.9,29.5,1001.6,82,36,31.7,255,0.0,3,0.0,29.9,75.0,6,157,Monsoon
33.3,27.2,29.6,1001.1,77,26,30.3,256,0.0,2,0.0,29.5,82.0,6,158,Monsoon
32.9,26.4,29.1,1000.7,78,20,35.3,250,0.0,3,0.0,29.6,77.0,6,159,Monsoon
32.3,26.9,29.1,998.7,80,25,33.4,244,0.0,2,0.0,29.1,78.0,6,160,Monsoon
33.1,27.2,29.5,996.6,80,18,33.2,233,0.0,1,0.0,29.1,80.0,6,161,Monsoon
32.1,27.2,29.1,996.7,80,51,30.2,234,0.0,3,0.0,29.5,80.0,6,162,Monsoon
32.3,27.3,29.3,996.3,77,48,25.5,231,0.0,3,0.0,29.1,80.0,6,163,Monsoon
32.2,27.2,29.4,997.4,75,32,23.6,217,0.0,2,0.0,29.3,77.0,6,164,Monsoon
32.9,26.4,29.4,999.5,72,24,17.9,218,0.0,2,0.0,29.4,75.0,6,165,Monsoon
33.4,26.2,29.3,1000.4,73,26,22.1,240,0.0,2,0.0,29.4,72.0,6,166,Monsoon
33.9,28.4,30.5,1000.4,74,41,22.5,226,0.1,51,0.0,29.3,73.0,6,167,Monsoon
32.6,28.4,30.1,998.5,80,42,32.6,246,0.3,51,0.1,30.5,74.0,6,168,Monsoon
32.5,28.2,30.0,997.6,77,44,28.8,234,0.3,51,0.3,30.1,80.0,6,169,Monsoon
32.5,28.1,30.0,998.5,76,57,26.8,226,0.0,3,0.3,30.0,77.0,6,170,Monsoon
32.6,28.2,30.0,998.9,75,44,28.3,233,0.0,3,0.0,30.0,76.0,6,171,Monsoon
32.5,27.9,29.8,999.4,78,36,31.5,245,0.0,2,0.0,30.0,75.0,6,172,Monsoon
33.1,27.7,29.9,1000.1,76,45,27.6,245,0.0,2,0.0,29.8,78.0,6,173,Monsoon
32.6,27.9,29.9,1000.9,75,56,23.6,240,0.0,3,0.0,29.9,76.0,6,174,Monsoon
32.5,28.0,29.9,1000.9,75,49,23.4,232,0.0,3,0.0,29.9,75.0,6,175,Monsoon
32.3,27.9,29.9,1002.0,75,45,23.5,244,0.0,2,0.0,29.9,75.0,6,176,Monsoon
32.7,27.8,29.8,1001.7,76,33,28.5,254,0.0,2,0.0,29.9,75.0,6,177,Monsoon
33.0,27.4,29.8,999.3,77,19,29.5,251,0.0,1,0.0,29.8,76.0,6,178,Monsoon
32.7,27.6,29.8,998.0,79,26,29.0,254,0.0,2,0.0,29.8,77.0,6,179,Monsoon
32.9,27.5,29.8,997.2,79,51,33.2,257,0.0,3,0.0,29.8,79.0,6,180,Monsoon
33.1,27.5,29.9,996.5,78,16,37.6,253,0.0,2,0.0,29.8,79.0,6,181,Monsoon
32.3,27.7,29.6,994.9,78,27,42.3,247,0.0,2,0.0,29.9,78.0,7,182,Monsoon
32.0,27.8,29.6,994.7,77,52,41.4,246,0.0,2,0.0,29.6,78.0,7,183,Monsoon
31.8,27.5,29.4,996.9,78,52,37.4,238,0.0,2,0.0,29.6,77.0,7,184,Monsoon
31.7,27.4,29.3,997.2,79,47,33.6,228,0.0,2,0.0,29.4,78.0,7,185,Monsoon
31.7,27.2,29.2,995.7,78,54,28.6,223,0.0,3,0.0,29.3,79.0,7,186,Monsoon
32.2,27.2,29.3,997.3,76,62,25.5,222,0.0,3,0.0,29.2,78.0,7,187,Monsoon
32.0,27.5,29.4,998.3,75,52,25.5,232,0.0,2,0.0,29.3,76.0,7,188,Monsoon
32.1,27.7,29.6,997.8,74,60,26.2,230,0.0,3,0.0,29.4,75.0,7,189,Monsoon
32.3,27.8,29.7,997.6,75,64,23.4,221,0.2,51,0.0,29.6,74.0,7,190,Monsoon
32.4,27.8,29.9,995.8,73,54,20.8,221,0.0,3,0.2,29.7,75.0,7,191,Monsoon
33.4,27.9,30.4,995.4,69,54,19.8,215,0.0,3,0.0,29.9,73.0,7,192,Monsoon
35.1,28.2,31.3,996.1,71,62,20.1,245,0.0,3,0.0,30.4,69.0,7,193,Monsoon
35.7,29.1,31.8,996.1,71,57,23.1,246,0.0,3,0.0,31.3,71.0,7,194,Monsoon
34.6,29.1,31.1,997.1,76,53,24.2,244,0.0,3,0.0,31.8,71.0,7,195,Monsoon
33.4,28.6,30.4,996.3,77,75,25.6,237,0.1,51,0.0,31.1,76.0,7,196,Monsoon
31.8,28.1,29.7,994.6,79,97,22.4,234,0.3,51,0.1,30.4,77.0,7,197,Monsoon
32.0,28.1,29.7,994.3,80,94,22.1,241,2.5,55,0.3,29.7,79.0,7,198,Monsoon
31.7,27.3,29.0,995.1,81,90,23.6,238,1.2,53,2.5,29.7,80.0,7,199,Monsoon
30.9,27.2,28.9,994.2,83,96,14.2,246,10.2,63,1.2,29.0,81.0,7,200,Monsoon
30.5,27.1,28.3,992.9,86,100,28.8,50,12.8,63,10.2,28.9,83.0,7,201,Monsoon
28.0,27.0,27.5,995.1,88,100,18.7,130,14.5,63,12.8,28.3,86.0,7,202,Monsoon
29.7,26.8,28.0,998.3,84,99,21.2,190,1.4,51,14.5,27.5,88.0,7,203,Monsoon
29.6,26.9,28.1,1001.6,83,80,25.7,236,0.8,51,1.4,28.0,84.0,7,204,Monsoon
29.8,26.4,28.0,1000.7,86,59,26.5,256,1.7,51,0.8,28.1,83.0,7,205,Monsoon
30.4,27.1,28.4,999.4,83,97,25.2,264,1.5,53,1.7,28.0,86.0,7,206,Monsoon
29.5,27.1,28.1,998.7,85,96,29.7,259,2.4,53,1.5,28.4,83.0,7,207,Monsoon
30.4,27.1,28.4,999.1,85,67,27.8,250,0.0,3,2.4,28.1,85.0,7,208,Monsoon
30.9,27.1,28.6,1000.0,85,79,18.4,246,0.0,3,0.0,28.4,85.0,7,209,Monsoon
31.3,26.8,28.7,998.8,82,70,19.7,261,0.0,3,0.0,28.6,85.0,7,210,Monsoon
31.5,27.4,28.9,997.7,83,85,23.1,266,0.0,3,0.0,28.7,82.0,7,211,Monsoon
31.1,27.3,28.7,998.5,82,82,24.6,258,0.0,3,0.0,28.9,83.0,7,212,Monsoon
31.2,27.1,28.9,999.3,81,93,27.1,256,0.0,3,0.0,28.7,82.0,8,213,Monsoon
31.0,27.5,28.8,997.5,82,98,34.7,252,0.1,51,0.0,28.9,81.0,8,214,Monsoon
31.2,27.1,28.9,995.4,82,81,29.5,247,0.0,3,0.1,28.8,82.0,8,215,Monsoon
32.1,27.0,29.1,998.3,83,76,20.4,232,0.0,3,0.0,28.9,82.0,8,216,Monsoon
31.2,27.0,28.7,1000.9,81,83,23.3,237,0.0,3,0.0,29.1,83.0,8,217,Monsoon
30.2,27.2,28.4,999.2,82,96,29.6,249,0.0,3,0.0,28.7,81.0,8,218,Monsoon
30.2,26.8,28.2,998.1,83,72,35.3,245,0.0,3,0.0,28.4,82.0,8,219,Monsoon
30.5,26.6,28.2,996.9,83,88,31.1,240,0.0,3,0.0,28.2,83.0,8,220,Monsoon
31.3,26.7,28.6,999.5,80,75,19.8,233,0.0,3,0.0,28.2,83.0,8,221,Monsoon
32.1,26.9,28.9,1002.4,80,84,24.7,250,0.0,3,0.0,28.6,80.0,8,222,Monsoon
30.4,27.3,28.6,1005.3,82,83,19.8,250,1.2,53,0.0,28.9,80.0,8,223,Monsoon
29.3,26.7,28.0,1003.9,82,92,36.6,250,0.4,51,1.2,28.6,82.0,8,224,Monsoon
29.7,26.6,27.8,997.6,82,64,45.0,250,0.8,51,0.4,28.0,82.0,8,225,Monsoon
30.0,26.4,27.9,996.6,83,44,42.4,240,0.0,3,0.8,27.8,82.0,8,226,Monsoon
30.0,26.3,27.8,1001.6,83,63,29.8,240,0.5,51,0.0,27.9,83.0,8,227,Monsoon
29.7,26.3,27.6,1003.6,82,51,31.4,248,0.1,51,0.5,27.8,83.0,8,228,Monsoon
28.6,26.1,27.2,1004.2,84,80,24.2,255,0.1,51,0.1,27.6,82.0,8,229,Monsoon
29.1,26.1,27.3,1005.1,84,68,27.6,257,0.0,3,0.1,27.2,84.0,8,230,Monsoon
29.5,26.2,27.3,1005.1,83,74,32.0,253,0.0,3,0.0,27.3,84.0,8,231,Monsoon
29.2,26.0,27.3,1003.6,84,86,35.5,252,0.4,51,0.0,27.3,83.0,8,232,Monsoon
29.4,25.9,27.4,1002.7,84,64,30.7,246,1.4,51,0.4,27.3,84.0,8,233,Monsoon
29.8,26.0,27.6,1003.1,83,63,24.2,244,0.2,51,1.4,27.4,84.0,8,234,Monsoon
30.2,26.2,27.8,1003.3,81,44,22.0,248,0.0,3,0.2,27.6,83.0,8,235,Monsoon
30.5,26.2,27.8,1003.4,81,64,24.2,253,0.0,3,0.0,27.8,81.0,8,236,Monsoon
30.7,26.0,27.9,1003.2,81,46,27.1,258,0.0,2,0.0,27.8,81.0,8,237,Monsoon
30.0,26.1,27.7,1001.4,80,57,27.8,259,0.0,3,0.0,27.9,81.0,8,238,Monsoon
30.4,26.1,27.9,1000.3,80,61,28.4,259,0.0,2,0.0,27.7,80.0,8,239,Monsoon
30.8,26.0,28.0,1000.2,80,61,24.9,259,0.0,3,0.0,27.9,80.0,8,240,Monsoon
30.9,26.2,28.0,998.6,77,38,24.2,256,0.0,3,0.0,28.0,80.0,8,241,Monsoon
30.7,26.0,28.1,998.7,76,50,22.9,251,0.0,3,0.0,28.0,77.0,8,242,Monsoon
31.2,26.0,28.1,999.1,78,35,19.4,255,0.0,2,0.0,28.1,76.0,8,243,Monsoon
31.9,25.3,27.9,999.1,77,19,21.7,264,0.0,2,0.0,28.1,78.0,9,244,Monsoon
32.1,25.4,27.9,999.4,79,27,23.3,265,0.0,3,0.0,27.9,77.0,9,245,Monsoon
31.0,24.8,27.4,998.2,78,29,22.9,243,0.0,2,0.0,27.9,79.0,9,246,Monsoon
31.1,24.8,27.2,997.9,75,14,28.6,236,0.0,2,0.0,27.4,78.0,9,247,Monsoon
30.0,24.4,26.7,1000.7,82,33,26.6,228,0.0,2,0.0,27.2,75.0,9,248,Monsoon
29.5,24.3,26.5,1004.0,79,38,20.6,231,0.0,3,0.0,26.7,82.0,9,249,Monsoon
29.9,24.5,26.7,1005.3,76,39,20.6,246,0.0,3,0.0,26.5,79.0,9,250,Monsoon
30.0,24.9,27.1,1006.4,71,36,22.0,244,0.0,3,0.0,26.7,76.0,9,251,Monsoon
30.5,24.7,27.5,1007.6,69,17,19.8,245,0.0,1,0.0,27.1,71.0,9,252,Monsoon
30.9,24.2,27.5,1008.4,72,7,20.5,258,0.0,1,0.0,27.5,69.0,9,253,Monsoon
31.6,26.0,28.3,1008.9,69,11,19.5,258,0.0,1,0.0,27.5,72.0,9,254,Monsoon
32.0,26.0,28.4,1010.4,72,19,22.0,264,0.0,1,0.0,28.3,69.0,9,255,Monsoon
31.6,26.0,28.2,1009.5,75,16,30.0,265,0.0,1,0.0,28.4,72.0,9,256,Monsoon
30.8,26.0,28.1,1006.5,75,37,31.6,255,0.0,2,0.0,28.2,75.0,9,257,Monsoon
31.2,26.0,28.2,1005.8,76,39,23.9,249,0.0,2,0.0,28.1,75.0,9,258,Monsoon
31.1,25.3,27.8,1006.1,79,41,21.7,245,0.0,3,0.0,28.2,76.0,9,259,Monsoon
31.3,25.0,27.4,1007.6,77,34,21.6,263,0.0,3,0.0,27.8,79.0,9,260,Monsoon
31.1,25.0,27.3,1007.8,77,25,25.5,265,0.0,2,0.0,27.4,77.0,9,261,Monsoon
30.8,25.5,27.5,1006.7,77,22,30.4,259,0.0,2,0.0,27.3,77.0,9,262,Monsoon
30.3,25.4,27.5,1007.2,78,25,32.2,259,0.0,1,0.0,27.5,77.0,9,263,Monsoon
30.4,25.6,27.6,1006.6,79,33,32.9,255,0.0,2,0.0,27.5,78.0,9,264,Monsoon
30.3,25.8,27.6,1005.3,79,43,31.6,248,0.0,2,0.0,27.6,79.0,9,265,Monsoon
30.4,25.9,27.7,1003.8,82,54,22.7,234,0.2,51,0.0,27.6,79.0,9,266,Monsoon
30.7,25.7,27.6,1005.2,80,26,18.9,210,0.0,2,0.2,27.7,82.0,9,267,Monsoon
31.3,24.9,27.7,1006.7,79,10,21.3,210,0.0,1,0.0,27.6,80.0,9,268,Monsoon
31.2,24.8,27.6,1007.0,77,6,18.6,230,0.0,1,0.0,27.7,79.0,9,269,Monsoon
31.1,25.0,27.6,1008.1,75,13,19.1,240,0.0,2,0.0,27.6,77.0,9,270,Monsoon
30.3,25.2,27.4,1007.8,74,20,24.1,252,0.0,2,0.0,27.6,75.0,9,271,Monsoon
30.7,25.5,27.6,1008.0,73,30,24.5,250,0.0,2,0.0,27.4,74.0,9,272,Monsoon
30.4,25.4,27.7,1008.0,74,43,20.9,255,0.0,3,0.0,27.6,73.0,9,273,Monsoon
31.1,25.7,27.8,1008.7,75,29,21.1,257,0.0,3,0.0,27.7,74.0,10,274,PostMonsoon
31.1,25.8,27.9,1009.7,75,29,22.9,256,0.0,2,0.0,27.8,75.0,10,275,PostMonsoon
31.0,25.5,27.8,1009.0,77,39,23.7,253,0.0,2,0.0,27.9,75.0,10,276,PostMonsoon
31.0,25.5,27.7,1007.9,80,30,24.4,255,0.0,2,0.0,27.8,77.0,10,277,PostMonsoon
31.0,25.1,27.5,1008.6,81,39,20.9,254,0.0,3,0.0,27.7,80.0,10,278,PostMonsoon
30.8,25.2,27.4,1008.9,79,27,18.2,255,0.0,3,0.0,27.5,81.0,10,279,PostMonsoon
31.5,25.2,27.7,1009.2,77,22,20.4,249,0.0,2,0.0,27.4,79.0,10,280,PostMonsoon
31.7,24.9,27.7,1009.3,76,24,16.9,258,0.0,2,0.0,27.7,77.0,10,281,PostMonsoon
33.8,24.2,28.1,1010.0,72,25,16.1,282,0.0,3,0.0,27.7,76.0,10,282,PostMonsoon
36.9,24.4,29.9,1008.2,57,0,22.0,304,0.0,0,0.0,28.1,72.0,10,283,PostMonsoon
37.9,24.9,30.6,1007.4,55,0,22.0,303,0.0,0,0.0,29.9,57.0,10,284,PostMonsoon
37.4,25.9,31.0,1007.2,48,0,20.2,306,0.0,0,0.0,30.6,55.0,10,285,PostMonsoon
38.3,24.5,31.7,1006.2,46,1,13.8,329,0.0,0,0.0,31.0,48.0,10,286,PostMonsoon
35.4,25.6,29.5,1006.3,63,6,22.9,150,0.0,1,0.0,31.7,46.0,10,287,PostMonsoon
32.4,25.9,28.6,1007.3,78,22,16.4,207,0.2,51,0.0,29.5,63.0,10,288,PostMonsoon
33.1,26.4,29.5,1009.5,66,46,14.0,69,0.9,51,0.2,28.6,78.0,10,289,PostMonsoon
34.6,25.9,30.2,1011.1,60,6,19.3,58,0.0,1,0.9,29.5,66.0,10,290,PostMonsoon
33.4,25.0,29.0,1010.9,71,2,18.8,233,0.0,0,0.0,30.2,60.0,10,291,PostMonsoon
34.6,25.5,29.3,1008.3,66,1,22.0,260,0.0,0,0.0,29.0,71.0,10,292,PostMonsoon
33.8,23.1,28.8,1008.4,62,1,19.7,253,0.0,0,0.0,29.3,66.0,10,293,PostMonsoon
31.7,24.1,27.6,1011.2,76,3,17.1,256,0.0,0,0.0,28.8,62.0,10,294,PostMonsoon
35.3,24.3,29.4,1013.2,61,10,15.8,343,0.0,2,0.0,27.6,76.0,10,295,PostMonsoon
35.7,25.6,30.5,1014.1,46,1,22.4,36,0.0,0,0.0,29.4,61.0,10,296,PostMonsoon
35.2,24.7,29.8,1014.4,42,0,16.3,341,0.0,0,0.0,30.5,46.0,10,297,PostMonsoon
35.4,23.6,29.4,1013.0,46,0,20.3,288,0.0,0,0.0,29.8,42.0,10,298,PostMonsoon
35.3,22.6,29.1,1012.8,49,0,18.6,284,0.0,0,0.0,29.4,46.0,10,299,PostMonsoon
35.5,23.1,29.7,1012.0,38,0,19.5,302,0.0,0,0.0,29.1,49.0,10,300,PostMonsoon
34.5,23.3,28.6,1010.8,39,0,18.1,306,0.0,0,0.0,29.7,38.0,10,301,PostMonsoon
32.3,21.2,27.0,1011.7,47,0,21.0,18,0.0,0,0.0,28.6,39.0,10,302,PostMonsoon
32.8,23.1,27.7,1012.1,35,0,26.2,36,0.0,0,0.0,27.0,47.0,10,303,PostMonsoon
32.1,19.5,26.2,1012.4,40,0,14.5,4,0.0,0,0.0,27.7,35.0,10,304,PostMonsoon
32.2,18.5,25.9,1012.8,44,0,15.2,325,0.0,0,0.0,26.2,40.0,11,305,PostMonsoon
32.4,19.0,25.5,1013.5,48,0,17.3,299,0.0,0,0.0,25.9,44.0,11,306,PostMonsoon
30.0,18.8,24.6,1012.9,76,0,21.2,271,0.0,0,0.0,25.5,48.0,11,307,PostMonsoon
29.9,22.7,25.8,1010.1,78,12,21.1,259,0.0,1,0.0,24.6,76.0,11,308,PostMonsoon
29.1,22.6,25.6,1009.8,77,34,13.0,180,0.0,3,0.0,25.8,78.0,11,309,PostMonsoon
30.1,21.5,25.4,1011.7,69,1,16.1,140,0.0,0,0.0,25.6,77.0,11,310,PostMonsoon
32.3,21.0,26.7,1012.4,53,4,15.2,9,0.0,1,0.0,25.4,69.0,11,311,PostMonsoon
33.2,24.2,28.2,1013.0,35,1,25.2,42,0.0,0,0.0,26.7,53.0,11,312,PostMonsoon
32.8,21.6,27.1,1012.2,42,0,15.1,21,0.0,0,0.0,28.2,35.0,11,313,PostMonsoon
31.8,20.1,25.9,1011.2,54,0,18.3,301,0.0,0,0.0,27.1,42.0,11,314,PostMonsoon
29.9,21.7,25.2,1011.3,76,0,17.4,211,0.0,0,0.0,25.9,54.0,11,315,PostMonsoon
29.5,19.8,24.4,1013.5,76,8,15.9,210,0.0,2,0.0,25.2,76.0,11,316,PostMonsoon
29.0,19.1,23.7,1014.4,78,10,18.0,283,0.0,3,0.0,24.4,76.0,11,317,PostMonsoon
29.9,19.5,24.1,1015.6,72,0,19.5,279,0.0,0,0.0,23.7,78.0,11,318,PostMonsoon
30.7,19.0,24.6,1013.0,69,0,18.6,287,0.0,0,0.0,24.1,72.0,11,319,PostMonsoon
29.4,20.9,24.7,1010.1,76,0,14.8,239,0.0,0,0.0,24.6,69.0,11,320,PostMonsoon
31.3,18.8,25.0,1011.9,68,6,10.5,62,0.0,1,0.0,24.7,76.0,11,321,PostMonsoon
31.6,22.2,26.5,1014.5,33,0,22.7,51,0.0,0,0.0,25.0,68.0,11,322,PostMonsoon
30.6,20.0,25.3,1013.8,41,0,15.2,16,0.0,0,0.0,26.5,33.0,11,323,PostMonsoon
29.9,17.3,23.8,1013.1,55,0,15.2,309,0.0,0,0.0,25.3,41.0,11,324,PostMonsoon
28.4,18.1,23.3,1013.6,58,0,16.7,301,0.0,0,0.0,23.8,55.0,11,325,PostMonsoon
28.0,16.9,22.7,1013.4,63,0,15.5,300,0.0,0,0.0,23.3,58.0,11,326,PostMonsoon
30.6,18.7,24.6,1014.4,44,0,22.8,42,0.0,0,0.0,22.7,63.0,11,327,PostMonsoon
30.1,21.0,24.9,1015.0,34,1,28.2,53,0.0,0,0.0,24.6,44.0,11,328,PostMonsoon
28.8,18.7,23.6,1013.8,42,0,16.6,27,0.0,0,0.0,24.9,34.0,11,329,PostMonsoon
27.5,17.3,22.8,1012.2,67,2,20.9,268,0.0,0,0.0,23.6,42.0,11,330,PostMonsoon
25.8,21.6,23.6,1012.5,67,17,21.7,263,0.4,51,0.0,22.8,67.0,11,331,PostMonsoon
26.9,17.8,22.2,1014.0,45,0,16.8,341,0.0,0,0.4,23.6,67.0,11,332,PostMonsoon
25.5,14.9,19.8,1017.5,30,0,22.5,55,0.0,0,0.0,22.2,45.0,11,333,PostMonsoon
24.0,15.4,19.1,1020.5,30,7,27.3,48,0.0,2,0.0,19.8,30.0,11,334,PostMonsoon
24.4,13.6,18.7,1019.3,38,3,15.4,41,0.0,1,0.0,19.1,30.0,12,335,Winter
24.3,12.7,18.8,1017.6,64,0,12.3,139,0.0,0,0.0,18.7,38.0,12,336,Winter
25.6,15.6,20.7,1017.8,66,2,12.0,96,0.0,1,0.0,18.8,64.0,12,337,Winter
26.6,16.3,21.3,1017.9,44,4,11.5,60,0.0,2,0.0,20.7,66.0,12,338,Winter
26.1,16.0,21.1,1017.5,57,20,17.7,303,0.0,3,0.0,21.3,44.0,12,339,Winter
27.3,18.7,22.6,1017.4,65,77,13.4,52,0.0,3,0.0,21.1,57.0,12,340,Winter
26.7,17.6,22.0,1018.1,49,79,12.0,3,0.0,3,0.0,22.6,65.0,12,341,Winter
26.5,16.5,21.4,1018.5,63,46,12.4,38,0.0,3,0.0,22.0,49.0,12,342,Winter
26.1,17.1,21.5,1018.0,55,13,12.9,56,0.0,2,0.0,21.4,63.0,12,343,Winter
25.3,18.0,21.6,1017.5,58,80,12.4,20,0.1,51,0.0,21.5,55.0,12,344,Winter
26.4,18.1,22.0,1019.4,59,60,17.7,59,0.0,3,0.1,21.6,58.0,12,345,Winter
26.8,18.1,22.1,1020.0,41,26,26.9,62,0.0,3,0.0,22.0,59.0,12,346,Winter
26.8,17.4,21.9,1018.4,47,62,16.9,52,0.0,3,0.0,22.1,41.0,12,347,Winter
26.5,17.1,22.0,1017.0,63,49,16.6,297,0.0,3,0.0,21.9,47.0,12,348,Winter
27.3,20.2,23.1,1016.2,68,10,14.4,290,0.0,2,0.0,22.0,63.0,12,349,Winter
27.1,17.9,22.4,1018.8,52,18,15.5,78,0.0,2,0.0,23.1,68.0,12,350,Winter
27.0,18.5,22.5,1020.1,46,1,21.7,67,0.0,0,0.0,22.4,52.0,12,351,Winter
26.7,15.5,21.2,1020.0,65,26,13.0,314,0.0,3,0.0,22.5,46.0,12,352,Winter
26.8,19.2,22.4,1019.4,78,28,15.6,292,0.0,3,0.0,21.2,65.0,12,353,Winter
26.7,18.3,22.4,1017.6,69,5,18.4,288,0.0,2,0.0,22.4,78.0,12,354,Winter
26.0,17.6,22.0,1017.0,60,62,14.1,337,0.0,3,0.0,22.4,69.0,12,355,Winter
24.7,16.9,20.9,1018.0,55,36,11.2,32,0.2,51,0.0,22.0,60.0,12,356,Winter
24.7,17.1,20.5,1019.1,47,0,25.3,55,0.0,0,0.2,20.9,55.0,12,357,Winter
23.9,14.6,19.5,1016.7,51,2,12.0,30,0.0,0,0.0,20.5,47.0,12,358,Winter
23.9,15.7,19.5,1019.4,37,24,23.2,66,0.0,3,0.0,19.5,51.0,12,359,Winter
22.9,15.6,18.9,1021.3,31,69,30.1,54,0.0,3,0.0,19.5,37.0,12,360,Winter
23.7,16.0,19.3,1020.7,33,21,27.2,50,0.0,2,0.0,18.9,31.0,12,361,Winter
24.5,16.1,19.7,1020.0,34,28,28.5,50,0.0,2,0.0,19.3,33.0,12,362,Winter
24.7,17.0,20.0,1018.6,38,27,34.3,48,0.0,3,0.0,19.7,34.0,12,363,Winter
25.4,16.2,20.2,1017.4,36,9,24.7,42,0.0,2,0.0,20.0,38.0,12,364,Winter
25.4,15.4,20.1,1018.1,36,0,22.2,50,0.0,0,0.0,20.2,36.0,12,365,Winter
25.4,15.0,19.9,1019.4,36,3,20.9,46,0.0,1,0.0,20.1,36.0,1,1,Winter
25.3,14.9,19.8,1019.8,36,0,20.2,39,0.0,0,0.0,19.9,36.0,1,2,Winter
24.9,14.9,19.6,1020.1,37,21,22.6,49,0.0,2,0.0,19.8,36.0,1,3,Winter
24.7,16.1,20.0,1017.6,36,2,26.1,49,0.0,0,0.0,19.6,37.0,1,4,Winter
24.8,14.6,19.4,1016.0,42,0,15.9,6,0.0,0,0.0,20.0,36.0,1,5,Winter
26.0,13.8,19.6,1016.8,40,17,18.4,49,0.0,3,0.0,19.4,42.0,1,6,Winter
26.1,15.0,20.1,1017.4,39,34,15.4,39,0.0,3,0.0,19.6,40.0,1,7,Winter
26.2,14.9,20.1,1017.8,41,21,14.6,29,0.0,2,0.0,20.1,39.0,1,8,Winter
25.4,13.3,19.3,1016.5,54,2,15.3,319,0.0,0,0.0,20.1,41.0,1,9,Winter
27.0,16.0,20.9,1014.6,69,9,13.5,309,0.0,1,0.0,19.3,54.0,1,10,Winter
26.0,14.6,20.3,1014.0,56,15,12.1,39,0.0,2,0.0,20.9,69.0,1,11,Winter
26.7,15.4,20.6,1013.9,44,23,21.8,75,0.0,3,0.0,20.3,56.0,1,12,Winter
24.9,15.2,19.9,1012.7,53,23,17.4,121,1.0,53,0.0,20.6,44.0,1,13,Winter
20.6,15.5,18.6,1008.6,72,54,22.7,291,6.9,61,1.0,19.9,53.0,1,14,Winter
16.9,10.8,14.2,1009.5,53,0,23.2,310,0.0,0,6.9,18.6,72.0,1,15,Winter
18.5,9.0,13.8,1013.9,46,0,19.8,352,0.0,0,0.0,14.2,53.0,1,16,Winter
19.5,10.6,14.5,1019.1,39,0,27.6,54,0.0,0,0.0,13.8,46.0,1,17,Winter
20.0,9.9,14.8,1019.4,44,0,20.5,46,0.0,0,0.0,14.5,39.0,1,18,Winter
22.9,10.7,16.8,1016.3,66,7,15.9,305,0.0,2,0.0,14.8,44.0,1,19,Winter
23.9,18.2,20.5,1013.9,79,13,21.1,274,0.0,1,0.0,16.8,66.0,1,20,Winter
25.2,15.4,20.5,1012.2,73,14,24.1,265,0.0,2,0.0,20.5,79.0,1,21,Winter
25.9,15.5,21.1,1015.6,56,27,17.4,39,0.0,3,0.0,20.5,73.0,1,22,Winter
25.6,17.4,21.4,1018.7,43,27,28.3,65,0.0,3,0.0,21.1,56.0,1,23,Winter
25.9,16.4,20.6,1017.5,34,3,29.5,69,0.0,1,0.0,21.4,43.0,1,24,Winter
24.3,16.0,19.6,1016.2,43,46,19.9,348,0.0,3,0.0,20.6,34.0,1,25,Winter
23.9,14.3,19.2,1014.2,55,1,15.5,311,0.0,0,0.0,19.6,43.0,1,26,Winter
24.4,15.0,19.3,1016.8,37,23,25.7,37,0.0,2,0.0,19.2,55.0,1,27,Winter
24.0,14.9,19.0,1019.8,30,0,28.0,41,0.0,0,0.0,19.3,37.0,1,28,Winter
24.9,13.8,19.0,1019.7,22,0,20.5,45,0.0,0,0.0,19.0,30.0,1,29,Winter
24.6,11.1,18.0,1016.9,35,0,16.6,340,0.0,0,0.0,19.0,22.0,1,30,Winter
24.3,12.8,18.7,1014.2,64,0,15.3,278,0.0,0,0.0,18.0,35.0,1,31,Winter
27.5,12.1,19.6,1013.5,56,0,11.9,44,0.0,0,0.0,18.7,64.0,2,32,Winter
28.0,16.6,21.6,1015.4,25,0,27.9,56,0.0,0,0.0,19.6,56.0,2,33,Winter
27.9,17.2,22.1,1015.5,24,0,23.5,61,0.0,0,0.0,21.6,25.0,2,34,Winter
27.8,15.4,21.4,1014.8,30,0,14.6,29,0.0,0,0.0,22.1,24.0,2,35,Winter
28.9,13.3,21.1,1014.0,37,0,16.2,59,0.0,0,0.0,21.4,30.0,2,36,Winter
28.3,14.3,21.0,1013.7,41,0,17.8,347,0.0,0,0.0,21.1,37.0,2,37,Winter
25.9,16.1,20.6,1013.2,66,0,22.4,279,0.0,0,0.0,21.0,41.0,2,38,Winter
27.9,16.4,21.8,1012.4,63,10,17.2,290,0.0,2,0.0,20.6,66.0,2,39,Winter
28.5,15.1,21.9,1011.4,51,0,21.7,308,0.0,0,0.0,21.8,63.0,2,40,Winter
26.6,15.8,21.1,1015.4,41,3,27.3,76,0.0,2,0.0,21.9,51.0,2,41,Winter
25.9,16.4,21.0,1019.2,41,0,26.8,71,0.0,0,0.0,21.1,41.0,2,42,Winter
25.7,15.6,20.4,1017.6,51,49,15.5,41,0.0,3,0.0,21.0,41.0,2,43,Winter
24.9,16.2,20.4,1013.8,70,10,18.8,279,0.0,2,0.0,20.4,51.0,2,44,Winter
26.6,18.9,21.8,1011.3,67,6,23.2,284,0.0,1,0.0,20.4,70.0,2,45,Winter
26.0,14.2,20.2,1011.6,32,21,22.0,315,0.0,3,0.0,21.8,67.0,2,46,Winter
26.3,14.3,20.4,1013.5,40,0,34.7,59,0.0,0,0.0,20.2,32.0,2,47,Winter
27.3,17.2,21.8,1015.7,32,1,32.6,54,0.0,0,0.0,20.4,40.0,2,48,Winter
28.7,17.1,22.6,1016.0,34,0,21.0,36,0.0,0,0.0,21.8,32.0,2,49,Winter
28.1,15.5,22.1,1014.2,56,2,22.7,268,0.0,1,0.0,22.6,34.0,2,50,Winter
30.1,20.1,24.1,1009.7,62,0,21.4,275,0.0,0,0.0,22.1,56.0,2,51,Winter
32.6,17.1,24.9,1008.7,56,1,19.6,289,0.0,0,0.0,24.1,62.0,2,52,Winter
31.2,19.5,24.6,1009.6,58,3,23.8,204,0.0,1,0.0,24.9,56.0,2,53,Winter
24.9,21.0,22.4,1010.1,85,52,28.8,239,4.5,61,0.0,24.6,58.0,2,54,Winter
24.0,17.0,20.5,1011.5,53,9,21.7,291,0.0,2,4.5,22.4,85.0,2,55,Winter
21.2,13.6,17.9,1011.8,46,13,21.3,295,0.0,2,0.0,20.5,53.0,2,56,Winter
23.8,12.2,18.7,1014.6,60,1,16.1,269,0.0,1,0.0,17.9,46.0,2,57,Winter
25.0,13.6,19.8,1016.1,62,36,15.5,289,0.0,3,0.0,18.7,60.0,2,58,Winter
28.6,15.1,22.0,1015.3,53,21,12.5,8,0.0,3,0.0,19.8,62.0,2,59,Winter
29.0,16.1,23.0,1014.5,44,58,15.6,48,0.0,3,0.0,22.0,53.0,2,60,Winter
29.4,18.4,23.3,1014.1,44,56,21.4,1,0.0,3,0.0,23.0,44.0,3,61,HotDry
29.6,16.9,23.3,1014.2,51,0,18.0,314,0.0,0,0.0,23.3,44.0,3,62,HotDry
30.1,16.7,23.7,1014.8,50,6,17.2,28,0.0,3,0.0,23.3,51.0,3,63,HotDry
31.5,18.6,25.0,1014.6,46,26,18.5,29,0.0,3,0.0,23.7,50.0,3,64,HotDry
31.1,17.9,24.6,1013.8,50,15,20.5,289,0.0,2,0.0,25.0,46.0,3,65,HotDry
28.1,18.4,23.2,1012.7,66,14,24.6,270,0.0,1,0.0,24.6,50.0,3,66,HotDry
31.7,20.5,25.3,1011.7,67,2,18.9,274,0.0,0,0.0,23.2,66.0,3,67,HotDry
31.9,19.9,25.4,1012.9,69,35,16.4,267,0.0,3,0.0,25.3,67.0,3,68,HotDry
32.0,21.3,25.7,1012.9,65,49,17.5,283,0.0,3,0.0,25.4,69.0,3,69,HotDry
30.7,20.5,25.0,1012.3,70,48,20.5,277,0.0,3,0.0,25.7,65.0,3,70,HotDry
29.2,20.0,24.1,1011.8,72,64,24.2,275,0.0,3,0.0,25.0,70.0,3,71,HotDry
29.7,21.1,25.0,1012.6,74,40,24.6,271,0.0,3,0.0,24.1,72.0,3,72,HotDry
31.7,21.1,26.0,1011.7,64,82,26.0,278,0.0,3,0.0,25.0,74.0,3,73,HotDry
29.9,21.4,25.2,1009.0,63,91,27.8,271,0.0,3,0.0,26.0,64.0,3,74,HotDry
27.7,22.9,24.7,1008.2,76,89,26.5,265,0.3,51,0.0,25.2,63.0,3,75,HotDry
26.7,21.5,23.7,1008.4,72,52,21.3,256,0.2,51,0.3,24.7,76.0,3,76,HotDry
27.2,21.2,23.8,1007.8,68,12,28.2,248,0.0,2,0.2,23.7,72.0,3,77,HotDry
27.6,21.0,24.0,1009.6,62,10,27.0,259,0.0,2,0.0,23.8,68.0,3,78,HotDry
27.6,21.0,24.0,1010.2,65,1,23.4,267,0.0,0,0.0,24.0,62.0,3,79,HotDry
29.3,19.4,24.5,1008.9,69,2,22.2,259,0.0,0,0.0,24.0,65.0,3,80,HotDry
30.4,22.7,25.8,1009.6,72,14,27.3,262,0.0,3,0.0,24.5,69.0,3,81,HotDry
32.4,22.5,27.3,1011.8,63,81,19.4,338,0.0,3,0.0,25.8,72.0,3,82,HotDry
32.1,22.4,26.9,1012.0,67,12,22.0,263,0.0,3,0.0,27.3,63.0,3,83,HotDry
32.3,23.6,27.2,1009.9,66,0,26.9,270,0.0,0,0.0,26.9,67.0,3,84,HotDry
30.8,24.1,27.0,1007.6,67,2,32.2,262,0.0,0,0.0,27.2,66.0,3,85,HotDry
32.7,24.5,27.9,1005.3,59,0,30.9,266,0.0,0,0.0,27.0,67.0,3,86,HotDry
33.8,24.0,28.3,1004.8,57,0,39.5,268,0.0,0,0.0,27.9,59.0,3,87,HotDry
30.3,23.8,27.0,1006.0,55,0,39.6,265,0.0,0,0.0,28.3,57.0,3,88,HotDry
33.1,21.5,26.6,1005.9,50,0,29.5,281,0.0,0,0.0,27.0,55.0,3,89,HotDry
31.7,22.1,26.4,1008.4,26,0,25.9,315,0.0,0,0.0,26.6,50.0,3,90,HotDry
33.2,18.2,25.7,1009.4,46,0,19.2,289,0.0,0,0.0,26.4,26.0,3,91,HotDry
31.3,19.8,25.1,1008.6,61,0,22.5,238,0.0,0,0.0,25.7,46.0,4,92,HotDry
31.4,19.2,25.0,1007.8,67,0,23.6,257,0.0,0,0.0,25.1,61.0,4,93,HotDry
30.8,20.2,25.0,1008.2,69,0,22.4,265,0.0,0,0.0,25.0,67.0,4,94,HotDry
29.6,21.5,25.0,1007.0,73,31,25.6,261,0.0,2,0.0,25.0,69.0,4,95,HotDry
32.3,23.3,26.8,1005.7,65,3,25.9,258,0.0,0,0.0,25.0,73.0,4,96,HotDry
33.2,22.5,27.7,1007.6,42,1,27.9,271,0.0,0,0.0,26.8,65.0,4,97,HotDry
33.5,21.6,27.5,1011.7,47,0,23.1,275,0.0,0,0.0,27.7,42.0,4,98,HotDry
33.7,21.8,27.2,1012.3,35,0,22.8,295,0.0,0,0.0,27.5,47.0,4,99,HotDry
34.4,19.9,27.2,1008.8,45,0,21.8,288,0.0,0,0.0,27.2,35.0,4,100,HotDry
35.3,21.2,26.9,1006.5,57,0,27.3,270,0.0,0,0.0,27.2,45.0,4,101,HotDry
29.7,21.7,25.5,1006.7,76,6,22.0,238,0.0,2,0.0,26.9,57.0,4,102,HotDry
30.3,22.5,26.0,1008.6,76,49,15.8,253,0.0,3,0.0,25.5,76.0,4,103,HotDry
37.8,20.7,28.8,1010.9,62,1,19.9,302,0.0,0,0.0,26.0,76.0,4,104,HotDry
40.8,23.5,32.9,1011.0,37,0,22.1,51,0.0,0,0.0,28.8,62.0,4,105,HotDry
39.9,23.8,32.7,1009.4,30,4,22.8,280,0.0,1,0.0,32.9,37.0,4,106,HotDry
39.0,25.2,30.8,1006.7,47,6,27.5,279,0.0,3,0.0,32.7,30.0,4,107,HotDry
32.8,25.4,28.4,1005.7,63,68,31.6,264,0.0,3,0.0,30.8,47.0,4,108,HotDry
29.7,24.9,27.0,1007.7,79,93,21.1,238,0.0,3,0.0,28.4,63.0,4,109,HotDry
30.9,24.8,27.3,1009.1,74,24,30.4,249,0.0,3,0.0,27.0,79.0,4,110,HotDry
31.0,24.7,27.2,1008.9,73,13,28.8,262,0.0,2,0.0,27.3,74.0,4,111,HotDry
31.2,24.5,27.2,1008.1,76,7,31.2,261,0.0,1,0.0,27.2,73.0,4,112,HotDry
33.5,25.1,28.3,1007.0,74,1,25.0,251,0.0,0,0.0,27.2,76.0,4,113,HotDry
33.1,23.4,27.9,1007.7,74,0,23.4,231,0.0,0,0.0,28.3,74.0,4,114,HotDry
34.2,24.9,28.8,1006.3,69,2,29.5,266,0.0,1,0.0,27.9,74.0,4,115,HotDry
34.7,25.5,29.6,1003.4,63,2,31.4,265,0.0,1,0.0,28.8,69.0,4,116,HotDry
33.6,26.2,29.5,1002.1,69,11,31.9,262,0.0,3,0.0,29.6,63.0,4,117,HotDry
33.5,26.5,29.5,1001.5,71,0,23.8,247,0.0,0,0.0,29.5,69.0,4,118,HotDry
33.8,25.6,29.2,1001.9,73,2,23.5,237,0.0,1,0.0,29.5,71.0,4,119,HotDry
32.8,25.7,29.0,1003.0,66,0,31.6,253,0.0,0,0.0,29.2,73.0,4,120,HotDry
33.2,25.4,28.7,1003.6,72,2,24.2,255,0.0,0,0.0,29.0,66.0,4,121,HotDry
37.0,25.2,30.1,1002.7,60,0,27.6,260,0.0,0,0.0,28.7,72.0,5,122,HotDry
33.5,25.9,29.0,1003.5,67,0,32.2,250,0.0,0,0.0,30.1,60.0,5,123,HotDry
33.2,25.4,28.8,1005.5,71,0,27.1,254,0.0,0,0.0,29.0,67.0,5,124,HotDry
38.4,24.9,30.9,1006.4,50,0,31.2,276,0.0,0,0.0,28.8,71.0,5,125,HotDry
39.4,25.0,31.8,1005.4,39,0,26.8,290,0.0,0,0.0,30.9,50.0,5,126,HotDry
39.4,24.1,31.7,1005.3,46,0,28.6,279,0.0,0,0.0,31.8,39.0,5,127,HotDry
36.6,25.4,30.6,1006.0,60,1,28.7,266,0.0,0,0.0,31.7,46.0,5,128,HotDry
37.1,26.2,31.0,1004.8,59,0,26.3,262,0.0,0,0.0,30.6,60.0,5,129,HotDry
35.0,26.6,30.2,1004.0,66,0,30.3,253,0.0,0,0.0,31.0,59.0,5,130,HotDry
33.2,26.4,29.3,1004.7,79,15,30.8,250,0.0,1,0.0,30.2,66.0,5,131,HotDry
33.4,26.7,29.4,1006.9,79,33,31.6,250,0.0,3,0.0,29.3,79.0,5,132,HotDry
32.4,26.7,29.1,1008.2,80,79,33.9,256,0.0,3,0.0,29.4,79.0,5,133,HotDry
32.2,26.8,29.1,1007.1,79,73,37.5,254,0.1,51,0.0,29.1,80.0,5,134,HotDry
32.1,26.7,29.0,1006.0,76,41,40.0,256,0.0,3,0.1,29.1,79.0,5,135,HotDry
32.1,26.9,29.1,1006.7,77,61,33.7,249,0.0,3,0.0,29.0,76.0,5,136,HotDry
32.3,26.7,29.0,1009.1,78,35,30.4,253,0.0,2,0.0,29.1,77.0,5,137,HotDry
32.1,26.5,28.8,1009.1,77,38,30.6,257,0.0,2,0.0,29.0,78.0,5,138,HotDry
32.8,26.6,29.0,1005.4,76,24,35.3,258,0.0,2,0.0,28.8,77.0,5,139,HotDry
33.0,27.0,29.4,1003.5,76,10,27.2,251,0.0,2,0.0,29.0,76.0,5,140,HotDry
32.8,26.5,29.2,1005.6,80,50,29.1,235,0.0,3,0.0,29.4,76.0,5,141,HotDry
33.1,26.8,29.4,1005.5,79,54,32.8,246,0.0,3,0.0,29.2,80.0,5,142,HotDry
33.2,26.7,29.5,1005.9,77,50,28.0,248,0.0,3,0.0,29.4,79.0,5,143,HotDry
33.6,26.8,29.6,1006.0,77,30,28.9,251,0.2,51,0.0,29.5,77.0,5,144,HotDry
33.7,27.0,29.7,1006.8,73,15,25.6,266,0.0,2,0.2,29.6,77.0,5,145,HotDry
34.0,26.9,29.8,1007.8,74,13,24.6,262,0.0,1,0.0,29.7,73.0,5,146,HotDry
34.1,26.8,29.9,1006.7,75,8,31.6,264,0.0,1,0.0,29.8,74.0,5,147,HotDry
34.1,27.3,30.4,1002.6,74,1,37.1,260,0.0,0,0.0,29.9,75.0,5,148,HotDry
35.7,28.6,31.2,998.5,68,0,39.4,261,0.0,0,0.0,30.4,74.0,5,149,HotDry
35.6,28.5,31.3,996.9,68,0,34.8,251,0.0,0,0.0,31.2,68.0,5,150,HotDry
33.7,27.8,30.4,1000.7,78,20,28.8,235,0.0,2,0.0,31.3,68.0,5,151,HotDry
33.4,28.3,30.4,1004.8,75,33,29.7,253,0.1,51,0.0,30.4,78.0,5,152,HotDry
33.3,27.8,30.0,1004.0,74,18,36.5,261,0.0,1,0.1,30.4,75.0,6,153,Monsoon
33.6,27.6,30.1,1001.9,75,5,39.0,259,0.0,1,0.0,30.0,74.0,6,154,Monsoon
33.3,27.7,30.1,1001.5,78,11,39.7,253,0.0,2,0.0,30.1,75.0,6,155,Monsoon
33.7,27.7,30.2,1000.3,77,2,40.9,251,0.0,0,0.0,30.1,78.0,6,156,Monsoon
33.4,28.0,30.1,999.7,78,8,39.0,247,0.0,1,0.0,30.2,77.0,6,157,Monsoon
32.8,28.1,30.0,1002.0,78,47,31.6,241,0.6,51,0.0,30.1,78.0,6,158,Monsoon
33.1,27.9,30.0,1004.8,75,28,27.6,250,0.0,2,0.6,30.0,78.0,6,159,Monsoon
32.7,27.7,29.6,1003.5,74,16,33.1,261,0.0,2,0.0,30.0,75.0,6,160,Monsoon
33.2,27.2,29.6,1002.5,74,12,26.1,259,0.1,51,0.0,29.6,74.0,6,161,Monsoon
35.4,27.4,30.6,1003.6,71,9,22.5,238,0.0,1,0.1,29.6,74.0,6,162,Monsoon
34.5,27.9,30.6,1003.9,74,23,24.5,215,0.0,2,0.0,30.6,71.0,6,163,Monsoon
33.8,28.3,30.7,1002.9,74,32,24.8,247,0.0,3,0.0,30.6,74.0,6,164,Monsoon
34.2,28.7,30.9,1000.9,72,34,25.7,256,0.0,3,0.0,30.7,74.0,6,165,Monsoon
35.6,28.4,31.1,999.6,73,97,17.3,284,5.1,61,0.0,30.9,72.0,6,166,Monsoon
36.8,29.3,32.5,996.8,70,44,23.0,267,0.0,3,5.1,31.1,73.0,6,167,Monsoon
37.1,29.2,32.7,995.0,68,19,18.5,270,0.0,2,0.0,32.5,70.0,6,168,Monsoon
39.8,29.8,34.6,994.4,56,19,21.1,37,0.4,51,0.0,32.7,68.0,6,169,Monsoon
38.8,30.3,34.1,993.5,56,23,37.2,40,1.8,55,0.4,34.6,56.0,6,170,Monsoon
37.3,30.7,33.4,993.8,55,83,23.7,349,0.0,3,1.8,34.1,56.0,6,171,Monsoon
34.8,28.6,31.1,996.0,68,61,24.6,249,0.0,3,0.0,33.4,55.0,6,172,Monsoon
33.0,28.2,30.2,998.0,73,99,34.5,252,0.0,3,0.0,31.1,68.0,6,173,Monsoon
32.9,28.1,30.1,998.7,75,93,33.5,252,0.2,51,0.0,30.2,73.0,6,174,Monsoon
32.6,27.9,29.9,998.4,75,97,33.8,251,0.0,3,0.2,30.1,75.0,6,175,Monsoon
32.7,28.1,30.1,999.3,76,80,34.6,248,0.0,3,0.0,29.9,75.0,6,176,Monsoon
33.1,28.1,30.3,999.4,75,69,34.1,242,0.0,3,0.0,30.1,76.0,6,177,Monsoon
32.8,28.3,30.3,1000.6,73,70,31.9,238,0.1,51,0.0,30.3,75.0,6,178,Monsoon
32.2,28.3,30.1,1003.4,73,61,32.2,242,0.2,51,0.1,30.3,73.0,6,179,Monsoon
31.8,28.2,29.7,1003.0,74,50,40.3,252,0.1,51,0.2,30.1,73.0,6,180,Monsoon
31.3,28.1,29.5,1001.2,74,64,43.7,252,0.6,51,0.1,29.7,74.0,6,181,Monsoon
30.8,28.2,29.3,1000.7,78,68,36.6,248,0.4,51,0.6,29.5,74.0,6,182,Monsoon
32.1,27.9,29.6,1001.3,78,59,27.1,242,0.3,51,0.4,29.3,78.0,7,183,Monsoon
31.7,27.6,29.3,1003.1,78,58,28.4,241,0.9,51,0.3,29.6,78.0,7,184,Monsoon
31.1,27.4,29.0,1003.9,78,63,32.8,245,0.9,51,0.9,29.3,78.0,7,185,Monsoon
31.6,27.5,29.2,1001.7,78,57,29.9,237,0.3,51,0.9,29.0,78.0,7,186,Monsoon
31.9,27.4,29.5,1000.0,78,52,28.6,231,0.1,51,0.3,29.2,78.0,7,187,Monsoon
32.6,27.6,29.8,999.9,75,46,24.3,236,0.2,51,0.1,29.5,78.0,7,188,Monsoon
32.9,27.8,29.9,1001.3,72,31,23.5,252,0.0,2,0.2,29.8,75.0,7,189,Monsoon
33.4,27.7,30.0,1002.8,71,48,23.9,260,0.0,3,0.0,29.9,72.0,7,190,Monsoon
34.0,27.8,30.1,1002.8,74,88,25.2,258,0.1,51,0.0,30.0,71.0,7,191,Monsoon
32.5,27.9,29.7,1000.7,75,68,30.8,250,0.0,3,0.1,30.1,74.0,7,192,Monsoon
32.1,27.6,29.4,996.8,72,91,38.2,247,0.0,3,0.0,29.7,75.0,7,193,Monsoon
31.4,27.6,29.2,995.5,76,84,33.8,243,0.3,51,0.0,29.4,72.0,7,194,Monsoon
31.1,27.3,28.9,997.8,79,76,29.5,242,1.4,51,0.3,29.2,76.0,7,195,Monsoon
30.8,27.0,28.6,997.8,79,64,29.7,240,0.8,51,1.4,28.9,79.0,7,196,Monsoon
32.2,26.7,28.9,998.9,79,43,22.7,233,0.4,51,0.8,28.6,79.0,7,197,Monsoon
35.4,26.9,30.3,998.8,74,41,19.0,266,0.2,51,0.4,28.9,79.0,7,198,Monsoon
37.5,28.0,31.9,998.0,68,75,17.0,292,0.6,53,0.2,30.3,74.0,7,199,Monsoon
35.4,28.4,30.8,997.8,69,87,26.1,268,0.0,3,0.6,31.9,68.0,7,200,Monsoon
33.2,27.2,29.5,997.0,77,68,26.4,252,0.0,3,0.0,30.8,69.0,7,201,Monsoon
31.5,27.2,28.9,996.8,76,87,26.0,236,0.1,51,0.0,29.5,77.0,7,202,Monsoon
29.6,27.0,28.2,997.1,80,71,22.0,244,0.4,51,0.1,28.9,76.0,7,203,Monsoon
32.0,26.6,28.8,996.7,77,24,21.6,248,0.0,2,0.4,28.2,80.0,7,204,Monsoon
31.8,26.7,28.9,995.9,75,44,27.5,249,0.0,2,0.0,28.8,77.0,7,205,Monsoon
31.5,26.7,28.9,996.3,77,62,28.3,248,0.0,3,0.0,28.9,75.0,7,206,Monsoon
31.5,26.9,28.8,996.0,78,59,32.3,249,0.3,51,0.0,28.9,77.0,7,207,Monsoon
31.2,27.0,28.8,997.2,77,58,32.0,251,0.1,51,0.3,28.8,78.0,7,208,Monsoon
29.5,27.0,28.0,997.5,81,96,34.9,255,0.3,51,0.1,28.8,77.0,7,209,Monsoon
30.0,26.9,28.1,996.7,80,91,38.1,253,0.8,51,0.3,28.0,81.0,7,210,Monsoon
29.5,26.6,27.7,997.7,82,83,38.2,245,2.9,53,0.8,28.1,80.0,7,211,Monsoon
29.0,26.5,27.5,998.4,80,94,35.8,241,0.4,51,2.9,27.7,82.0,7,212,Monsoon
28.7,26.2,27.2,998.1,83,94,31.9,238,0.7,51,0.4,27.5,80.0,7,213,Monsoon
29.6,25.9,27.5,998.5,83,80,26.7,233,0.3,51,0.7,27.2,83.0,8,214,Monsoon
29.9,25.5,27.4,998.4,82,97,22.9,238,0.0,3,0.3,27.5,83.0,8,215,Monsoon
30.0,25.5,27.4,998.7,81,87,20.7,240,0.2,51,0.0,27.4,82.0,8,216,Monsoon
30.3,25.5,27.4,1000.3,79,63,24.5,251,0.2,51,0.2,27.4,81.0,8,217,Monsoon
29.4,25.4,26.9,1000.8,80,72,36.4,260,0.1,51,0.2,27.4,79.0,8,218,Monsoon
28.5,25.1,26.5,1000.9,80,91,42.1,258,0.3,51,0.1,26.9,80.0,8,219,Monsoon
28.6,25.0,26.5,1001.3,81,80,39.7,256,1.0,51,0.3,26.5,80.0,8,220,Monsoon
28.6,24.9,26.5,1001.3,80,77,39.3,257,0.5,51,1.0,26.5,81.0,8,221,Monsoon
28.9,25.3,26.7,1000.3,82,89,35.5,251,0.4,51,0.5,26.5,80.0,8,222,Monsoon
29.1,25.2,27.0,1001.1,82,81,30.6,247,0.1,51,0.4,26.7,82.0,8,223,Monsoon
29.9,25.4,27.3,1002.3,80,82,23.6,250,0.0,3,0.1,27.0,82.0,8,224,Monsoon
29.8,25.6,27.3,1002.4,78,91,25.6,250,0.0,3,0.0,27.3,80.0,8,225,Monsoon
29.1,25.6,27.0,999.5,78,91,28.8,248,0.2,51,0.0,27.3,78.0,8,226,Monsoon
29.2,25.5,26.9,998.0,78,97,22.8,236,0.1,51,0.2,27.0,78.0,8,227,Monsoon
29.0,25.5,27.0,1001.1,81,73,22.7,233,0.3,51,0.1,26.9,78.0,8,228,Monsoon
29.0,25.4,26.9,1002.7,81,75,22.6,252,0.1,51,0.3,27.0,81.0,8,229,Monsoon
29.3,25.2,26.9,1003.2,80,61,23.9,249,0.2,51,0.1,26.9,81.0,8,230,Monsoon
29.2,24.9,26.6,1002.5,80,81,29.1,253,0.3,51,0.2,26.9,80.0,8,231,Monsoon
28.4,24.9,26.3,1000.7,81,79,30.7,249,0.6,51,0.3,26.6,80.0,8,232,Monsoon
28.8,24.5,26.3,1001.8,82,60,19.4,243,0.9,51,0.6,26.3,81.0,8,233,Monsoon
29.1,24.4,26.4,1003.0,80,61,24.8,255,0.1,51,0.9,26.3,82.0,8,234,Monsoon
29.1,24.3,26.3,1004.2,80,71,27.2,257,0.0,3,0.1,26.4,80.0,8,235,Monsoon
29.0,24.7,26.4,1004.6,78,67,31.4,255,0.0,3,0.0,26.3,80.0,8,236,Monsoon
29.3,24.4,26.4,1004.7,80,38,28.5,256,0.0,3,0.0,26.4,78.0,8,237,Monsoon
29.6,24.6,26.4,1005.6,77,29,27.3,266,0.0,3,0.0,26.4,80.0,8,238,Monsoon
29.8,24.1,26.5,1005.6,78,18,30.0,266,0.0,1,0.0,26.4,77.0,8,239,Monsoon
30.1,24.5,26.7,1005.1,78,65,28.4,267,0.0,3,0.0,26.5,78.0,8,240,Monsoon
29.9,25.2,27.0,1004.7,78,57,33.6,261,0.0,3,0.0,26.7,78.0,8,241,Monsoon
29.9,25.4,27.2,1003.8,76,52,35.0,259,0.0,3,0.0,27.0,78.0,8,242,Monsoon
29.6,25.4,27.0,1002.6,77,65,33.8,250,0.0,3,0.0,27.2,76.0,8,243,Monsoon
29.3,25.2,26.9,1004.3,77,68,31.0,245,0.5,51,0.0,27.0,77.0,8,244,Monsoon
29.5,25.1,26.8,1005.7,77,48,28.1,252,0.1,51,0.5,26.9,77.0,9,245,Monsoon
29.5,25.1,26.8,1003.9,76,60,30.7,253,0.0,3,0.1,26.8,77.0,9,246,Monsoon
29.2,25.0,26.6,1003.4,77,80,29.6,251,0.0,3,0.0,26.8,76.0,9,247,Monsoon
29.7,24.7,26.7,1004.4,78,66,26.6,257,0.0,3,0.0,26.6,77.0,9,248,Monsoon
30.2,24.8,27.0,1004.0,78,23,22.6,255,0.0,2,0.0,26.7,78.0,9,249,Monsoon
30.7,25.0,27.2,1004.0,77,56,20.5,255,0.0,3,0.0,27.0,78.0,9,250,Monsoon
31.0,25.1,27.4,1003.0,78,25,25.5,261,0.0,2,0.0,27.2,77.0,9,251,Monsoon
30.7,24.8,27.1,1002.5,76,62,26.3,266,0.0,3,0.0,27.4,78.0,9,252,Monsoon
31.0,24.9,27.2,1002.9,78,62,24.0,266,0.0,3,0.0,27.1,76.0,9,253,Monsoon
31.0,25.0,27.4,1003.6,77,36,25.3,266,0.0,2,0.0,27.2,78.0,9,254,Monsoon
30.2,25.1,27.2,1003.5,77,46,27.0,262,0.0,3,0.0,27.4,77.0,9,255,Monsoon
30.4,25.2,27.3,1003.8,75,36,22.7,259,0.0,2,0.0,27.2,77.0,9,256,Monsoon
30.3,25.4,27.4,1004.7,76,43,22.6,257,0.0,2,0.0,27.3,75.0,9,257,Monsoon
30.1,25.8,27.3,1003.3,76,43,31.2,253,0.0,2,0.0,27.4,76.0,9,258,Monsoon
29.6,25.2,27.0,1001.8,77,58,32.9,250,0.0,2,0.0,27.3,76.0,9,259,Monsoon
29.6,24.9,27.0,1004.1,77,52,24.9,248,0.0,3,0.0,27.0,77.0,9,260,Monsoon
29.5,25.2,27.0,1003.6,80,49,27.4,254,0.1,51,0.0,27.0,77.0,9,261,Monsoon
29.2,25.5,27.1,1002.0,80,63,32.7,250,0.6,51,0.1,27.0,80.0,9,262,Monsoon
29.2,25.3,27.0,1003.2,80,50,30.0,250,0.5,51,0.6,27.1,80.0,9,263,Monsoon
28.9,25.5,27.0,1004.7,78,50,28.7,247,0.6,51,0.5,27.0,80.0,9,264,Monsoon
29.9,24.9,26.9,1006.6,74,21,21.5,239,0.0,1,0.6,27.0,78.0,9,265,Monsoon
29.9,24.1,26.6,1008.6,72,23,19.5,247,0.0,2,0.0,26.9,74.0,9,266,Monsoon
30.0,23.9,26.5,1008.4,75,11,21.7,263,0.0,1,0.0,26.6,72.0,9,267,Monsoon
30.3,24.7,26.9,1008.7,75,16,22.9,262,0.0,1,0.0,26.5,75.0,9,268,Monsoon
30.1,24.1,26.4,1009.8,78,25,24.7,266,0.0,2,0.0,26.9,75.0,9,269,Monsoon
29.6,24.5,26.6,1005.6,79,24,33.7,252,0.0,2,0.0,26.4,78.0,9,270,Monsoon
30.8,25.0,27.2,1002.9,80,7,27.0,250,0.0,1,0.0,26.6,79.0,9,271,Monsoon
30.5,25.1,27.2,1005.4,82,46,20.0,243,0.0,3,0.0,27.2,80.0,9,272,Monsoon
30.1,25.6,27.3,1006.9,75,37,19.7,249,0.0,2,0.0,27.2,82.0,9,273,Monsoon
30.6,24.7,27.2,1008.0,75,11,18.6,258,0.0,1,0.0,27.3,75.0,9,274,Monsoon
32.0,24.2,27.3,1008.4,76,6,18.9,268,0.0,1,0.0,27.2,75.0,10,275,PostMonsoon
31.9,24.0,27.0,1007.6,76,13,21.5,271,0.0,3,0.0,27.3,76.0,10,276,PostMonsoon
33.2,23.5,27.7,1002.7,64,0,20.7,244,0.0,0,0.0,27.0,76.0,10,277,PostMonsoon
34.0,19.8,27.3,1002.2,59,0,28.0,60,0.0,0,0.0,27.7,64.0,10,278,PostMonsoon
33.3,23.2,27.7,1006.8,66,5,26.6,274,0.0,1,0.0,27.3,59.0,10,279,PostMonsoon
30.6,23.9,26.6,1008.2,74,0,23.7,236,0.0,0,0.0,27.7,66.0,10,280,PostMonsoon
29.4,23.2,25.7,1010.5,76,21,19.8,245,0.0,2,0.0,26.6,74.0,10,281,PostMonsoon
30.5,21.3,25.4,1013.5,72,18,18.2,275,0.0,2,0.0,25.7,76.0,10,282,PostMonsoon
31.8,22.6,26.5,1013.0,67,1,19.9,285,0.0,0,0.0,25.4,72.0,10,283,PostMonsoon
32.2,23.1,27.0,1011.6,63,0,21.2,277,0.0,0,0.0,26.5,67.0,10,284,PostMonsoon
31.5,23.3,26.8,1011.9,65,0,19.6,275,0.0,0,0.0,27.0,63.0,10,285,PostMonsoon
31.2,22.7,26.4,1013.9,68,17,16.4,283,0.0,2,0.0,26.8,65.0,10,286,PostMonsoon
33.5,22.3,27.2,1015.4,63,0,18.0,297,0.0,0,0.0,26.4,68.0,10,287,PostMonsoon
33.0,22.9,27.2,1013.7,68,0,20.8,283,0.0,0,0.0,27.2,63.0,10,288,PostMonsoon
32.2,22.7,26.8,1011.5,74,0,20.7,266,0.0,0,0.0,27.2,68.0,10,289,PostMonsoon
32.6,23.3,27.2,1011.0,71,0,24.5,261,0.0,0,0.0,26.8,74.0,10,290,PostMonsoon
33.0,23.2,27.6,1011.5,62,0,26.0,263,0.0,0,0.0,27.2,71.0,10,291,PostMonsoon
34.9,23.4,28.3,1011.4,52,0,25.5,278,0.0,0,0.0,27.6,62.0,10,292,PostMonsoon
33.8,22.8,27.6,1010.5,62,0,14.9,273,0.0,0,0.0,28.3,52.0,10,293,PostMonsoon
35.4,21.2,28.2,1009.9,53,0,17.7,298,0.0,0,0.0,27.6,62.0,10,294,PostMonsoon
34.9,23.4,29.2,1010.7,38,2,32.7,60,0.0,1,0.0,28.2,53.0,10,295,PostMonsoon
34.2,24.4,29.1,1011.1,25,0,23.4,54,0.0,0,0.0,29.2,38.0,10,296,PostMonsoon
34.0,23.0,28.2,1012.3,25,0,29.8,50,0.0,0,0.0,29.1,25.0,10,297,PostMonsoon
34.0,23.1,28.3,1012.3,23,0,28.3,45,0.0,0,0.0,28.2,25.0,10,298,PostMonsoon
34.1,21.7,27.7,1011.2,22,0,25.9,43,0.0,0,0.0,28.3,23.0,10,299,PostMonsoon
34.1,23.0,28.3,1010.0,21,0,26.0,43,0.0,0,0.0,27.7,22.0,10,300,PostMonsoon
33.9,23.2,28.2,1009.3,22,0,23.7,43,0.0,0,0.0,28.3,21.0,10,301,PostMonsoon
34.6,23.2,28.4,1011.0,27,0,20.6,38,0.0,0,0.0,28.2,22.0,10,302,PostMonsoon
33.7,19.4,26.6,1011.2,41,0,20.7,290,0.0,0,0.0,28.4,27.0,10,303,PostMonsoon
31.4,21.7,25.9,1009.6,71,0,17.3,243,0.0,0,0.0,26.6,41.0,10,304,PostMonsoon
29.3,22.3,25.3,1009.8,80,48,21.3,243,0.0,3,0.0,25.9,71.0,10,305,PostMonsoon
28.0,23.4,25.2,1010.9,75,42,22.9,252,0.0,3,0.0,25.3,80.0,11,306,PostMonsoon
28.7,22.5,25.1,1011.0,74,24,18.5,254,0.0,2,0.0,25.2,75.0,11,307,PostMonsoon
28.0,22.9,24.9,1011.0,77,21,22.6,265,0.0,2,0.0,25.1,74.0,11,308,PostMonsoon
29.1,23.1,25.3,1010.3,78,17,19.9,264,0.0,1,0.0,24.9,77.0,11,309,PostMonsoon
30.6,21.5,25.2,1010.7,80,33,17.6,205,0.0,3,0.0,25.3,78.0,11,310,PostMonsoon
31.1,21.6,25.5,1012.0,75,19,19.2,290,0.0,3,0.0,25.2,80.0,11,311,PostMonsoon
32.8,20.9,26.7,1013.0,57,0,17.9,315,0.0,0,0.0,25.5,75.0,11,312,PostMonsoon
32.7,19.1,26.5,1013.3,46,0,15.9,321,0.0,0,0.0,26.7,57.0,11,313,PostMonsoon
32.2,18.2,25.5,1013.3,49,0,18.0,306,0.0,0,0.0,26.5,46.0,11,314,PostMonsoon
29.7,20.0,24.6,1012.1,67,2,21.9,281,0.0,0,0.0,25.5,49.0,11,315,PostMonsoon
28.1,22.4,24.7,1010.9,73,13,28.5,263,0.0,1,0.0,24.6,67.0,11,316,PostMonsoon
28.4,23.1,25.2,1011.9,71,12,19.8,251,0.0,1,0.0,24.7,73.0,11,317,PostMonsoon
28.8,21.2,24.7,1012.8,72,3,16.5,247,0.0,0,0.0,25.2,71.0,11,318,PostMonsoon
30.8,18.5,25.1,1016.0,55,0,12.5,9,0.0,0,0.0,24.7,72.0,11,319,PostMonsoon
30.4,20.4,24.9,1020.4,21,0,27.3,48,0.0,0,0.0,25.1,55.0,11,320,PostMonsoon
29.1,18.3,23.4,1019.5,27,7,19.6,35,0.0,2,0.0,24.9,21.0,11,321,PostMonsoon
28.1,14.9,21.3,1016.9,54,31,15.5,304,0.0,3,0.0,23.4,27.0,11,322,PostMonsoon
27.2,15.4,21.1,1016.5,67,34,14.7,283,0.0,3,0.0,21.3,54.0,11,323,PostMonsoon
27.7,16.4,22.0,1016.1,42,22,15.9,334,0.0,3,0.0,21.1,67.0,11,324,PostMonsoon
26.3,15.4,20.6,1017.6,19,69,20.5,47,0.0,3,0.0,22.0,42.0,11,325,PostMonsoon
26.5,16.3,21.0,1018.1,30,24,26.3,46,0.0,3,0.0,20.6,19.0,11,326,PostMonsoon
27.1,15.7,21.1,1016.3,33,0,20.7,46,0.0,0,0.0,21.0,30.0,11,327,PostMonsoon
29.2,15.3,21.8,1015.9,33,0,16.3,48,0.0,0,0.0,21.1,33.0,11,328,PostMonsoon
28.7,14.5,21.7,1014.5,42,0,13.8,328,0.0,0,0.0,21.8,33.0,11,329,PostMonsoon
30.0,16.2,22.4,1012.7,58,0,15.5,300,0.0,0,0.0,21.7,42.0,11,330,PostMonsoon
30.0,16.1,22.9,1013.7,40,0,14.6,60,0.0,0,0.0,22.4,58.0,11,331,PostMonsoon
28.9,17.9,23.1,1014.1,38,0,14.8,17,0.0,0,0.0,22.9,40.0,11,332,PostMonsoon
28.0,15.3,21.8,1013.5,42,0,12.2,52,0.0,0,0.0,23.1,38.0,11,333,PostMonsoon
27.8,17.5,22.3,1014.4,29,0,21.4,61,0.0,0,0.0,21.8,42.0,11,334,PostMonsoon
27.5,15.5,21.3,1015.1,38,1,13.7,12,0.0,0,0.0,22.3,29.0,11,335,PostMonsoon
26.3,15.9,21.0,1014.8,60,13,14.0,306,0.0,1,0.0,21.3,38.0,12,336,Winter
26.4,16.0,21.1,1014.0,73,0,15.3,300,0.0,0,0.0,21.0,60.0,12,337,Winter
26.8,16.5,21.4,1014.8,51,0,27.0,42,0.0,0,0.0,21.1,73.0,12,338,Winter
25.3,17.0,20.7,1016.9,41,0,25.2,38,0.0,0,0.0,21.4,51.0,12,339,Winter
24.7,14.8,19.8,1016.4,43,0,13.8,12,0.0,0,0.0,20.7,41.0,12,340,Winter
25.3,13.1,19.2,1017.6,41,0,11.2,42,0.0,0,0.0,19.8,43.0,12,341,Winter
25.7,14.8,19.7,1020.4,29,0,26.3,51,0.0,0,0.0,19.2,41.0,12,342,Winter
25.3,14.9,19.5,1020.9,22,0,22.7,49,0.0,0,0.0,19.7,29.0,12,343,Winter
25.5,12.9,18.8,1018.2,30,13,14.3,40,0.0,3,0.0,19.5,22.0,12,344,Winter
25.8,12.6,18.8,1017.5,32,0,18.1,57,0.0,0,0.0,18.8,30.0,12,345,Winter
25.9,11.0,18.3,1016.9,42,0,10.7,28,0.0,0,0.0,18.8,32.0,12,346,Winter
26.7,12.0,19.1,1017.0,39,0,11.2,47,0.0,0,0.0,18.3,42.0,12,347,Winter
26.8,12.7,19.5,1017.1,37,0,11.5,39,0.0,0,0.0,19.1,39.0,12,348,Winter
27.4,13.2,19.8,1016.3,35,0,13.5,42,0.0,0,0.0,19.5,37.0,12,349,Winter
26.4,11.4,18.8,1014.2,55,9,11.8,357,0.0,2,0.0,19.8,35.0,12,350,Winter
25.6,12.8,19.0,1013.6,66,9,11.4,313,0.0,2,0.0,18.8,55.0,12,351,Winter
28.4,12.3,20.1,1016.2,47,0,20.4,56,0.0,0,0.0,19.0,66.0,12,352,Winter
27.7,17.1,21.5,1017.9,33,0,28.6,49,0.0,0,0.0,20.1,47.0,12,353,Winter
28.5,14.9,21.5,1017.6,32,0,17.1,54,0.0,0,0.0,21.5,33.0,12,354,Winter
28.2,16.8,21.9,1018.1,27,0,22.3,55,0.0,0,0.0,21.5,32.0,12,355,Winter
27.3,15.7,20.8,1019.0,31,0,21.6,54,0.0,0,0.0,21.9,27.0,12,356,Winter
26.6,14.3,20.2,1019.4,42,50,15.0,21,0.0,3,0.0,20.8,31.0,12,357,Winter
22.9,15.6,19.5,1019.2,56,74,12.5,35,0.4,51,0.0,20.2,42.0,12,358,Winter
24.4,14.0,19.0,1017.8,62,60,21.3,316,0.3,51,0.4,19.5,56.0,12,359,Winter
24.6,17.4,20.5,1017.1,77,54,18.8,288,0.0,3,0.3,19.0,62.0,12,360,Winter
25.5,15.4,19.9,1019.4,60,0,22.7,51,0.0,0,0.0,20.5,77.0,12,361,Winter
24.9,14.7,19.7,1020.8,55,0,14.6,14,0.0,0,0.0,19.9,60.0,12,362,Winter
25.2,13.4,19.4,1020.2,67,0,10.9,353,0.0,0,0.0,19.7,55.0,12,363,Winter
25.1,13.4,19.3,1018.4,73,0,11.0,316,0.0,0,0.0,19.4,67.0,12,364,Winter
25.8,13.4,19.6,1018.0,63,0,10.5,350,0.0,0,0.0,19.3,73.0,12,365,Winter
27.2,13.8,20.4,1018.7,45,20,12.0,31,0.0,3,0.0,19.6,63.0,12,366,Winter
27.8,15.3,21.2,1018.9,35,57,15.8,56,0.0,3,0.0,20.4,45.0,1,1,Winter
26.3,15.2,20.6,1017.6,40,6,14.3,15,0.0,1,0.0,21.2,35.0,1,2,Winter
23.4,13.4,18.9,1015.4,67,3,22.7,284,0.0,1,0.0,20.6,40.0,1,3,Winter
24.8,17.5,20.7,1015.0,70,5,22.9,276,0.0,1,0.0,18.9,67.0,1,4,Winter
26.0,14.3,20.3,1016.8,58,0,17.9,63,0.0,0,0.0,20.7,70.0,1,5,Winter
25.1,16.1,20.2,1018.7,38,3,24.8,52,0.0,0,0.0,20.3,58.0,1,6,Winter
25.5,16.1,20.2,1019.3,36,0,29.5,45,0.0,0,0.0,20.2,38.0,1,7,Winter
24.9,16.5,20.1,1020.6,31,0,29.6,51,0.0,0,0.0,20.2,36.0,1,8,Winter
24.2,16.1,19.5,1020.4,31,38,27.7,57,0.0,3,0.0,20.1,31.0,1,9,Winter
24.4,14.0,19.0,1019.8,31,3,20.3,43,0.0,1,0.0,19.5,31.0,1,10,Winter
24.1,12.4,18.3,1019.7,38,0,13.2,18,0.0,0,0.0,19.0,31.0,1,11,Winter
24.1,11.1,17.7,1018.7,47,0,10.5,24,0.0,0,0.0,18.3,38.0,1,12,Winter
24.2,11.8,18.0,1017.8,45,0,12.2,5,0.0,0,0.0,17.7,47.0,1,13,Winter
23.8,11.8,18.0,1016.8,64,0,12.8,314,0.0,0,0.0,18.0,45.0,1,14,Winter
23.8,11.9,18.2,1017.2,73,1,11.6,295,0.0,0,0.0,18.0,64.0,1,15,Winter
25.0,13.1,19.1,1017.9,52,10,16.2,77,0.0,2,0.0,18.2,73.0,1,16,Winter
25.2,12.8,18.9,1016.0,42,0,16.2,88,0.0,0,0.0,19.1,52.0,1,17,Winter
24.3,12.8,19.0,1013.3,58,25,26.7,184,3.7,61,0.0,18.9,42.0,1,18,Winter
22.2,15.3,19.4,1012.6,51,4,27.0,313,0.0,1,3.7,19.0,58.0,1,19,Winter
20.8,12.9,16.8,1013.3,41,0,21.8,313,0.0,0,0.0,19.4,51.0,1,20,Winter
22.5,10.6,16.7,1015.0,37,0,18.4,25,0.0,0,0.0,16.8,41.0,1,21,Winter
21.1,13.1,17.1,1018.7,37,51,25.3,62,0.1,51,0.0,16.7,37.0,1,22,Winter
21.1,15.4,18.0,1017.9,53,57,17.6,325,0.0,3,0.1,17.1,37.0,1,23,Winter
23.6,12.9,18.5,1016.0,62,3,12.6,343,0.0,1,0.0,18.0,53.0,1,24,Winter
24.0,11.6,18.1,1014.2,58,10,10.0,67,0.0,1,0.0,18.5,62.0,1,25,Winter
23.5,14.8,17.8,1014.6,52,63,27.1,78,5.8,61,0.0,18.1,58.0,1,26,Winter
21.2,13.0,16.6,1017.9,62,12,24.4,48,0.0,3,5.8,17.8,52.0,1,27,Winter
21.6,12.4,16.5,1019.0,60,0,22.8,46,0.0,0,0.0,16.6,62.0,1,28,Winter
20.8,10.8,16.1,1016.0,68,0,16.9,311,0.0,0,0.0,16.5,60.0,1,29,Winter
22.4,14.4,18.3,1014.0,71,2,18.8,283,0.0,0,0.0,16.1,68.0,1,30,Winter
23.6,14.0,19.0,1012.4,77,3,18.2,275,0.0,0,0.0,18.3,71.0,1,31,Winter
24.7,18.2,21.2,1011.1,77,16,30.7,261,0.0,1,0.0,19.0,77.0,2,32,Winter
24.3,18.3,21.2,1009.6,50,0,31.2,296,0.0,0,0.0,21.2,77.0,2,33,Winter
24.0,11.2,18.0,1011.3,39,0,16.1,328,0.0,0,0.0,21.2,50.0,2,34,Winter
24.9,10.3,17.9,1013.1,55,0,13.6,55,0.0,0,0.0,18.0,39.0,2,35,Winter
25.3,11.9,18.8,1014.0,59,0,13.6,306,0.0,0,0.0,17.9,55.0,2,36,Winter
24.7,13.6,19.3,1015.0,72,1,20.4,276,0.0,0,0.0,18.8,59.0,2,37,Winter
25.1,18.0,21.2,1013.3,78,25,23.4,257,0.0,2,0.0,19.3,72.0,2,38,Winter
24.7,18.4,21.4,1011.1,38,0,32.4,306,0.0,0,0.0,21.2,78.0,2,39,Winter
24.3,12.8,18.7,1011.2,27,0,19.4,308,0.0,0,0.0,21.4,38.0,2,40,Winter
24.8,13.1,19.0,1013.6,42,0,14.2,329,0.0,0,0.0,18.7,27.0,2,41,Winter
25.3,11.5,18.9,1017.3,38,0,19.2,74,0.0,0,0.0,19.0,42.0,2,42,Winter
26.2,14.5,20.1,1018.8,24,0,20.7,61,0.0,0,0.0,18.9,38.0,2,43,Winter
26.7,14.0,20.5,1016.5,48,0,19.1,283,0.0,0,0.0,20.1,24.0,2,44,Winter
26.7,18.5,21.9,1013.8,74,0,24.4,270,0.0,0,0.0,20.5,48.0,2,45,Winter
25.5,19.4,22.1,1011.1,69,0,29.2,268,0.0,0,0.0,21.9,74.0,2,46,Winter
27.6,16.0,21.9,1012.0,57,0,19.7,286,0.0,0,0.0,22.1,69.0,2,47,Winter
26.7,15.4,21.1,1012.7,49,0,16.3,300,0.0,0,0.0,21.9,57.0,2,48,Winter
26.4,16.7,21.4,1012.9,37,0,26.1,303,0.0,0,0.0,21.1,49.0,2,49,Winter
27.3,14.3,20.9,1015.3,42,0,21.0,56,0.0,0,0.0,21.4,37.0,2,50,Winter
27.5,13.0,20.5,1017.4,43,1,17.1,335,0.0,0,0.0,20.9,42.0,2,51,Winter
26.5,14.7,20.7,1017.2,63,0,18.4,282,0.0,0,0.0,20.5,43.0,2,52,Winter
26.6,16.3,21.2,1015.8,82,0,18.7,269,0.0,0,0.0,20.7,63.0,2,53,Winter
26.6,19.2,22.2,1014.8,82,31,22.9,265,0.0,3,0.0,21.2,82.0,2,54,Winter
29.1,20.0,23.5,1014.2,71,20,27.0,266,0.0,2,0.0,22.2,82.0,2,55,Winter
29.1,20.4,23.8,1013.3,75,9,24.6,273,0.0,2,0.0,23.5,71.0,2,56,Winter
32.1,18.6,24.9,1012.9,68,4,18.5,284,0.0,0,0.0,23.8,75.0,2,57,Winter
29.5,19.4,23.8,1013.9,71,2,17.7,263,0.0,1,0.0,24.9,68.0,2,58,Winter
28.9,17.8,23.1,1014.5,73,28,23.4,274,0.0,3,0.0,23.8,71.0,2,59,Winter
29.0,21.4,24.3,1013.8,66,7,23.9,272,0.0,1,0.0,23.1,73.0,3,60,HotDry
28.7,17.8,23.1,1014.7,31,0,19.3,332,0.0,0,0.0,24.3,66.0,3,61,HotDry
30.6,16.5,23.4,1017.0,34,56,25.8,53,0.0,3,0.0,23.1,31.0,3,62,HotDry
29.1,15.7,22.8,1015.8,44,86,18.2,296,0.0,3,0.0,23.4,34.0,3,63,HotDry
27.7,17.7,22.6,1014.0,63,94,17.0,278,0.0,3,0.0,22.8,44.0,3,64,HotDry
27.0,17.0,22.0,1014.6,73,96,17.9,267,0.0,3,0.0,22.6,63.0,3,65,HotDry
26.8,17.8,22.2,1016.4,79,98,17.8,272,0.0,3,0.0,22.0,73.0,3,66,HotDry
28.1,19.5,23.0,1016.3,75,92,21.6,278,0.0,3,0.0,22.2,79.0,3,67,HotDry
28.5,19.6,23.7,1015.5,71,66,22.0,278,0.0,3,0.0,23.0,75.0,3,68,HotDry
29.4,20.8,24.5,1014.9,78,42,25.3,272,0.0,3,0.0,23.7,71.0,3,69,HotDry
34.0,22.2,27.3,1014.4,54,58,25.2,287,0.0,3,0.0,24.5,78.0,3,70,HotDry
34.1,21.8,27.5,1013.0,46,37,28.0,295,0.0,3,0.0,27.3,54.0,3,71,HotDry
31.8,22.0,26.7,1011.0,44,43,21.7,279,0.0,3,0.0,27.5,46.0,3,72,HotDry
28.1,22.2,24.7,1010.1,78,65,33.3,250,0.1,51,0.0,26.7,44.0,3,73,HotDry
28.0,22.6,24.4,1012.1,73,82,29.5,269,0.2,51,0.1,24.7,78.0,3,74,HotDry
26.2,21.4,23.4,1014.5,77,99,18.4,273,0.5,53,0.2,24.4,73.0,3,75,HotDry
27.5,21.5,24.3,1012.7,79,90,21.5,250,0.0,3,0.5,23.4,77.0,3,76,HotDry
25.5,22.6,23.8,1012.8,80,90,30.9,245,3.6,55,0.0,24.3,79.0,3,77,HotDry
24.9,19.4,21.8,1013.5,72,98,27.0,279,11.5,61,3.6,23.8,80.0,3,78,HotDry
22.4,20.0,21.2,1011.5,76,100,31.3,277,0.0,3,11.5,21.8,72.0,3,79,HotDry
24.3,20.5,22.1,1010.1,71,35,31.0,276,0.0,3,0.0,21.2,76.0,3,80,HotDry
27.3,18.7,22.8,1011.4,76,21,17.9,281,0.0,3,0.0,22.1,71.0,3,81,HotDry
25.5,18.7,21.8,1011.6,81,78,16.1,285,0.0,3,0.0,22.8,76.0,3,82,HotDry
28.2,17.4,22.8,1011.6,67,43,20.3,292,0.0,3,0.0,21.8,81.0,3,83,HotDry
32.0,19.2,24.9,1011.4,62,78,26.4,287,0.0,3,0.0,22.8,67.0,3,84,HotDry
30.7,19.7,25.0,1011.1,60,79,26.7,288,0.0,3,0.0,24.9,62.0,3,85,HotDry
27.5,22.4,24.5,1012.5,72,99,29.7,272,0.0,3,0.0,25.0,60.0,3,86,HotDry
29.8,20.7,24.8,1011.1,65,20,25.8,269,0.0,3,0.0,24.5,72.0,3,87,HotDry
31.1,19.4,25.3,1011.9,61,3,14.1,263,0.0,1,0.0,24.8,65.0,3,88,HotDry
30.4,20.1,25.1,1010.7,54,61,21.2,267,0.0,3,0.0,25.3,61.0,3,89,HotDry
26.8,23.3,24.6,1009.6,70,57,34.2,245,2.1,53,0.0,25.1,54.0,3,90,HotDry
27.7,20.6,24.0,1008.0,65,4,21.4,266,0.0,0,2.1,24.6,70.0,4,91,HotDry
29.2,19.5,24.3,1006.7,68,15,15.0,228,2.4,61,0.0,24.0,65.0,4,92,HotDry
30.0,19.7,24.7,1008.4,70,1,21.7,237,0.0,0,2.4,24.3,68.0,4,93,HotDry
30.7,22.1,25.7,1010.5,63,2,25.6,256,0.0,1,0.0,24.7,70.0,4,94,HotDry
30.6,20.9,25.3,1012.4,61,0,20.4,273,0.0,0,0.0,25.7,63.0,4,95,HotDry
30.7,19.1,25.0,1013.1,58,0,21.7,281,0.0,0,0.0,25.3,61.0,4,96,HotDry
29.3,21.5,25.0,1010.8,69,0,27.5,267,0.0,0,0.0,25.0,58.0,4,97,HotDry
29.3,22.4,25.4,1008.9,73,1,33.5,259,0.0,0,0.0,25.0,69.0,4,98,HotDry
30.6,23.4,26.3,1008.7,74,5,28.0,263,0.0,1,0.0,25.4,73.0,4,99,HotDry
30.0,23.3,26.2,1009.3,73,2,29.0,253,0.0,0,0.0,26.3,74.0,4,100,HotDry
30.0,23.5,26.2,1010.3,79,17,31.4,252,0.0,2,0.0,26.2,73.0,4,101,HotDry
30.9,23.9,26.9,1010.1,71,7,34.2,252,0.0,1,0.0,26.2,79.0,4,102,HotDry
29.9,23.7,26.4,1007.7,63,0,37.2,256,0.0,0,0.0,26.9,71.0,4,103,HotDry
32.7,23.5,27.2,1006.9,42,0,30.4,272,0.0,0,0.0,26.4,63.0,4,104,HotDry
31.2,21.3,26.0,1009.9,26,0,23.1,301,0.0,0,0.0,27.2,42.0,4,105,HotDry
31.8,20.1,25.5,1010.5,57,0,19.6,244,0.0,0,0.0,26.0,26.0,4,106,HotDry
29.8,19.3,24.7,1011.2,70,31,21.9,257,0.0,3,0.0,25.5,57.0,4,107,HotDry
30.1,19.6,24.7,1011.5,69,10,22.8,266,0.0,3,0.0,24.7,70.0,4,108,HotDry
29.3,21.0,24.9,1012.0,74,68,19.8,266,0.0,3,0.0,24.7,69.0,4,109,HotDry
29.5,22.8,25.5,1011.4,75,78,22.5,269,0.0,3,0.0,24.9,74.0,4,110,HotDry
30.5,22.1,25.9,1010.2,77,23,18.3,259,0.0,3,0.0,25.5,75.0,4,111,HotDry
31.6,22.5,26.3,1009.4,76,25,24.5,265,0.0,3,0.0,25.9,77.0,4,112,HotDry
31.6,22.7,26.6,1011.0,75,32,21.6,256,0.0,3,0.0,26.3,76.0,4,113,HotDry
34.0,23.6,27.9,1010.7,70,58,24.5,265,0.0,3,0.0,26.6,75.0,4,114,HotDry
33.2,24.8,28.1,1008.2,62,74,30.0,263,0.0,3,0.0,27.9,70.0,4,115,HotDry
31.9,25.0,27.8,1007.6,64,1,33.8,258,0.0,0,0.0,28.1,62.0,4,116,HotDry
31.5,24.5,27.4,1009.2,74,8,27.9,259,0.0,1,0.0,27.8,64.0,4,117,HotDry
31.8,24.4,27.3,1010.6,73,20,21.6,270,0.0,3,0.0,27.4,74.0,4,118,HotDry
30.9,24.3,27.2,1010.5,73,48,24.0,261,0.0,3,0.0,27.3,73.0,4,119,HotDry
30.9,24.9,27.5,1011.1,72,26,24.1,264,0.4,51,0.0,27.2,73.0,4,120,HotDry
30.4,25.1,27.4,1010.8,73,42,23.0,263,0.7,51,0.4,27.5,72.0,5,121,HotDry
30.7,25.3,27.2,1009.1,74,35,20.6,256,1.8,53,0.7,27.4,73.0,5,122,HotDry
31.4,24.9,27.6,1008.4,74,32,19.9,255,0.0,2,1.8,27.2,74.0,5,123,HotDry
31.2,24.8,27.5,1007.7,72,15,22.1,257,0.0,2,0.0,27.6,74.0,5,124,HotDry
31.7,25.3,27.8,1006.8,71,14,22.9,261,0.0,1,0.0,27.5,72.0,5,125,HotDry
31.4,25.0,27.5,1007.7,72,14,27.6,261,0.0,1,0.0,27.8,71.0,5,126,HotDry
34.9,25.3,29.4,1005.7,62,9,25.0,266,0.0,1,0.0,27.5,72.0,5,127,HotDry
36.8,24.4,30.5,1006.5,31,0,21.9,295,0.0,0,0.0,29.4,62.0,5,128,HotDry
34.4,24.4,29.1,1007.0,57,0,24.0,230,0.0,0,0.0,30.5,31.0,5,129,HotDry
34.4,23.1,28.3,1005.6,68,3,24.7,259,0.0,1,0.0,29.1,57.0,5,130,HotDry
32.4,24.4,28.0,1005.4,67,0,26.1,253,0.0,0,0.0,28.3,68.0,5,131,HotDry
38.4,24.0,30.7,1005.5,49,0,28.1,275,0.0,0,0.0,28.0,67.0,5,132,HotDry
37.4,25.9,31.0,1005.4,32,0,26.9,292,0.0,0,0.0,30.7,49.0,5,133,HotDry
38.1,21.1,30.1,1006.9,47,0,20.2,203,0.0,0,0.0,31.0,32.0,5,134,HotDry
38.3,22.4,30.4,1008.6,48,0,24.1,267,0.0,0,0.0,30.1,47.0,5,135,HotDry
34.7,23.0,29.1,1007.8,61,0,25.3,268,0.0,0,0.0,30.4,48.0,5,136,HotDry
34.5,25.8,29.6,1004.7,67,0,27.6,261,0.0,0,0.0,29.1,61.0,5,137,HotDry
34.5,26.1,29.6,1004.1,71,0,24.8,252,0.0,0,0.0,29.6,67.0,5,138,HotDry
32.9,26.4,29.1,1004.1,78,16,27.1,249,0.0,2,0.0,29.6,71.0,5,139,HotDry
33.8,26.7,29.8,1002.6,75,10,29.9,246,0.0,2,0.0,29.1,78.0,5,140,HotDry
33.8,27.0,29.8,1003.7,76,17,27.8,246,0.0,3,0.0,29.8,75.0,5,141,HotDry
32.7,26.8,29.2,1005.4,80,22,29.4,250,0.0,2,0.0,29.8,76.0,5,142,HotDry
32.7,26.8,29.2,1006.2,77,28,33.5,259,0.0,2,0.0,29.2,80.0,5,143,HotDry
32.6,26.6,29.1,1005.2,78,19,36.4,258,0.0,2,0.0,29.2,77.0,5,144,HotDry
32.8,26.9,29.4,1004.4,78,22,38.3,256,0.0,2,0.0,29.1,78.0,5,145,HotDry
33.4,27.0,29.9,1004.0,75,1,37.2,258,0.0,0,0.0,29.4,78.0,5,146,HotDry
33.2,27.3,29.8,1004.7,76,2,36.2,253,0.0,0,0.0,29.9,75.0,5,147,HotDry
32.9,26.9,29.5,1005.2,78,35,40.3,257,0.0,3,0.0,29.8,76.0,5,148,HotDry
32.6,27.0,29.4,1004.2,78,20,43.9,253,0.0,1,0.0,29.5,78.0,5,149,HotDry
32.7,27.3,29.6,1002.7,79,44,40.2,247,0.0,3,0.0,29.4,78.0,5,150,HotDry
32.6,27.7,29.7,1004.8,78,68,33.4,246,0.9,51,0.0,29.6,79.0,5,151,HotDry
31.3,28.1,29.4,1006.4,80,69,26.9,243,2.4,51,0.9,29.7,78.0,6,152,Monsoon
31.3,27.4,29.1,1006.2,81,71,32.1,246,1.5,51,2.4,29.4,80.0,6,153,Monsoon
31.2,27.5,29.0,1006.3,83,54,31.4,246,0.4,51,1.5,29.1,81.0,6,154,Monsoon
31.5,27.4,29.2,1008.6,82,43,25.4,247,0.0,2,0.4,29.0,83.0,6,155,Monsoon
31.6,26.6,29.0,1008.5,80,29,24.4,252,0.0,2,0.0,29.2,82.0,6,156,Monsoon
31.9,27.1,29.2,1006.9,80,17,30.9,255,0.0,1,0.0,29.0,80.0,6,157,Monsoon
31.9,27.5,29.4,1005.9,80,25,34.9,250,0.1,51,0.0,29.2,80.0,6,158,Monsoon
32.2,27.9,29.6,1005.8,78,36,33.4,249,0.0,2,0.1,29.4,80.0,6,159,Monsoon
32.4,27.8,29.7,1004.5,79,36,36.6,247,0.0,2,0.0,29.6,78.0,6,160,Monsoon
32.6,27.9,29.9,1004.6,78,48,35.1,246,0.0,2,0.0,29.7,79.0,6,161,Monsoon
32.5,27.9,29.8,1003.5,77,38,35.9,252,0.0,2,0.0,29.9,78.0,6,162,Monsoon
32.6,28.1,30.0,1002.0,77,53,33.4,245,0.0,3,0.0,29.8,77.0,6,163,Monsoon
33.0,27.9,30.1,1003.6,77,47,26.1,235,0.0,3,0.0,30.0,77.0,6,164,Monsoon
33.9,27.7,30.3,1004.2,73,17,22.6,252,0.0,1,0.0,30.1,77.0,6,165,Monsoon
33.6,27.6,30.1,1003.3,74,18,23.7,252,0.0,2,0.0,30.3,73.0,6,166,Monsoon
32.8,27.6,29.8,1003.4,72,41,25.8,250,0.0,3,0.0,30.1,74.0,6,167,Monsoon
32.7,27.9,30.1,1002.4,69,34,33.3,248,0.0,2,0.0,29.8,72.0,6,168,Monsoon
33.1,28.2,30.4,1000.2,70,32,36.2,252,0.0,2,0.0,30.1,69.0,6,169,Monsoon
33.1,28.6,30.5,998.2,75,51,32.8,248,0.0,3,0.0,30.4,70.0,6,170,Monsoon
33.6,28.4,30.7,1000.2,76,36,21.9,222,0.1,51,0.0,30.5,75.0,6,171,Monsoon
35.1,28.0,31.1,1002.4,74,21,20.3,244,0.0,2,0.1,30.7,76.0,6,172,Monsoon
35.2,29.3,31.9,999.2,67,22,26.3,265,0.0,1,0.0,31.1,74.0,6,173,Monsoon
35.2,28.9,31.4,996.5,76,65,29.5,263,0.0,3,0.0,31.9,67.0,6,174,Monsoon
33.9,29.0,30.9,996.1,77,68,34.2,257,0.0,3,0.0,31.4,76.0,6,175,Monsoon
34.1,28.7,30.9,995.3,77,63,36.9,261,0.0,3,0.0,30.9,77.0,6,176,Monsoon
33.5,28.5,30.7,994.5,78,49,36.5,255,0.0,3,0.0,30.9,77.0,6,177,Monsoon
33.3,28.8,30.7,993.5,77,54,35.6,247,0.0,3,0.0,30.7,78.0,6,178,Monsoon
33.3,28.8,30.5,992.3,78,63,36.6,247,0.0,3,0.0,30.7,77.0,6,179,Monsoon
33.2,28.3,30.3,990.9,79,50,33.0,239,0.0,3,0.0,30.5,78.0,6,180,Monsoon
33.4,28.3,30.4,993.5,75,56,23.1,233,0.0,3,0.0,30.3,79.0,6,181,Monsoon
33.4,28.1,30.3,996.5,73,57,22.1,226,0.0,3,0.0,30.4,75.0,7,182,Monsoon
33.6,28.0,30.5,997.3,74,23,22.3,222,0.0,2,0.0,30.3,73.0,7,183,Monsoon
34.1,28.5,30.8,998.6,72,20,23.3,221,0.0,1,0.0,30.5,74.0,7,184,Monsoon
33.8,28.2,30.7,999.0,71,18,24.2,234,0.0,2,0.0,30.8,72.0,7,185,Monsoon
33.8,29.0,31.0,998.4,70,68,28.0,243,0.0,3,0.0,30.7,71.0,7,186,Monsoon
33.0,28.6,30.7,997.8,71,58,28.0,245,0.0,3,0.0,31.0,70.0,7,187,Monsoon
33.4,29.0,31.1,996.0,70,86,25.5,238,0.0,3,0.0,30.7,71.0,7,188,Monsoon
34.0,28.8,31.2,996.0,71,89,21.5,216,0.0,3,0.0,31.1,70.0,7,189,Monsoon
33.8,29.3,31.2,995.6,71,72,29.9,234,0.0,3,0.0,31.2,71.0,7,190,Monsoon
33.9,29.0,30.9,992.1,76,47,33.7,237,0.0,3,0.0,31.2,71.0,7,191,Monsoon
33.9,28.4,30.7,992.3,80,35,31.2,225,0.0,2,0.0,30.9,76.0,7,192,Monsoon
33.7,28.2,30.4,996.1,79,58,23.8,206,0.0,3,0.0,30.7,80.0,7,193,Monsoon
33.1,28.1,30.2,997.3,76,81,24.2,222,0.0,3,0.0,30.4,79.0,7,194,Monsoon
32.8,28.1,30.1,998.7,76,60,27.8,234,0.0,3,0.0,30.2,76.0,7,195,Monsoon
32.8,27.7,29.8,997.3,75,38,26.5,235,0.0,2,0.0,30.1,76.0,7,196,Monsoon
33.0,27.9,30.0,995.7,74,71,30.5,239,0.0,3,0.0,29.8,75.0,7,197,Monsoon
33.0,28.3,30.2,996.3,73,73,30.2,248,0.0,3,0.0,30.0,74.0,7,198,Monsoon
32.7,28.3,30.2,998.8,73,87,22.7,229,0.0,3,0.0,30.2,73.0,7,199,Monsoon
32.6,28.5,30.3,1000.5,73,64,27.5,234,0.2,51,0.0,30.2,73.0,7,200,Monsoon
31.9,28.2,29.8,1001.1,72,91,22.9,237,0.1,51,0.2,30.3,73.0,7,201,Monsoon
33.0,28.6,30.3,1002.1,70,90,22.6,238,0.0,3,0.1,29.8,72.0,7,202,Monsoon
32.0,28.4,30.0,1002.5,74,95,22.0,237,0.8,51,0.0,30.3,70.0,7,203,Monsoon
32.1,28.0,29.8,1002.1,77,75,21.9,241,0.3,51,0.8,30.0,74.0,7,204,Monsoon
32.1,27.9,29.7,1001.6,78,84,23.2,240,0.4,51,0.3,29.8,77.0,7,205,Monsoon
32.3,28.2,29.9,1000.6,78,84,27.4,248,0.1,51,0.4,29.7,78.0,7,206,Monsoon
32.6,28.5,30.1,999.5,77,98,32.8,257,0.0,3,0.1,29.9,78.0,7,207,Monsoon
31.8,28.5,29.7,999.5,80,99,33.5,261,2.3,55,0.0,30.1,77.0,7,208,Monsoon
30.7,28.3,29.3,1000.3,84,98,35.0,254,1.2,51,2.3,29.7,80.0,7,209,Monsoon
31.5,28.1,29.3,998.3,82,89,31.4,251,0.6,51,1.2,29.3,84.0,7,210,Monsoon
32.4,28.1,29.7,996.1,81,92,24.1,248,0.1,51,0.6,29.3,82.0,7,211,Monsoon
32.9,27.8,29.9,995.1,79,54,22.1,245,0.0,3,0.1,29.7,81.0,7,212,Monsoon
32.9,27.5,29.8,996.0,76,44,23.7,238,0.0,3,0.0,29.9,79.0,8,213,Monsoon
32.4,27.8,29.7,997.6,75,97,30.6,246,0.0,3,0.0,29.8,76.0,8,214,Monsoon
32.4,27.6,29.5,997.8,76,75,33.2,242,0.0,3,0.0,29.7,75.0,8,215,Monsoon
32.6,27.5,29.5,997.8,75,49,28.3,241,0.0,2,0.0,29.5,76.0,8,216,Monsoon
32.3,27.5,29.5,998.5,75,56,22.2,226,0.0,3,0.0,29.5,75.0,8,217,Monsoon
32.1,26.7,29.1,999.8,74,59,19.5,216,0.0,3,0.0,29.5,75.0,8,218,Monsoon
32.6,27.5,29.6,1000.0,71,88,26.7,250,0.0,3,0.0,29.1,74.0,8,219,Monsoon
30.7,27.9,29.0,1001.9,74,99,24.3,245,2.0,55,0.0,29.6,71.0,8,220,Monsoon
29.6,26.5,27.9,1004.4,86,55,15.3,248,48.7,65,2.0,29.0,74.0,8,221,Monsoon
30.6,27.1,28.6,1005.2,79,37,24.1,240,0.0,3,48.7,27.9,86.0,8,222,Monsoon
30.1,27.4,28.5,1002.9,83,77,35.0,248,1.1,51,0.0,28.6,79.0,8,223,Monsoon
30.1,27.3,28.4,1001.6,82,82,33.1,247,0.6,51,1.1,28.5,83.0,8,224,Monsoon
30.5,27.3,28.6,1001.5,83,59,30.1,242,0.9,51,0.6,28.4,82.0,8,225,Monsoon
30.4,27.4,28.6,1003.2,84,58,24.0,233,1.3,51,0.9,28.6,83.0,8,226,Monsoon
30.5,27.3,28.6,1005.6,82,41,23.7,244,0.4,51,1.3,28.6,84.0,8,227,Monsoon
30.2,26.9,28.3,1005.5,81,47,29.2,250,0.3,51,0.4,28.6,82.0,8,228,Monsoon
30.0,26.8,28.1,1003.1,79,51,33.6,253,0.0,3,0.3,28.3,81.0,8,229,Monsoon
30.4,27.0,28.4,1001.1,80,57,29.7,248,0.0,3,0.0,28.1,79.0,8,230,Monsoon
30.6,26.8,28.5,1000.4,80,68,17.7,236,0.0,3,0.0,28.4,80.0,8,231,Monsoon
32.0,26.7,29.3,1001.2,81,37,13.4,235,0.0,3,0.0,28.5,80.0,8,232,Monsoon
35.7,27.7,31.1,1001.7,74,22,12.2,303,0.0,2,0.0,29.3,81.0,8,233,Monsoon
34.8,28.5,31.2,1000.6,76,35,19.9,253,0.0,2,0.0,31.1,74.0,8,234,Monsoon
33.4,27.2,29.8,1000.9,78,86,22.3,293,4.1,61,0.0,31.2,76.0,8,235,Monsoon
34.2,27.8,30.3,1000.2,77,87,21.7,280,0.0,3,4.1,29.8,78.0,8,236,Monsoon
32.6,27.4,29.4,999.3,80,55,25.4,261,0.0,2,0.0,30.3,77.0,8,237,Monsoon
31.9,27.2,29.1,998.5,77,49,20.4,253,0.0,3,0.0,29.4,80.0,8,238,Monsoon
31.9,26.6,28.8,1000.0,77,29,22.3,232,0.0,2,0.0,29.1,77.0,8,239,Monsoon
32.7,26.4,29.0,1001.7,73,29,19.9,235,0.0,2,0.0,28.8,77.0,8,240,Monsoon
33.0,26.2,28.9,1002.7,72,17,20.6,237,0.0,2,0.0,29.0,73.0,8,241,Monsoon
31.6,26.3,28.4,1003.9,75,30,23.2,244,0.0,2,0.0,28.9,72.0,8,242,Monsoon
31.1,26.1,28.1,1005.3,77,42,26.1,250,0.0,2,0.0,28.4,75.0,8,243,Monsoon
30.5,26.2,28.0,1004.7,74,34,31.3,253,0.0,2,0.0,28.1,77.0,9,244,Monsoon
30.7,26.3,28.1,1003.6,74,57,28.2,250,0.0,3,0.0,28.0,74.0,9,245,Monsoon
30.8,26.6,28.4,1004.5,73,53,28.3,252,0.0,3,0.0,28.1,74.0,9,246,Monsoon
30.8,26.5,28.3,1005.2,72,50,27.9,251,0.0,3,0.0,28.4,73.0,9,247,Monsoon
30.6,26.5,28.3,1005.4,71,52,25.2,246,0.0,3,0.0,28.3,72.0,9,248,Monsoon
31.0,26.6,28.4,1005.6,73,54,24.6,246,0.0,3,0.0,28.3,71.0,9,249,Monsoon
30.5,26.4,28.2,1005.9,75,45,21.7,247,0.0,3,0.0,28.4,73.0,9,250,Monsoon
31.6,26.3,28.5,1005.9,75,45,20.6,240,0.0,3,0.0,28.2,75.0,9,251,Monsoon
34.1,26.1,29.4,1005.9,74,38,23.2,275,0.2,51,0.0,28.5,75.0,9,252,Monsoon
30.8,27.0,28.7,1005.6,81,94,19.4,262,4.0,61,0.2,29.4,74.0,9,253,Monsoon
31.6,27.0,28.5,1005.1,83,100,22.0,264,1.2,53,4.0,28.7,81.0,9,254,Monsoon
30.8,26.5,28.2,1004.6,82,100,28.7,266,0.0,3,1.2,28.5,83.0,9,255,Monsoon
30.6,26.6,28.1,1005.9,81,98,27.7,260,0.0,3,0.0,28.2,82.0,9,256,Monsoon
30.9,26.5,28.2,1007.3,79,51,29.9,261,0.0,3,0.0,28.1,81.0,9,257,Monsoon
31.4,26.5,28.4,1006.1,77,51,25.1,250,0.0,3,0.0,28.2,79.0,9,258,Monsoon
31.2,26.6,28.5,1006.5,79,59,21.2,243,0.0,3,0.0,28.4,77.0,9,259,Monsoon
30.8,26.9,28.4,1008.8,81,51,19.6,245,0.7,51,0.0,28.5,79.0,9,260,Monsoon
30.8,26.0,28.0,1010.3,81,43,25.9,255,0.0,3,0.7,28.4,81.0,9,261,Monsoon
30.5,26.0,27.8,1007.7,78,40,28.6,253,0.0,2,0.0,28.0,81.0,9,262,Monsoon
31.0,26.2,28.1,1006.4,80,43,23.0,229,0.0,2,0.0,27.8,78.0,9,263,Monsoon
30.9,25.4,27.7,1006.8,76,31,18.7,218,0.0,3,0.0,28.1,80.0,9,264,Monsoon
31.5,25.3,28.1,1007.7,75,23,19.4,214,0.0,2,0.0,27.7,76.0,9,265,Monsoon
31.4,24.4,27.5,1008.6,77,21,21.1,249,0.0,2,0.0,28.1,75.0,9,266,Monsoon
31.3,25.9,27.9,1007.3,74,19,23.6,253,0.0,1,0.0,27.5,77.0,9,267,Monsoon
30.5,25.0,27.4,1006.8,76,24,24.8,249,0.0,1,0.0,27.9,74.0,9,268,Monsoon
31.0,25.6,27.9,1005.8,72,29,25.3,246,0.0,2,0.0,27.4,76.0,9,269,Monsoon
31.0,25.8,28.0,1005.3,72,32,26.7,249,0.0,2,0.0,27.9,72.0,9,270,Monsoon
30.7,26.0,28.0,1006.2,75,45,28.6,246,0.0,3,0.0,28.0,72.0,9,271,Monsoon
30.0,26.3,27.8,1008.2,77,52,29.6,242,0.1,51,0.0,28.0,75.0,9,272,Monsoon
29.8,26.1,27.6,1009.1,77,57,26.2,244,0.1,51,0.1,27.8,77.0,9,273,Monsoon
29.8,25.9,27.5,1010.2,79,52,23.7,238,0.7,51,0.1,27.6,77.0,10,274,PostMonsoon
29.7,25.8,27.4,1011.5,78,51,22.9,241,0.0,3,0.7,27.5,79.0,10,275,PostMonsoon
29.6,26.0,27.4,1011.8,79,53,25.9,248,0.2,51,0.0,27.4,78.0,10,276,PostMonsoon
29.5,25.7,27.3,1011.6,80,49,20.5,244,0.1,51,0.2,27.4,79.0,10,277,PostMonsoon
30.1,25.6,27.4,1010.6,81,43,21.0,242,0.0,3,0.1,27.3,80.0,10,278,PostMonsoon
31.2,25.0,27.6,1010.9,78,22,18.7,228,0.0,3,0.0,27.4,81.0,10,279,PostMonsoon
31.6,24.6,27.8,1012.4,75,8,17.3,219,0.0,1,0.0,27.6,78.0,10,280,PostMonsoon
33.7,24.7,28.4,1014.0,74,7,19.5,254,0.0,1,0.0,27.8,75.0,10,281,PostMonsoon
33.3,25.5,28.5,1014.2,73,3,20.4,264,0.0,0,0.0,28.4,74.0,10,282,PostMonsoon
30.7,25.6,27.6,1012.4,80,59,28.8,256,0.0,3,0.0,28.5,73.0,10,283,PostMonsoon
33.0,25.7,28.6,1012.0,77,40,20.4,236,0.0,3,0.0,27.6,80.0,10,284,PostMonsoon
33.7,25.7,28.9,1013.4,77,13,19.0,262,0.0,1,0.0,28.6,77.0,10,285,PostMonsoon
33.3,25.8,28.8,1012.8,77,48,17.4,266,0.0,3,0.0,28.9,77.0,10,286,PostMonsoon
32.3,25.9,28.4,1011.4,78,21,23.5,259,0.0,2,0.0,28.8,77.0,10,287,PostMonsoon
31.5,25.8,27.9,1011.2,79,53,20.4,245,0.0,3,0.0,28.4,78.0,10,288,PostMonsoon
29.6,25.0,26.5,1013.3,80,38,11.9,66,4.8,63,0.0,27.9,79.0,10,289,PostMonsoon
30.0,22.7,26.0,1015.3,74,7,16.0,356,0.0,1,4.8,26.5,80.0,10,290,PostMonsoon
30.1,23.4,26.8,1015.5,72,15,14.2,312,0.0,2,0.0,26.0,74.0,10,291,PostMonsoon
29.7,21.9,25.9,1013.8,71,2,16.6,304,0.0,0,0.0,26.8,72.0,10,292,PostMonsoon
30.3,23.8,26.7,1012.9,76,12,24.5,268,0.0,1,0.0,25.9,71.0,10,293,PostMonsoon
30.4,23.8,26.5,1014.0,78,35,18.2,275,0.6,51,0.0,26.7,76.0,10,294,PostMonsoon
30.0,22.3,26.2,1012.6,74,16,19.1,285,0.0,1,0.6,26.5,78.0,10,295,PostMonsoon
29.9,22.9,26.2,1012.8,64,25,21.6,61,1.7,53,0.0,26.2,74.0,10,296,PostMonsoon
30.8,21.7,26.2,1015.3,50,71,23.7,73,0.0,3,1.7,26.2,64.0,10,297,PostMonsoon
30.0,23.0,26.4,1015.8,51,78,18.4,80,0.0,3,0.0,26.2,50.0,10,298,PostMonsoon
29.6,22.1,25.9,1015.4,55,38,19.8,39,0.0,3,0.0,26.4,51.0,10,299,PostMonsoon
30.1,22.1,26.0,1015.4,56,23,18.3,10,0.0,2,0.0,25.9,55.0,10,300,PostMonsoon
30.3,22.3,26.3,1014.6,56,14,15.6,0,0.0,1,0.0,26.0,56.0,10,301,PostMonsoon
30.6,22.1,26.2,1015.4,52,13,21.4,48,0.0,1,0.0,26.3,56.0,10,302,PostMonsoon
30.6,22.3,26.2,1017.0,45,29,23.9,56,0.0,2,0.0,26.2,52.0,10,303,PostMonsoon
29.7,21.7,25.6,1018.2,45,11,31.4,47,0.0,3,0.0,26.2,45.0,10,304,PostMonsoon
30.5,21.1,25.8,1017.0,46,10,21.6,45,0.0,2,0.0,25.6,45.0,11,305,PostMonsoon
31.1,21.7,26.3,1016.7,43,19,20.8,48,0.0,3,0.0,25.8,46.0,11,306,PostMonsoon
32.2,21.5,26.6,1016.7,42,0,18.1,54,0.0,0,0.0,26.3,43.0,11,307,PostMonsoon
32.8,22.4,27.4,1018.1,38,3,23.7,57,0.0,1,0.0,26.6,42.0,11,308,PostMonsoon
32.8,22.7,27.5,1016.9,43,7,17.7,40,0.0,2,0.0,27.4,38.0,11,309,PostMonsoon
32.9,21.4,27.4,1016.2,51,3,11.4,25,0.0,1,0.0,27.5,43.0,11,310,PostMonsoon
33.1,22.3,27.7,1016.7,50,4,15.7,34,0.0,1,0.0,27.4,51.0,11,311,PostMonsoon
32.5,21.7,27.2,1015.7,54,2,19.2,293,0.0,1,0.0,27.7,50.0,11,312,PostMonsoon
32.5,22.9,27.4,1011.6,59,13,17.9,295,0.0,2,0.0,27.2,54.0,11,313,PostMonsoon
32.0,20.5,26.7,1011.9,49,23,22.2,52,0.0,3,0.0,27.4,59.0,11,314,PostMonsoon
29.7,21.5,25.4,1014.2,40,1,30.5,58,0.0,1,0.0,26.7,49.0,11,315,PostMonsoon
29.3,20.2,24.5,1014.7,40,0,23.7,63,0.0,0,0.0,25.4,40.0,11,316,PostMonsoon
29.3,19.3,24.2,1014.4,40,17,18.9,66,0.0,3,0.0,24.5,40.0,11,317,PostMonsoon
29.0,18.7,23.8,1014.3,47,33,12.8,17,0.0,3,0.0,24.2,40.0,11,318,PostMonsoon
29.7,19.8,24.6,1014.2,60,1,16.4,315,0.0,0,0.0,23.8,47.0,11,319,PostMonsoon
29.7,19.9,24.6,1014.0,66,78,16.9,291,0.0,3,0.0,24.6,60.0,11,320,PostMonsoon
29.2,20.0,24.7,1013.9,67,60,14.8,339,0.0,3,0.0,24.6,66.0,11,321,PostMonsoon
29.0,21.9,25.2,1013.5,55,26,15.7,14,0.0,3,0.0,24.7,67.0,11,322,PostMonsoon
28.5,19.7,24.3,1013.0,59,2,13.7,314,0.0,0,0.0,25.2,55.0,11,323,PostMonsoon
29.2,20.1,24.5,1015.3,46,42,19.9,62,0.0,3,0.0,24.3,59.0,11,324,PostMonsoon
28.3,21.0,24.4,1016.0,36,75,29.9,51,0.0,3,0.0,24.5,46.0,11,325,PostMonsoon
28.9,21.6,24.6,1015.1,35,39,33.4,54,0.0,3,0.0,24.4,36.0,11,326,PostMonsoon
29.0,20.9,24.6,1013.3,37,12,28.1,54,0.0,1,0.0,24.6,35.0,11,327,PostMonsoon
24.7,18.8,21.9,1011.1,55,72,24.9,59,2.3,53,0.0,24.6,37.0,11,328,PostMonsoon
23.9,17.5,20.5,1012.0,66,42,14.6,3,0.0,3,2.3,21.9,55.0,11,329,PostMonsoon
26.1,16.6,21.4,1015.5,57,1,12.7,343,0.0,0,0.0,20.5,66.0,11,330,PostMonsoon
26.1,16.2,21.2,1016.8,49,0,19.7,64,0.0,0,0.0,21.4,57.0,11,331,PostMonsoon
25.8,17.0,21.2,1016.8,43,0,25.0,51,0.0,0,0.0,21.2,49.0,11,332,PostMonsoon
26.7,16.8,21.4,1016.8,43,6,22.7,39,0.0,1,0.0,21.2,43.0,11,333,PostMonsoon
26.9,17.3,21.8,1017.8,43,5,19.6,36,0.0,3,0.0,21.4,43.0,11,334,PostMonsoon
25.4,15.9,20.5,1018.9,43,9,16.5,57,0.0,2,0.0,21.8,43.0,12,335,Winter
25.3,13.6,19.8,1017.4,47,0,10.8,28,0.0,0,0.0,20.5,43.0,12,336,Winter
26.5,14.7,20.9,1015.2,48,0,9.4,40,0.0,0,0.0,19.8,47.0,12,337,Winter
26.6,17.2,21.3,1016.3,39,0,23.7,56,0.0,0,0.0,20.9,48.0,12,338,Winter
24.9,16.6,20.5,1017.2,41,1,30.2,55,0.0,0,0.0,21.3,39.0,12,339,Winter
24.9,16.2,20.3,1017.7,42,3,29.5,47,0.0,0,0.0,20.5,41.0,12,340,Winter
25.1,16.7,20.4,1015.6,41,1,28.0,39,0.0,0,0.0,20.3,42.0,12,341,Winter
25.4,15.3,20.2,1012.7,48,0,17.8,329,0.0,0,0.0,20.4,41.0,12,342,Winter
25.2,15.3,20.4,1012.9,68,0,14.3,199,0.0,0,0.0,20.2,48.0,12,343,Winter
24.6,14.2,19.9,1015.1,73,22,16.6,183,0.0,3,0.0,20.4,68.0,12,344,Winter
24.6,15.3,20.2,1015.3,69,73,14.5,147,0.0,3,0.0,19.9,73.0,12,345,Winter
24.7,14.9,20.6,1014.5,71,18,16.9,292,0.2,51,0.0,20.2,69.0,12,346,Winter
23.8,16.3,19.9,1016.5,63,21,15.9,49,0.5,51,0.2,20.6,71.0,12,347,Winter
23.6,14.7,19.1,1018.0,55,42,16.6,81,0.0,3,0.5,19.9,63.0,12,348,Winter
23.0,13.9,18.8,1016.7,56,9,13.0,74,0.0,1,0.0,19.1,55.0,12,349,Winter
23.4,17.0,19.5,1019.5,54,14,26.7,53,0.0,2,0.0,18.8,56.0,12,350,Winter
22.8,14.5,18.3,1020.7,55,11,26.1,53,0.0,2,0.0,19.5,54.0,12,351,Winter
23.1,13.4,18.1,1017.9,58,38,11.2,46,0.0,3,0.0,18.3,55.0,12,352,Winter
24.3,13.9,18.8,1018.9,59,75,13.7,63,0.0,3,0.0,18.1,58.0,12,353,Winter
23.9,15.0,19.0,1019.9,50,44,25.0,58,0.0,3,0.0,18.8,59.0,12,354,Winter
24.0,14.1,18.9,1018.4,60,88,12.9,27,0.0,3,0.0,19.0,50.0,12,355,Winter
25.1,17.8,20.9,1016.8,75,9,22.4,278,0.0,2,0.0,18.9,60.0,12,356,Winter
26.6,16.8,21.2,1018.2,57,4,24.1,56,0.0,0,0.0,20.9,75.0,12,357,Winter
24.9,15.8,20.2,1017.2,52,55,17.6,58,0.0,3,0.0,21.2,57.0,12,358,Winter
24.9,15.2,20.1,1016.6,55,22,11.6,50,0.0,3,0.0,20.2,52.0,12,359,Winter
24.5,15.8,19.7,1017.3,51,24,22.6,56,0.0,2,0.0,20.1,55.0,12,360,Winter
23.7,15.0,19.3,1016.8,55,35,15.0,15,0.0,2,0.0,19.7,51.0,12,361,Winter
23.8,15.6,19.6,1018.0,63,55,13.4,70,0.0,3,0.0,19.3,55.0,12,362,Winter
23.0,15.3,18.9,1020.7,50,37,16.3,28,0.0,3,0.0,19.6,63.0,12,363,Winter
21.6,12.7,16.7,1022.3,34,36,20.6,61,0.0,3,0.0,18.9,50.0,12,364,Winter
21.1,11.7,16.1,1021.9,38,65,24.3,58,0.0,3,0.0,16.7,34.0,12,365,Winter
22.6,12.6,16.9,1019.8,40,38,22.4,52,0.0,3,0.0,16.1,38.0,1,1,Winter
23.3,12.8,17.5,1019.5,40,1,27.9,53,0.0,0,0.0,16.9,40.0,1,2,Winter
24.0,14.7,18.7,1020.6,34,50,34.9,54,0.0,3,0.0,17.5,40.0,1,3,Winter
25.7,14.7,19.8,1020.9,36,1,19.4,32,0.0,1,0.0,18.7,34.0,1,4,Winter
25.0,12.8,19.0,1018.4,63,33,10.9,38,0.0,3,0.0,19.8,36.0,1,5,Winter
25.5,14.9,20.1,1016.0,72,84,13.8,215,0.0,3,0.0,19.0,63.0,1,6,Winter
25.2,16.0,20.7,1015.4,81,75,17.6,275,0.0,3,0.0,20.1,72.0,1,7,Winter
26.2,18.7,22.1,1016.0,77,13,12.2,295,0.0,2,0.0,20.7,81.0,1,8,Winter
26.3,16.6,21.1,1016.2,54,66,18.6,56,0.0,3,0.0,22.1,77.0,1,9,Winter
26.4,16.8,21.3,1015.3,53,40,20.9,56,0.0,3,0.0,21.1,54.0,1,10,Winter
25.9,16.4,21.3,1015.2,60,31,14.6,330,0.0,3,0.0,21.3,53.0,1,11,Winter
25.5,20.0,22.3,1013.2,70,58,25.6,270,0.0,3,0.0,21.3,60.0,1,12,Winter
25.4,16.1,21.2,1012.5,72,73,14.3,150,0.0,3,0.0,22.3,70.0,1,13,Winter
23.7,18.7,21.1,1012.1,70,74,33.5,257,4.8,55,0.0,21.2,72.0,1,14,Winter
21.4,13.7,17.6,1015.3,45,33,18.4,324,0.0,3,4.8,21.1,70.0,1,15,Winter
20.8,10.6,16.1,1014.6,56,24,13.6,59,0.0,3,0.0,17.6,45.0,1,16,Winter
21.8,10.3,16.2,1014.9,59,24,10.5,349,0.0,3,0.0,16.1,56.0,1,17,Winter
22.6,11.3,16.9,1017.4,50,23,12.3,57,0.0,3,0.0,16.2,59.0,1,18,Winter
22.5,12.4,17.4,1017.5,45,31,13.8,32,0.0,2,0.0,16.9,50.0,1,19,Winter
22.2,10.7,16.6,1016.8,62,0,14.3,330,0.0,0,0.0,17.4,45.0,1,20,Winter
23.6,12.9,17.9,1018.5,48,35,20.0,66,0.0,3,0.0,16.6,62.0,1,21,Winter
23.1,11.3,17.8,1016.8,62,29,20.9,282,0.0,3,0.0,17.9,48.0,1,22,Winter
24.7,15.1,20.0,1016.7,52,2,16.6,18,0.0,1,0.0,17.8,62.0,1,23,Winter
24.5,15.2,19.5,1018.5,35,27,23.2,50,0.0,3,0.0,20.0,52.0,1,24,Winter
24.7,15.6,19.6,1019.6,33,32,26.1,50,0.0,3,0.0,19.5,35.0,1,25,Winter
24.4,14.4,19.3,1018.7,35,21,20.8,52,0.0,3,0.0,19.6,33.0,1,26,Winter
24.6,16.7,20.4,1017.2,38,20,13.6,355,0.0,3,0.0,19.3,35.0,1,27,Winter
24.9,13.7,19.5,1019.1,57,0,13.0,342,0.0,0,0.0,20.4,38.0,1,28,Winter
25.7,14.0,19.8,1020.4,46,5,20.2,73,0.0,2,0.0,19.5,57.0,1,29,Winter
26.4,16.5,21.1,1018.5,38,27,26.8,82,0.0,2,0.0,19.8,46.0,1,30,Winter
25.6,16.1,20.8,1019.1,46,85,25.0,59,0.0,3,0.0,21.1,38.0,1,31,Winter
19.9,16.9,18.4,1019.0,73,91,11.9,76,9.6,61,0.0,20.8,46.0,2,32,Winter
23.1,15.8,19.1,1018.9,80,15,10.2,13,0.0,2,9.6,18.4,73.0,2,33,Winter
23.7,14.6,19.1,1019.6,78,1,11.8,324,0.0,0,0.0,19.1,80.0,2,34,Winter
24.7,15.6,19.7,1019.8,76,2,14.9,326,0.0,0,0.0,19.1,78.0,2,35,Winter
24.6,15.0,19.9,1018.1,80,4,15.8,282,0.0,1,0.0,19.7,76.0,2,36,Winter
26.4,16.5,21.3,1015.5,69,2,12.1,347,0.0,0,0.0,19.9,80.0,2,37,Winter
26.9,15.3,20.8,1017.3,51,0,16.4,57,0.0,0,0.0,21.3,69.0,2,38,Winter
27.2,13.1,20.2,1018.0,56,0,12.4,18,0.0,0,0.0,20.8,51.0,2,39,Winter
28.9,14.4,21.6,1018.7,45,0,14.9,48,0.0,0,0.0,20.2,56.0,2,40,Winter
29.5,14.7,22.0,1018.0,41,6,13.5,29,0.0,1,0.0,21.6,45.0,2,41,Winter
28.6,13.8,21.5,1017.4,46,34,14.2,319,0.0,3,0.0,22.0,41.0,2,42,Winter
28.3,14.4,21.8,1016.1,45,43,12.8,307,0.0,3,0.0,21.5,46.0,2,43,Winter
28.5,17.4,23.0,1013.7,58,58,19.6,203,0.0,3,0.0,21.8,45.0,2,44,Winter
24.2,19.6,21.7,1011.5,62,80,31.3,250,2.6,55,0.0,23.0,58.0,2,45,Winter
23.3,18.3,20.6,1012.3,58,80,29.6,270,0.0,3,2.6,21.7,62.0,2,46,Winter
24.4,19.2,21.7,1011.4,56,50,41.7,260,0.0,3,0.0,20.6,58.0,2,47,Winter
24.2,20.5,22.1,1012.2,56,62,39.5,264,0.0,3,0.0,21.7,56.0,2,48,Winter
23.9,16.7,20.4,1012.5,41,10,25.4,285,0.0,1,0.0,22.1,56.0,2,49,Winter
25.5,16.1,20.8,1013.5,40,0,21.6,295,0.0,0,0.0,20.4,41.0,2,50,Winter
25.8,13.5,19.6,1015.0,39,0,22.1,318,0.0,0,0.0,20.8,40.0,2,51,Winter
27.7,16.0,21.4,1015.1,51,0,21.9,304,0.0,0,0.0,19.6,39.0,2,52,Winter
25.1,16.7,21.1,1013.9,68,40,24.3,242,1.8,53,0.0,21.4,51.0,2,53,Winter
22.0,18.3,19.7,1011.5,83,67,16.5,213,12.8,63,1.8,21.1,68.0,2,54,Winter
18.5,13.6,16.1,1012.1,51,5,31.2,303,0.0,1,12.8,19.7,83.0,2,55,Winter
20.0,10.5,15.2,1015.1,51,0,27.0,315,0.0,0,0.0,16.1,51.0,2,56,Winter
22.4,10.9,16.6,1016.7,61,5,13.0,358,0.0,3,0.0,15.2,51.0,2,57,Winter
23.1,12.2,17.9,1016.3,64,39,12.4,303,0.0,3,0.0,16.6,61.0,2,58,Winter
24.7,16.9,20.7,1016.4,79,68,19.7,267,0.1,51,0.0,17.9,64.0,2,59,Winter
27.1,18.5,22.2,1016.6,79,23,18.1,274,0.0,2,0.1,20.7,79.0,3,60,HotDry
28.7,16.6,22.7,1014.7,70,28,15.9,271,0.0,3,0.0,22.2,79.0,3,61,HotDry
27.3,17.6,22.2,1013.6,67,42,18.4,256,1.6,55,0.0,22.7,70.0,3,62,HotDry
24.9,20.0,22.3,1013.6,71,33,23.9,270,0.0,3,1.6,22.2,67.0,3,63,HotDry
26.1,16.8,21.6,1012.7,68,13,20.0,287,0.0,2,0.0,22.3,71.0,3,64,HotDry
27.2,16.6,22.5,1014.0,52,5,17.2,319,0.0,1,0.0,21.6,68.0,3,65,HotDry
27.4,15.0,22.0,1014.5,47,59,18.2,302,0.0,3,0.0,22.5,52.0,3,66,HotDry
27.5,19.0,23.3,1011.8,55,31,26.8,265,0.0,3,0.0,22.0,47.0,3,67,HotDry
28.5,20.5,24.1,1011.1,62,41,27.2,271,0.0,3,0.0,23.3,55.0,3,68,HotDry
28.8,21.3,24.3,1010.4,66,13,29.5,270,0.0,2,0.0,24.1,62.0,3,69,HotDry
26.3,21.2,23.3,1010.4,61,5,36.8,254,0.0,1,0.0,24.3,66.0,3,70,HotDry
27.8,19.7,23.5,1011.7,53,0,24.3,274,0.0,0,0.0,23.3,61.0,3,71,HotDry
28.5,17.3,23.2,1013.4,48,0,18.8,280,0.0,0,0.0,23.5,53.0,3,72,HotDry
27.7,18.0,22.3,1013.8,69,1,21.7,259,0.0,0,0.0,23.2,48.0,3,73,HotDry
29.0,16.3,22.8,1012.6,62,33,21.2,285,0.0,3,0.0,22.3,69.0,3,74,HotDry
30.7,18.3,24.4,1013.5,48,7,22.7,302,0.0,1,0.0,22.8,62.0,3,75,HotDry
30.4,18.9,24.4,1015.1,58,11,22.7,289,0.0,3,0.0,24.4,48.0,3,76,HotDry
29.3,19.1,24.0,1016.1,72,25,20.2,242,0.0,3,0.0,24.4,58.0,3,77,HotDry
29.2,19.9,24.3,1014.5,71,32,24.7,269,0.0,3,0.0,24.0,72.0,3,78,HotDry
29.8,21.2,25.1,1012.7,65,40,23.2,269,0.0,3,0.0,24.3,71.0,3,79,HotDry
29.7,22.0,25.6,1012.8,66,47,26.0,274,0.0,3,0.0,25.1,65.0,3,80,HotDry
30.7,22.9,26.1,1010.3,70,26,30.7,271,0.0,2,0.0,25.6,66.0,3,81,HotDry
35.2,20.1,27.9,1009.3,53,0,20.8,293,0.0,0,0.0,26.1,70.0,3,82,HotDry
33.1,20.9,27.2,1012.0,28,0,18.3,333,0.0,0,0.0,27.9,53.0,3,83,HotDry
32.6,19.4,25.5,1012.5,50,0,22.0,261,0.0,0,0.0,27.2,28.0,3,84,HotDry
32.3,21.7,26.4,1011.8,63,0,26.5,258,0.0,0,0.0,25.5,50.0,3,85,HotDry
37.8,22.7,29.7,1009.7,51,2,21.6,280,0.0,1,0.0,26.4,63.0,3,86,HotDry
38.6,22.5,30.7,1008.1,44,0,20.4,293,0.0,0,0.0,29.7,51.0,3,87,HotDry
38.1,26.4,32.0,1008.5,27,0,23.5,358,0.0,0,0.0,30.7,44.0,3,88,HotDry
34.8,23.7,28.6,1010.6,48,13,19.9,208,0.0,2,0.0,32.0,27.0,3,89,HotDry
34.8,21.7,27.7,1012.2,61,6,21.2,274,0.0,1,0.0,28.6,48.0,3,90,HotDry
33.7,23.2,27.6,1012.4,69,0,25.1,270,0.0,0,0.0,27.7,61.0,4,91,HotDry
34.7,24.0,28.6,1010.1,65,0,26.9,271,0.0,0,0.0,27.6,69.0,4,92,HotDry
33.9,25.4,29.1,1007.7,63,0,26.3,265,0.0,0,0.0,28.6,65.0,4,93,HotDry
35.4,23.9,29.4,1008.2,62,0,23.6,261,0.0,0,0.0,29.1,63.0,4,94,HotDry
35.1,22.8,28.5,1011.0,67,39,20.6,268,0.0,3,0.0,29.4,62.0,4,95,HotDry
35.2,23.3,28.4,1011.7,62,37,24.0,264,0.0,3,0.0,28.5,67.0,4,96,HotDry
30.8,23.4,26.5,1008.6,71,43,33.0,248,0.0,3,0.0,28.4,62.0,4,97,HotDry
29.4,22.9,25.8,1005.5,44,12,30.3,269,0.0,2,0.0,26.5,71.0,4,98,HotDry
31.9,23.2,26.8,1006.9,49,18,26.8,274,0.0,3,0.0,25.8,44.0,4,99,HotDry
31.9,21.1,25.9,1009.5,69,3,25.0,254,0.0,1,0.0,26.8,49.0,4,100,HotDry
33.0,20.9,26.9,1012.5,61,0,26.4,277,0.0,0,0.0,25.9,69.0,4,101,HotDry
33.7,22.0,27.5,1011.2,55,4,20.3,270,0.0,1,0.0,26.9,61.0,4,102,HotDry
34.4,22.9,27.9,1006.7,58,0,21.1,240,0.0,0,0.0,27.5,55.0,4,103,HotDry
34.0,21.8,27.4,1007.6,63,4,23.2,260,0.0,1,0.0,27.9,58.0,4,104,HotDry
38.7,23.2,30.5,1009.4,44,28,24.8,312,0.0,3,0.0,27.4,63.0,4,105,HotDry
37.2,24.2,29.9,1009.3,50,94,26.8,279,0.0,3,0.0,30.5,44.0,4,106,HotDry
32.3,24.5,27.9,1009.0,70,93,27.3,251,0.0,3,0.0,29.9,50.0,4,107,HotDry
30.4,24.5,27.0,1009.4,77,99,29.4,257,0.0,3,0.0,27.9,70.0,4,108,HotDry
31.2,24.6,27.3,1008.7,76,76,34.2,259,0.0,3,0.0,27.0,77.0,4,109,HotDry
31.7,24.4,27.7,1006.2,77,88,33.3,259,0.0,3,0.0,27.3,76.0,4,110,HotDry
32.0,25.3,28.1,1005.8,79,13,35.0,259,0.0,3,0.0,27.7,77.0,4,111,HotDry
32.1,25.7,28.3,1007.5,79,19,31.6,256,0.0,1,0.0,28.1,79.0,4,112,HotDry
31.5,25.9,28.2,1008.2,79,40,33.5,261,0.0,3,0.0,28.3,79.0,4,113,HotDry
31.6,25.7,28.2,1007.8,80,52,33.1,259,0.0,3,0.0,28.2,79.0,4,114,HotDry
32.0,26.4,28.8,1006.7,78,64,34.2,255,0.0,3,0.0,28.2,80.0,4,115,HotDry
34.1,26.8,29.8,1007.5,72,35,29.7,261,0.0,3,0.0,28.8,78.0,4,116,HotDry
34.6,26.2,29.4,1009.3,68,7,27.8,260,0.0,1,0.0,29.8,72.0,4,117,HotDry
33.5,25.6,28.8,1009.2,72,15,27.1,264,0.0,2,0.0,29.4,68.0,4,118,HotDry
31.3,25.5,28.0,1007.4,76,61,28.7,250,0.0,3,0.0,28.8,72.0,4,119,HotDry
32.4,26.3,28.9,1005.7,77,35,32.2,243,0.0,3,0.0,28.0,76.0,4,120,HotDry
32.6,26.2,29.0,1007.5,75,34,24.6,244,0.0,3,0.0,28.9,77.0,5,121,HotDry
32.7,26.0,28.9,1008.9,74,22,20.9,255,0.0,1,0.0,29.0,75.0,5,122,HotDry
33.8,26.3,29.4,1008.7,71,42,25.6,261,0.0,3,0.0,28.9,74.0,5,123,HotDry
35.5,26.2,30.3,1006.6,65,25,23.3,254,0.0,3,0.0,29.4,71.0,5,124,HotDry
33.2,26.3,29.3,1004.8,75,44,25.5,254,0.0,3,0.0,30.3,65.0,5,125,HotDry
32.9,26.5,29.5,1005.7,72,88,17.3,256,0.0,3,0.0,29.3,75.0,5,126,HotDry
35.8,25.3,30.3,1007.5,65,39,23.7,247,0.0,3,0.0,29.5,72.0,5,127,HotDry
37.4,26.8,31.5,1007.2,33,69,22.8,288,0.0,3,0.0,30.3,65.0,5,128,HotDry
36.7,24.6,30.7,1005.9,39,0,31.3,33,0.0,0,0.0,31.5,33.0,5,129,HotDry
35.8,24.5,29.9,1005.4,52,0,20.7,239,0.0,0,0.0,30.7,39.0,5,130,HotDry
35.2,23.1,29.0,1007.1,68,0,21.7,265,0.0,0,0.0,29.9,52.0,5,131,HotDry
35.9,24.0,29.3,1007.3,66,0,24.4,272,0.0,0,0.0,29.0,68.0,5,132,HotDry
35.8,24.8,29.7,1006.8,65,0,28.9,270,0.0,0,0.0,29.3,66.0,5,133,HotDry
35.7,25.7,29.7,1006.9,69,2,26.1,263,0.0,0,0.0,29.7,65.0,5,134,HotDry
33.7,26.2,29.4,1005.8,75,11,27.1,259,0.0,2,0.0,29.7,69.0,5,135,HotDry
34.3,26.7,30.0,1004.2,75,5,31.3,253,0.0,1,0.0,29.4,75.0,5,136,HotDry
35.4,27.4,30.9,1004.0,72,3,26.8,258,0.0,0,0.0,30.0,75.0,5,137,HotDry
37.7,27.0,31.9,1003.0,70,9,19.7,257,0.0,2,0.0,30.9,72.0,5,138,HotDry
38.8,27.7,32.9,1001.1,66,1,19.3,247,0.0,0,0.0,31.9,70.0,5,139,HotDry
38.0,28.1,32.6,1001.1,60,4,31.8,263,0.0,0,0.0,32.9,66.0,5,140,HotDry
34.8,26.8,30.4,1003.1,74,10,22.9,248,0.0,2,0.0,32.6,60.0,5,141,HotDry
33.4,27.7,30.1,1004.4,80,33,27.5,245,0.0,3,0.0,30.4,74.0,5,142,HotDry
33.9,28.1,30.3,1004.4,77,25,28.7,255,0.0,2,0.0,30.1,80.0,5,143,HotDry
35.2,27.4,30.8,1003.0,74,7,31.7,254,0.0,1,0.0,30.3,77.0,5,144,HotDry
34.9,27.5,30.8,1002.3,72,0,24.0,239,0.0,0,0.0,30.8,74.0,5,145,HotDry
34.8,27.1,30.4,1001.9,77,6,26.0,244,0.0,1,0.0,30.8,72.0,5,146,HotDry
36.5,28.0,31.4,1002.5,70,0,28.8,254,0.0,0,0.0,30.4,77.0,5,147,HotDry
37.8,27.8,32.0,1002.5,66,0,32.5,263,0.0,0,0.0,31.4,70.0,5,148,HotDry
35.3,27.8,30.9,1001.9,70,1,34.2,263,0.0,0,0.0,32.0,66.0,5,149,HotDry
33.4,27.6,29.9,1001.8,78,20,36.7,258,0.0,1,0.0,30.9,70.0,5,150,HotDry
33.3,27.5,30.0,1003.7,80,45,32.4,253,0.0,3,0.0,29.9,78.0,5,151,HotDry
33.3,28.4,30.3,1004.9,77,49,28.8,249,0.0,3,0.0,30.0,80.0,6,152,Monsoon
33.0,28.0,30.1,1004.1,75,58,28.5,249,0.0,3,0.0,30.3,77.0,6,153,Monsoon
33.0,28.0,30.1,1004.0,75,31,26.7,253,0.0,2,0.0,30.1,75.0,6,154,Monsoon
33.2,28.1,30.0,1003.9,76,32,31.3,260,0.0,2,0.0,30.1,75.0,6,155,Monsoon
34.0,27.8,30.3,1002.9,76,20,28.6,255,0.0,1,0.0,30.0,76.0,6,156,Monsoon
33.4,28.0,30.2,1002.0,80,34,28.1,220,0.0,2,0.0,30.3,76.0,6,157,Monsoon
33.1,28.0,30.0,1001.9,77,36,27.3,212,0.0,2,0.0,30.2,80.0,6,158,Monsoon
34.4,27.1,30.3,1001.4,74,34,18.2,226,0.0,3,0.0,30.0,77.0,6,159,Monsoon
36.7,29.2,32.1,997.2,62,88,17.0,321,1.0,53,0.0,30.3,74.0,6,160,Monsoon
33.4,27.8,30.2,999.6,79,55,24.9,231,0.0,3,1.0,32.1,62.0,6,161,Monsoon
33.4,28.1,30.1,999.7,78,32,34.2,243,0.0,2,0.0,30.2,79.0,6,162,Monsoon
33.9,27.4,29.9,1000.8,77,33,33.6,249,0.0,2,0.0,30.1,78.0,6,163,Monsoon
33.2,27.4,29.8,1002.1,75,30,26.1,248,0.0,2,0.0,29.9,77.0,6,164,Monsoon
33.1,27.3,29.8,1003.6,74,18,21.3,259,0.0,2,0.0,29.8,75.0,6,165,Monsoon
36.2,26.5,30.8,1003.9,69,10,28.1,280,0.0,1,0.0,29.8,74.0,6,166,Monsoon
40.6,27.8,33.1,1001.3,58,9,28.8,286,0.0,1,0.0,30.8,69.0,6,167,Monsoon
35.2,28.9,31.7,999.4,66,1,34.3,267,0.0,0,0.0,33.1,58.0,6,168,Monsoon
36.8,28.4,31.9,999.4,69,0,26.6,245,0.0,0,0.0,31.7,66.0,6,169,Monsoon
36.0,28.1,31.1,1001.5,77,5,30.7,246,0.0,1,0.0,31.9,69.0,6,170,Monsoon
34.8,27.9,30.7,1000.3,75,2,36.5,253,0.0,0,0.0,31.1,77.0,6,171,Monsoon
34.1,28.0,30.5,996.8,77,9,39.9,249,0.0,1,0.0,30.7,75.0,6,172,Monsoon
33.9,28.3,30.5,995.9,78,26,36.1,240,0.0,2,0.0,30.5,77.0,6,173,Monsoon
33.5,28.5,30.5,997.2,78,40,31.7,241,0.0,3,0.0,30.5,78.0,6,174,Monsoon
33.7,28.0,30.4,997.8,76,32,26.7,245,0.0,2,0.0,30.5,78.0,6,175,Monsoon
33.7,27.8,30.4,997.6,75,22,25.3,252,0.0,1,0.0,30.4,76.0,6,176,Monsoon
33.5,27.8,30.4,996.2,75,23,25.1,249,0.0,1,0.0,30.4,75.0,6,177,Monsoon
34.2,28.3,30.9,995.2,75,76,22.4,237,0.0,3,0.0,30.4,75.0,6,178,Monsoon
34.0,28.7,31.0,996.2,75,79,20.9,229,0.0,3,0.0,30.9,75.0,6,179,Monsoon
33.7,28.5,31.0,995.7,75,76,21.9,244,0.0,3,0.0,31.0,75.0,6,180,Monsoon
34.7,28.9,31.3,993.5,77,71,26.8,252,0.0,3,0.0,31.0,75.0,6,181,Monsoon
35.5,28.7,31.7,992.6,75,52,27.3,267,0.0,3,0.0,31.3,77.0,7,182,Monsoon
35.2,29.1,31.8,993.3,77,96,21.5,276,5.3,61,0.0,31.7,75.0,7,183,Monsoon
32.6,28.2,30.2,994.8,82,100,21.1,23,23.3,63,5.3,31.8,77.0,7,184,Monsoon
32.0,28.8,30.1,996.8,85,77,15.2,288,8.2,63,23.3,30.2,82.0,7,185,Monsoon
31.5,28.6,29.7,998.0,81,90,21.4,238,0.0,3,8.2,30.1,85.0,7,186,Monsoon
31.2,28.6,29.7,996.4,85,70,33.4,252,0.0,3,0.0,29.7,81.0,7,187,Monsoon
31.3,28.5,29.5,995.2,84,66,35.4,246,0.3,51,0.0,29.7,85.0,7,188,Monsoon
31.3,28.2,29.4,994.8,82,67,28.3,244,0.0,3,0.3,29.5,84.0,7,189,Monsoon
30.8,27.7,29.0,996.2,82,83,22.0,242,0.0,3,0.0,29.4,82.0,7,190,Monsoon
31.2,27.4,29.0,996.6,80,75,23.9,219,0.0,3,0.0,29.0,82.0,7,191,Monsoon
31.5,27.2,29.0,995.4,80,97,17.1,215,0.0,3,0.0,29.0,80.0,7,192,Monsoon
32.0,27.5,29.3,996.0,80,72,22.9,212,0.0,3,0.0,29.0,80.0,7,193,Monsoon
31.8,27.2,29.2,998.6,80,80,24.5,229,0.0,3,0.0,29.3,80.0,7,194,Monsoon
31.4,27.5,29.1,1000.8,80,98,31.1,246,0.2,51,0.0,29.2,80.0,7,195,Monsoon
31.3,27.5,29.1,1001.2,79,83,35.6,250,0.0,3,0.2,29.1,80.0,7,196,Monsoon
31.4,27.7,29.3,999.8,77,79,36.6,249,0.0,3,0.0,29.1,79.0,7,197,Monsoon
31.6,27.7,29.4,1000.3,77,59,33.5,249,0.2,51,0.0,29.3,77.0,7,198,Monsoon
31.6,27.8,29.4,1001.8,77,56,33.0,251,0.0,3,0.2,29.4,77.0,7,199,Monsoon
31.1,27.6,29.1,1002.8,78,89,32.6,253,0.3,51,0.0,29.4,77.0,7,200,Monsoon
31.3,27.3,28.8,1001.4,78,67,31.3,251,0.0,3,0.3,29.1,78.0,7,201,Monsoon
30.6,27.0,28.5,1001.9,78,64,32.0,251,0.0,3,0.0,28.8,78.0,7,202,Monsoon
30.5,26.7,28.2,1002.2,80,44,33.5,254,0.0,2,0.0,28.5,78.0,7,203,Monsoon
30.2,26.3,27.9,1001.5,81,53,38.6,254,0.2,51,0.0,28.2,80.0,7,204,Monsoon
29.8,26.1,27.5,1000.9,81,66,36.9,250,0.5,51,0.2,27.9,81.0,7,205,Monsoon
29.7,26.1,27.5,1000.1,81,63,34.5,251,0.0,3,0.5,27.5,81.0,7,206,Monsoon
30.3,26.2,27.8,999.8,81,66,29.7,249,0.0,3,0.0,27.5,81.0,7,207,Monsoon
30.1,26.1,27.8,1000.3,81,68,26.6,248,0.0,3,0.0,27.8,81.0,7,208,Monsoon
30.6,26.2,28.0,999.9,80,66,29.9,251,0.0,3,0.0,27.8,81.0,7,209,Monsoon
31.1,26.4,28.5,999.8,78,55,23.8,251,0.0,3,0.0,28.0,80.0,7,210,Monsoon
32.4,26.6,29.1,999.8,77,51,20.5,253,0.0,3,0.0,28.5,78.0,7,211,Monsoon
32.7,27.4,29.5,999.4,78,80,29.2,263,0.1,51,0.0,29.1,77.0,7,212,Monsoon
31.0,27.7,29.0,1001.2,82,74,27.9,254,3.8,55,0.1,29.5,78.0,8,213,Monsoon
31.4,27.6,29.0,1002.0,81,71,33.5,253,0.4,51,3.8,29.0,82.0,8,214,Monsoon
30.6,27.4,28.7,1001.9,81,95,40.1,254,0.4,51,0.4,29.0,81.0,8,215,Monsoon
30.0,27.1,28.2,1001.4,82,80,43.9,252,1.6,51,0.4,28.7,81.0,8,216,Monsoon
29.9,26.8,28.0,1000.1,83,66,41.3,253,0.6,51,1.6,28.2,82.0,8,217,Monsoon
30.4,26.6,28.1,999.2,84,55,35.2,252,0.0,3,0.6,28.0,83.0,8,218,Monsoon
30.5,26.4,28.2,1000.0,85,69,21.9,242,0.1,51,0.0,28.1,84.0,8,219,Monsoon
31.1,26.4,28.4,1001.1,83,60,23.1,249,0.0,3,0.1,28.2,85.0,8,220,Monsoon
31.1,26.7,28.5,999.5,81,85,23.2,249,0.0,3,0.0,28.4,83.0,8,221,Monsoon
31.7,26.6,28.8,998.3,82,96,18.4,247,0.0,3,0.0,28.5,81.0,8,222,Monsoon
31.9,27.0,28.9,998.5,80,62,23.3,239,0.0,3,0.0,28.8,82.0,8,223,Monsoon
31.2,26.8,28.7,998.3,78,85,31.7,242,0.0,3,0.0,28.9,80.0,8,224,Monsoon
30.8,26.8,28.4,997.9,78,73,31.7,244,0.0,3,0.0,28.7,78.0,8,225,Monsoon
30.5,26.6,28.2,1000.2,79,63,31.0,247,0.0,3,0.0,28.4,78.0,8,226,Monsoon
30.2,26.4,28.0,1002.4,80,64,30.4,249,0.0,3,0.0,28.2,79.0,8,227,Monsoon
30.2,26.5,28.0,1004.5,80,63,28.7,252,0.1,51,0.0,28.0,80.0,8,228,Monsoon
30.4,26.1,27.9,1003.8,80,53,33.8,257,0.0,3,0.1,28.0,80.0,8,229,Monsoon
30.3,26.3,28.0,1002.6,80,72,36.6,254,0.0,3,0.0,27.9,80.0,8,230,Monsoon
30.2,26.7,28.1,1002.5,80,77,29.9,250,0.0,3,0.0,28.0,80.0,8,231,Monsoon
30.1,26.6,28.0,1001.8,80,69,27.7,249,0.3,51,0.0,28.1,80.0,8,232,Monsoon
30.0,26.4,28.1,1002.1,79,62,23.6,248,0.0,3,0.3,28.0,80.0,8,233,Monsoon
30.4,26.9,28.4,1003.1,78,87,15.3,239,0.0,3,0.0,28.1,79.0,8,234,Monsoon
32.8,26.1,29.1,1005.1,74,34,19.5,252,0.0,3,0.0,28.4,78.0,8,235,Monsoon
33.5,26.6,29.5,1004.6,73,9,22.4,275,0.0,1,0.0,29.1,74.0,8,236,Monsoon
32.2,26.8,28.9,1002.3,79,17,31.0,264,0.0,1,0.0,29.5,73.0,8,237,Monsoon
31.3,26.8,28.7,1000.9,77,68,30.7,251,0.0,3,0.0,28.9,79.0,8,238,Monsoon
34.4,26.9,29.3,1002.8,75,50,27.1,263,0.0,3,0.0,28.7,77.0,8,239,Monsoon
31.8,27.0,28.8,1003.4,80,91,26.1,266,0.5,51,0.0,29.3,75.0,8,240,Monsoon
31.2,26.4,28.4,1002.8,80,67,30.1,257,0.0,3,0.5,28.8,80.0,8,241,Monsoon
30.7,26.5,28.2,1001.0,79,61,30.3,244,0.0,3,0.0,28.4,80.0,8,242,Monsoon
30.9,26.3,28.2,1001.7,80,63,26.4,239,0.0,3,0.0,28.2,79.0,8,243,Monsoon
30.3,26.4,27.9,1003.6,79,56,27.2,250,0.0,3,0.0,28.2,80.0,9,244,Monsoon
30.2,26.1,27.6,1004.4,78,58,31.0,253,0.0,3,0.0,27.9,79.0,9,245,Monsoon
30.2,25.6,27.6,1004.9,79,42,27.4,253,0.0,2,0.0,27.6,78.0,9,246,Monsoon
30.2,25.6,27.7,1006.8,78,36,23.6,251,0.0,2,0.0,27.6,79.0,9,247,Monsoon
31.0,25.9,27.9,1007.4,75,28,21.6,255,0.0,2,0.0,27.7,78.0,9,248,Monsoon
30.8,26.4,28.2,1006.0,74,38,25.1,255,0.0,2,0.0,27.9,75.0,9,249,Monsoon
30.6,26.5,28.2,1004.9,75,36,26.8,255,0.0,2,0.0,28.2,74.0,9,250,Monsoon
31.1,26.5,28.3,1005.7,76,29,23.7,260,0.0,1,0.0,28.2,75.0,9,251,Monsoon
31.7,26.2,28.3,1006.1,75,16,27.2,266,0.0,2,0.0,28.3,76.0,9,252,Monsoon
31.8,25.9,28.2,1004.2,77,15,30.3,264,0.0,1,0.0,28.3,75.0,9,253,Monsoon
31.2,26.2,28.2,1003.6,78,32,30.8,256,0.0,2,0.0,28.2,77.0,9,254,Monsoon
31.1,26.1,28.1,1004.7,78,39,26.1,259,0.0,2,0.0,28.2,78.0,9,255,Monsoon
33.0,26.0,28.6,1004.5,78,16,28.5,272,0.0,2,0.0,28.1,78.0,9,256,Monsoon
35.0,25.5,29.4,1001.7,72,32,17.1,261,0.0,3,0.0,28.6,78.0,9,257,Monsoon
37.4,26.6,31.6,1001.4,63,24,18.8,256,0.4,51,0.0,29.4,72.0,9,258,Monsoon
36.6,27.7,31.1,1001.8,62,8,26.3,284,0.2,51,0.4,31.6,63.0,9,259,Monsoon
37.1,26.6,30.7,1002.2,63,54,26.5,286,0.0,3,0.2,31.1,62.0,9,260,Monsoon
37.0,26.9,30.7,1003.1,66,77,23.4,290,0.0,3,0.0,30.7,63.0,9,261,Monsoon
34.8,27.0,30.0,1002.6,72,85,22.1,271,0.4,51,0.0,30.7,66.0,9,262,Monsoon
32.1,27.0,29.1,1002.6,75,62,24.2,259,0.2,51,0.4,30.0,72.0,9,263,Monsoon
31.9,26.2,28.4,1003.2,77,19,21.9,243,0.0,2,0.2,29.1,75.0,9,264,Monsoon
32.2,25.7,28.3,1005.1,75,19,21.9,253,0.0,2,0.0,28.4,77.0,9,265,Monsoon
31.9,25.0,28.0,1006.3,76,11,20.5,263,0.0,1,0.0,28.3,75.0,9,266,Monsoon
33.1,24.8,28.2,1008.0,73,31,23.6,272,0.0,2,0.0,28.0,76.0,9,267,Monsoon
32.9,25.4,28.1,1009.3,76,72,23.5,272,0.0,3,0.0,28.2,73.0,9,268,Monsoon
33.3,25.2,28.5,1008.0,77,9,22.6,269,0.0,1,0.0,28.1,76.0,9,269,Monsoon
35.0,24.6,29.2,1007.0,73,10,22.5,274,0.0,1,0.0,28.5,77.0,9,270,Monsoon
37.1,26.2,31.0,1007.0,67,32,12.9,133,2.1,61,0.0,29.2,73.0,9,271,Monsoon
36.3,28.4,32.0,1006.7,64,26,17.8,265,0.0,3,2.1,31.0,67.0,9,272,Monsoon
36.7,28.2,32.2,1005.5,60,14,20.5,262,0.0,3,0.0,32.0,64.0,9,273,Monsoon
35.9,27.8,31.3,1006.0,66,3,20.3,257,0.0,0,0.0,32.2,60.0,10,274,PostMonsoon
34.0,27.5,30.2,1007.1,76,3,23.5,256,0.0,0,0.0,31.3,66.0,10,275,PostMonsoon
32.8,27.8,29.8,1006.3,77,36,29.0,259,0.0,2,0.0,30.2,76.0,10,276,PostMonsoon
31.4,27.7,29.2,1006.8,78,35,27.5,259,0.0,2,0.0,29.8,77.0,10,277,PostMonsoon
32.4,26.9,29.1,1008.7,78,8,20.7,264,0.0,0,0.0,29.2,78.0,10,278,PostMonsoon
33.6,26.5,29.3,1008.2,78,7,20.4,265,0.0,1,0.0,29.1,78.0,10,279,PostMonsoon
34.2,26.4,29.6,1007.9,75,6,18.9,273,0.0,1,0.0,29.3,78.0,10,280,PostMonsoon
38.2,26.3,31.5,1007.3,63,10,19.8,300,0.0,1,0.0,29.6,75.0,10,281,PostMonsoon
39.6,26.5,32.6,1006.3,53,2,20.6,298,0.0,0,0.0,31.5,63.0,10,282,PostMonsoon
37.4,26.5,31.3,1006.2,62,6,17.4,263,0.0,1,0.0,32.6,53.0,10,283,PostMonsoon
40.6,26.7,33.3,1006.3,48,1,13.8,40,0.0,0,0.0,31.3,62.0,10,284,PostMonsoon
40.4,27.9,34.3,1006.6,35,22,21.0,56,0.0,3,0.0,33.3,48.0,10,285,PostMonsoon
39.0,28.6,33.4,1006.9,41,28,25.9,82,0.0,3,0.0,34.3,35.0,10,286,PostMonsoon
31.6,27.9,29.3,1007.3,77,96,15.1,144,0.6,51,0.0,33.4,41.0,10,287,PostMonsoon
27.8,23.4,25.8,1005.0,72,99,31.0,72,0.6,51,0.6,29.3,77.0,10,288,PostMonsoon
30.1,22.1,25.5,1005.1,60,37,36.7,43,0.0,3,0.6,25.8,72.0,10,289,PostMonsoon
29.8,20.9,25.4,1008.6,73,1,23.0,255,0.0,0,0.0,25.5,60.0,10,290,PostMonsoon
32.9,23.6,27.0,1006.8,74,8,20.7,263,0.0,2,0.0,25.4,73.0,10,291,PostMonsoon
32.5,23.2,26.9,1004.8,74,14,15.5,178,0.0,2,0.0,27.0,74.0,10,292,PostMonsoon
32.6,22.1,26.6,1007.2,72,12,18.2,122,0.0,1,0.0,26.9,74.0,10,293,PostMonsoon
31.0,22.0,26.3,1009.8,73,0,18.6,204,0.0,0,0.0,26.6,72.0,10,294,PostMonsoon
30.1,23.5,26.5,1010.0,69,3,18.8,226,0.0,0,0.0,26.3,73.0,10,295,PostMonsoon
30.4,22.7,26.2,1010.8,72,7,18.6,261,0.0,1,0.0,26.5,69.0,10,296,PostMonsoon
31.2,23.8,26.9,1012.5,70,2,19.5,271,0.0,0,0.0,26.2,72.0,10,297,PostMonsoon
32.9,23.8,27.6,1012.5,67,1,18.0,268,0.0,0,0.0,26.9,70.0,10,298,PostMonsoon
33.5,22.6,27.4,1011.8,65,0,19.2,237,0.0,0,0.0,27.6,67.0,10,299,PostMonsoon
32.2,22.4,26.9,1012.1,71,0,19.6,193,0.0,0,0.0,27.4,65.0,10,300,PostMonsoon
31.5,21.1,25.9,1014.3,74,11,17.1,250,0.0,3,0.0,26.9,71.0,10,301,PostMonsoon
31.3,22.0,26.1,1012.7,72,0,19.4,268,0.0,0,0.0,25.9,74.0,10,302,PostMonsoon
31.6,20.7,26.3,1011.7,76,5,18.7,170,0.0,1,0.0,26.1,72.0,10,303,PostMonsoon
34.4,21.6,28.1,1013.5,47,0,22.7,58,0.0,0,0.0,26.3,76.0,10,304,PostMonsoon
33.8,22.1,27.8,1012.7,36,0,18.2,62,0.0,0,0.0,28.1,47.0,11,305,PostMonsoon
34.4,21.3,27.7,1013.0,37,0,15.3,37,0.0,0,0.0,27.8,36.0,11,306,PostMonsoon
34.8,22.2,28.0,1013.1,34,0,20.0,35,0.0,0,0.0,27.7,37.0,11,307,PostMonsoon
33.8,21.3,27.3,1012.6,43,0,17.1,344,0.0,0,0.0,28.0,34.0,11,308,PostMonsoon
32.0,21.0,26.3,1011.9,68,0,16.4,275,0.0,0,0.0,27.3,43.0,11,309,PostMonsoon
32.1,19.4,25.8,1012.4,66,5,13.9,159,0.0,1,0.0,26.3,68.0,11,310,PostMonsoon
31.3,19.5,25.6,1012.9,65,5,13.6,266,0.0,1,0.0,25.8,66.0,11,311,PostMonsoon
30.8,18.5,24.7,1012.7,72,5,10.7,306,0.0,1,0.0,25.6,65.0,11,312,PostMonsoon
31.7,19.3,25.6,1014.3,55,0,14.3,81,0.0,0,0.0,24.7,72.0,11,313,PostMonsoon
32.6,20.4,26.2,1014.7,42,0,16.4,61,0.0,0,0.0,25.6,55.0,11,314,PostMonsoon
31.8,19.1,25.4,1014.6,48,0,12.7,28,0.0,0,0.0,26.2,42.0,11,315,PostMonsoon
31.5,18.2,25.1,1015.0,57,0,13.3,339,0.0,0,0.0,25.4,48.0,11,316,PostMonsoon
30.2,18.2,24.5,1012.2,63,0,17.1,269,0.0,0,0.0,25.1,57.0,11,317,PostMonsoon
29.2,18.8,24.4,1010.7,68,0,12.8,289,0.0,0,0.0,24.5,63.0,11,318,PostMonsoon
31.7,21.2,26.0,1013.0,44,0,24.1,40,0.0,0,0.0,24.4,68.0,11,319,PostMonsoon
30.9,20.7,25.7,1013.1,37,0,18.7,44,0.0,0,0.0,26.0,44.0,11,320,PostMonsoon
29.1,18.0,23.7,1011.3,61,0,17.9,285,0.0,0,0.0,25.7,37.0,11,321,PostMonsoon
28.5,18.8,23.7,1010.8,76,0,15.6,272,0.0,0,0.0,23.7,61.0,11,322,PostMonsoon
29.0,19.1,24.0,1012.6,76,4,15.5,298,0.0,1,0.0,23.7,76.0,11,323,PostMonsoon
31.1,18.6,24.8,1014.8,56,2,11.5,7,0.0,1,0.0,24.0,76.0,11,324,PostMonsoon
29.7,17.7,23.8,1014.4,63,0,15.8,258,0.0,0,0.0,24.8,56.0,11,325,PostMonsoon
29.0,17.4,23.3,1013.2,70,2,16.6,247,0.0,1,0.0,23.8,63.0,11,326,PostMonsoon
28.5,17.1,23.2,1014.1,69,2,13.4,293,0.0,1,0.0,23.3,70.0,11,327,PostMonsoon
28.4,17.6,23.0,1015.3,68,0,14.8,303,0.0,0,0.0,23.2,69.0,11,328,PostMonsoon
28.1,17.0,22.6,1015.4,72,2,12.4,292,0.0,1,0.0,23.0,68.0,11,329,PostMonsoon
27.7,17.5,22.6,1015.4,75,1,13.9,283,0.0,0,0.0,22.6,72.0,11,330,PostMonsoon
27.1,18.2,22.4,1015.2,77,2,12.9,284,0.0,1,0.0,22.6,75.0,11,331,PostMonsoon
28.8,17.3,23.2,1014.9,67,2,11.6,338,0.0,1,0.0,22.4,77.0,11,332,PostMonsoon
29.8,18.3,24.0,1014.8,52,0,13.9,23,0.0,0,0.0,23.2,67.0,11,333,PostMonsoon
29.8,17.2,23.5,1017.1,49,0,10.9,39,0.0,0,0.0,24.0,52.0,11,334,PostMonsoon
29.2,16.5,22.9,1017.3,50,0,13.0,357,0.0,0,0.0,23.5,49.0,12,335,Winter
28.2,16.2,22.3,1016.3,56,0,11.3,354,0.0,0,0.0,22.9,50.0,12,336,Winter
28.7,15.9,22.3,1017.4,58,0,11.2,356,0.0,0,0.0,22.3,56.0,12,337,Winter
29.2,15.8,22.6,1018.5,52,0,10.5,26,0.0,0,0.0,22.3,58.0,12,338,Winter
28.7,15.5,22.2,1017.0,57,0,14.4,324,0.0,0,0.0,22.6,52.0,12,339,Winter
27.8,16.6,22.2,1016.8,68,52,10.0,305,0.0,3,0.0,22.2,57.0,12,340,Winter
30.1,16.6,23.1,1017.1,46,59,15.5,52,0.0,3,0.0,22.2,68.0,12,341,Winter
29.7,17.7,23.6,1016.4,40,63,14.2,7,0.0,3,0.0,23.1,46.0,12,342,Winter
29.8,16.5,22.7,1016.1,48,51,10.8,353,0.0,3,0.0,23.6,40.0,12,343,Winter
27.9,15.2,21.3,1016.4,59,3,12.5,298,0.0,1,0.0,22.7,48.0,12,344,Winter
27.6,14.5,21.1,1016.8,58,2,11.6,29,0.0,1,0.0,21.3,59.0,12,345,Winter
28.7,15.2,21.6,1016.9,41,1,16.2,64,0.0,0,0.0,21.1,58.0,12,346,Winter
29.1,16.9,22.4,1017.4,36,0,20.2,58,0.0,0,0.0,21.6,41.0,12,347,Winter
28.8,18.4,22.8,1017.7,37,22,30.1,49,0.0,2,0.0,22.4,36.0,12,348,Winter
27.0,18.8,22.1,1016.4,40,95,28.8,55,0.0,3,0.0,22.8,37.0,12,349,Winter
27.5,17.8,21.8,1015.6,43,99,23.5,65,0.0,3,0.0,22.1,40.0,12,350,Winter
27.0,16.0,21.1,1016.5,51,54,14.7,51,0.0,3,0.0,21.8,43.0,12,351,Winter
26.0,14.3,20.2,1015.6,75,1,13.3,308,0.0,0,0.0,21.1,51.0,12,352,Winter
26.4,17.4,21.8,1014.6,81,11,19.1,283,0.0,1,0.0,20.2,75.0,12,353,Winter
26.9,20.9,23.4,1013.0,82,41,13.6,279,0.0,2,0.0,21.8,81.0,12,354,Winter
26.5,20.3,23.1,1012.6,77,25,10.3,118,0.0,3,0.0,23.4,82.0,12,355,Winter
27.0,18.5,22.5,1014.6,64,3,12.1,69,0.0,0,0.0,23.1,77.0,12,356,Winter
26.1,17.5,21.7,1014.8,81,3,14.0,296,0.0,0,0.0,22.5,64.0,12,357,Winter
27.1,19.0,22.5,1017.9,62,4,22.9,55,0.0,0,0.0,21.7,81.0,12,358,Winter
27.3,17.5,22.0,1019.4,49,0,21.7,54,0.0,0,0.0,22.5,62.0,12,359,Winter
26.7,15.2,21.1,1018.0,60,0,11.0,357,0.0,0,0.0,22.0,49.0,12,360,Winter
27.0,15.9,21.4,1017.6,76,0,13.5,306,0.0,0,0.0,21.1,60.0,12,361,Winter
26.7,17.5,21.8,1017.7,83,20,15.9,271,0.0,3,0.0,21.4,76.0,12,362,Winter
26.4,18.3,22.2,1017.3,82,27,13.3,256,0.0,3,0.0,21.8,83.0,12,363,Winter
29.8,17.0,23.2,1015.5,65,6,14.8,50,0.0,2,0.0,22.2,82.0,12,364,Winter
27.9,17.0,22.3,1015.4,52,0,12.5,62,0.0,0,0.0,23.2,65.0,12,365,Winter
28.2,17.4,22.4,1017.2,46,22,17.9,66,0.0,3,0.0,22.3,52.0,1,1,Winter
26.2,17.4,21.6,1016.1,49,88,15.0,31,0.0,3,0.0,22.4,46.0,1,2,Winter
25.1,16.6,20.7,1013.3,74,17,9.8,284,0.0,2,0.0,21.6,49.0,1,3,Winter
24.3,16.4,20.3,1012.1,63,20,14.0,41,0.0,2,0.0,20.7,74.0,1,4,Winter
21.3,16.2,18.8,1011.8,64,19,15.0,353,0.0,2,0.0,20.3,63.0,1,5,Winter
21.2,12.7,17.0,1011.6,58,1,17.7,295,0.0,0,0.0,18.8,64.0,1,6,Winter
22.2,11.2,17.1,1012.7,37,0,16.1,346,0.0,0,0.0,17.0,58.0,1,7,Winter
22.9,12.3,17.4,1016.1,49,0,14.4,83,0.0,0,0.0,17.1,37.0,1,8,Winter
23.6,12.7,18.3,1016.0,60,1,11.4,72,0.0,0,0.0,17.4,49.0,1,9,Winter
24.3,14.1,19.1,1017.3,56,33,13.9,89,0.0,3,0.0,18.3,60.0,1,10,Winter
24.4,14.5,19.8,1015.4,74,34,22.9,279,0.0,3,0.0,19.1,56.0,1,11,Winter
25.6,15.8,20.9,1015.4,54,0,17.5,27,0.0,0,0.0,19.8,74.0,1,12,Winter
24.6,15.1,19.5,1018.2,45,41,23.7,59,0.0,3,0.0,20.9,54.0,1,13,Winter
25.0,14.6,19.5,1018.8,46,18,19.1,55,0.0,3,0.0,19.5,45.0,1,14,Winter
26.0,15.2,20.1,1018.8,44,1,23.7,54,0.0,0,0.0,19.5,46.0,1,15,Winter
26.2,15.0,20.4,1018.5,46,20,13.2,33,0.0,3,0.0,20.1,44.0,1,16,Winter
26.7,15.7,20.7,1016.9,46,44,11.4,65,0.0,3,0.0,20.4,46.0,1,17,Winter
26.9,14.6,20.7,1015.0,46,30,12.7,65,0.0,3,0.0,20.7,46.0,1,18,Winter
26.8,16.0,21.1,1013.6,49,43,13.6,93,0.0,3,0.0,20.7,46.0,1,19,Winter
23.8,16.2,19.7,1014.0,82,54,18.6,295,4.9,61,0.0,21.1,49.0,1,20,Winter
23.4,16.0,19.8,1015.5,77,33,16.5,64,0.0,3,4.9,19.7,82.0,1,21,Winter
22.2,15.6,19.0,1014.6,72,20,20.0,173,0.2,51,0.0,19.8,77.0,1,22,Winter
22.6,16.8,19.8,1012.2,56,9,19.5,278,0.0,1,0.2,19.0,72.0,1,23,Winter
21.6,12.2,17.3,1015.7,60,0,11.9,327,0.0,0,0.0,19.8,56.0,1,24,Winter
23.7,13.5,18.3,1019.5,52,0,21.4,60,0.0,0,0.0,17.3,60.0,1,25,Winter
23.2,13.8,18.5,1016.8,53,10,15.7,26,0.0,2,0.0,18.3,52.0,1,26,Winter
24.4,17.8,20.5,1012.2,55,24,26.7,298,0.2,51,0.0,18.5,53.0,1,27,Winter
21.3,12.5,17.2,1014.7,39,0,25.1,328,0.0,0,0.2,20.5,55.0,1,28,Winter
22.7,10.8,17.3,1016.1,62,0,14.4,192,0.0,0,0.0,17.2,39.0,1,29,Winter
25.5,14.2,19.8,1013.1,60,11,18.8,301,0.0,2,0.0,17.3,62.0,1,30,Winter
25.7,13.1,19.8,1011.9,51,0,13.0,336,0.0,0,0.0,19.8,60.0,1,31,Winter
24.6,15.0,19.7,1014.0,47,0,16.7,72,0.0,0,0.0,19.8,51.0,2,32,Winter
23.9,15.4,19.4,1017.7,42,3,25.4,56,0.0,1,0.0,19.7,47.0,2,33,Winter
23.0,14.5,18.4,1020.9,36,0,28.7,52,0.0,0,0.0,19.4,42.0,2,34,Winter
22.4,13.4,17.6,1020.3,31,9,29.5,57,0.0,2,0.0,18.4,36.0,2,35,Winter
23.7,12.7,18.0,1019.2,34,28,21.4,64,0.0,3,0.0,17.6,31.0,2,36,Winter
25.3,14.7,19.5,1018.3,31,9,26.3,65,0.0,2,0.0,18.0,34.0,2,37,Winter
25.5,15.6,20.3,1017.0,35,36,13.0,27,0.0,2,0.0,19.5,31.0,2,38,Winter
26.2,16.0,20.6,1017.2,41,0,23.7,54,0.0,0,0.0,20.3,35.0,2,39,Winter
25.9,16.4,20.8,1017.4,42,36,27.1,51,0.0,3,0.0,20.6,41.0,2,40,Winter
26.5,15.0,20.8,1015.3,48,46,15.8,7,0.0,3,0.0,20.8,42.0,2,41,Winter
27.6,16.0,22.0,1016.1,54,65,12.8,7,0.0,3,0.0,20.8,48.0,2,42,Winter
29.1,18.3,23.4,1019.1,45,43,22.7,49,0.0,3,0.0,22.0,54.0,2,43,Winter
29.8,18.8,24.2,1017.9,43,41,25.7,61,0.0,3,0.0,23.4,45.0,2,44,Winter
30.6,18.9,24.9,1014.7,41,54,21.3,53,0.0,3,0.0,24.2,43.0,2,45,Winter
26.1,20.7,23.4,1013.9,51,37,30.4,77,0.0,3,0.0,24.9,41.0,2,46,Winter
24.4,17.9,21.0,1015.4,72,52,20.8,93,0.0,3,0.0,23.4,51.0,2,47,Winter
25.5,17.5,21.1,1017.4,73,15,18.0,327,0.0,1,0.0,21.0,72.0,2,48,Winter
26.7,16.3,21.6,1017.2,71,0,19.1,285,0.0,0,0.0,21.1,73.0,2,49,Winter
27.9,16.5,22.2,1016.4,67,39,18.5,285,0.0,3,0.0,21.6,71.0,2,50,Winter
28.3,17.5,23.2,1016.0,54,47,21.0,46,0.0,3,0.0,22.2,67.0,2,51,Winter
29.4,18.4,23.8,1016.1,46,20,21.3,51,0.0,3,0.0,23.2,54.0,2,52,Winter
28.3,16.4,22.7,1016.3,58,32,17.3,284,0.0,3,0.0,23.8,46.0,2,53,Winter
27.7,20.8,23.7,1014.3,75,72,27.0,269,0.0,3,0.0,22.7,58.0,2,54,Winter
29.0,20.6,24.4,1013.4,78,41,17.9,257,0.0,3,0.0,23.7,75.0,2,55,Winter
30.2,19.9,24.6,1013.9,69,15,20.4,186,0.0,3,0.0,24.4,78.0,2,56,Winter
29.5,19.5,24.6,1014.2,57,2,16.1,46,0.0,0,0.0,24.6,69.0,2,57,Winter
30.6,20.7,25.6,1014.7,52,7,21.3,37,0.0,1,0.0,24.6,57.0,2,58,Winter
31.1,20.1,25.7,1014.6,58,1,20.6,268,0.0,0,0.0,25.6,52.0,2,59,Winter
31.6,19.6,25.4,1014.1,65,6,20.5,278,0.0,1,0.0,25.7,58.0,3,60,HotDry
31.0,18.8,24.9,1012.3,66,80,15.3,282,0.0,3,0.0,25.4,65.0,3,61,HotDry
32.6,18.9,25.6,1010.8,56,60,18.9,301,0.0,3,0.0,24.9,66.0,3,62,HotDry
29.9,21.1,25.3,1009.3,61,32,22.6,276,0.0,3,0.0,25.6,56.0,3,63,HotDry
28.7,21.6,24.7,1008.5,60,49,24.2,269,0.0,3,0.0,25.3,61.0,3,64,HotDry
27.2,20.4,24.0,1008.0,59,89,24.4,38,0.8,53,0.0,24.7,60.0,3,65,HotDry
25.0,20.7,22.4,1007.5,72,20,25.1,260,8.5,63,0.8,24.0,59.0,3,66,HotDry
23.5,17.5,20.8,1008.4,53,0,24.7,294,0.0,0,8.5,22.4,72.0,3,67,HotDry
25.3,15.1,20.7,1008.3,53,44,17.8,298,0.0,3,0.0,20.8,53.0,3,68,HotDry
27.4,15.0,21.7,1008.7,61,3,19.9,290,0.0,1,0.0,20.7,53.0,3,69,HotDry
28.6,16.6,22.9,1009.4,58,0,21.3,289,0.0,0,0.0,21.7,61.0,3,70,HotDry
30.5,17.0,23.7,1009.8,55,0,20.3,295,0.0,0,0.0,22.9,58.0,3,71,HotDry
31.1,15.9,24.1,1011.0,47,0,14.3,9,0.0,0,0.0,23.7,55.0,3,72,HotDry
32.0,16.6,24.8,1010.9,39,0,19.8,325,0.0,0,0.0,24.1,47.0,3,73,HotDry
30.4,17.5,24.1,1009.7,45,0,23.1,286,0.0,0,0.0,24.8,39.0,3,74,HotDry
27.7,20.1,23.5,1006.7,69,0,32.7,268,0.0,0,0.0,24.1,45.0,3,75,HotDry
30.5,20.6,25.1,1006.9,56,0,26.3,270,0.0,0,0.0,23.5,69.0,3,76,HotDry
29.3,19.4,24.0,1009.0,66,0,24.1,260,0.0,0,0.0,25.1,56.0,3,77,HotDry
29.9,19.5,24.3,1010.3,65,0,24.9,265,0.0,0,0.0,24.0,66.0,3,78,HotDry
30.4,20.0,24.7,1012.0,32,0,26.0,334,0.0,0,0.0,24.3,65.0,3,79,HotDry
29.2,14.5,22.3,1012.7,41,0,17.7,63,0.0,0,0.0,24.7,32.0,3,80,HotDry
28.5,17.2,22.8,1011.1,64,0,24.3,274,0.0,0,0.0,22.3,41.0,3,81,HotDry
28.2,20.0,23.8,1009.5,74,0,27.6,264,0.0,0,0.0,22.8,64.0,3,82,HotDry
30.4,21.9,25.6,1007.8,66,0,31.3,255,0.0,0,0.0,23.8,74.0,3,83,HotDry
30.5,23.4,26.4,1008.1,60,0,27.8,267,0.0,0,0.0,25.6,66.0,3,84,HotDry
36.0,19.7,27.9,1009.5,52,0,17.2,287,0.0,0,0.0,26.4,60.0,3,85,HotDry
35.8,21.1,28.2,1009.9,52,0,20.8,270,0.0,0,0.0,27.9,52.0,3,86,HotDry
34.1,21.1,27.1,1009.2,58,10,22.5,275,0.0,3,0.0,28.2,52.0,3,87,HotDry
33.9,21.6,27.0,1010.0,56,65,25.3,270,0.0,3,0.0,27.1,58.0,3,88,HotDry
33.0,21.3,26.7,1009.3,59,17,26.5,270,0.0,1,0.0,27.0,56.0,3,89,HotDry
31.8,21.8,26.3,1007.9,68,16,27.2,261,0.0,2,0.0,26.7,59.0,3,90,HotDry
36.5,21.5,28.4,1006.3,51,0,28.7,274,0.0,0,0.0,26.3,68.0,4,91,HotDry
36.1,22.8,28.9,1007.5,35,0,23.7,287,0.0,0,0.0,28.4,51.0,4,92,HotDry
32.5,22.6,27.1,1010.0,64,10,18.9,244,0.0,1,0.0,28.9,35.0,4,93,HotDry
36.5,21.4,28.3,1010.7,56,0,21.5,277,0.0,0,0.0,27.1,64.0,4,94,HotDry
35.9,21.8,28.6,1009.4,57,0,23.8,274,0.0,0,0.0,28.3,56.0,4,95,HotDry
34.1,24.0,28.2,1008.2,65,2,27.2,263,0.0,1,0.0,28.6,57.0,4,96,HotDry
33.6,23.9,28.0,1005.5,71,0,26.0,261,0.0,0,0.0,28.2,65.0,4,97,HotDry
35.3,24.6,29.0,1005.5,65,0,24.4,265,0.0,0,0.0,28.0,71.0,4,98,HotDry
34.6,23.5,28.3,1006.9,70,0,26.4,258,0.0,0,0.0,29.0,65.0,4,99,HotDry
33.7,24.3,28.1,1006.6,74,3,30.9,259,0.0,1,0.0,28.3,70.0,4,100,HotDry
31.5,25.7,27.9,1005.7,60,0,36.0,251,0.0,0,0.0,28.1,74.0,4,101,HotDry
34.1,23.6,28.4,1007.6,35,0,24.3,282,0.0,0,0.0,27.9,60.0,4,102,HotDry
35.3,22.3,28.8,1008.1,42,5,23.1,289,0.0,1,0.0,28.4,35.0,4,103,HotDry
33.3,23.2,27.6,1009.0,53,0,28.8,272,0.0,0,0.0,28.8,42.0,4,104,HotDry
32.5,22.2,26.7,1010.0,66,0,22.8,269,0.0,0,0.0,27.6,53.0,4,105,HotDry
32.0,22.4,26.5,1009.6,75,8,25.7,260,0.0,2,0.0,26.7,66.0,4,106,HotDry
32.6,23.8,27.5,1007.9,65,0,31.0,263,0.0,0,0.0,26.5,75.0,4,107,HotDry
31.9,23.2,27.0,1006.5,71,0,22.4,252,0.0,0,0.0,27.5,65.0,4,108,HotDry
31.1,22.6,26.3,1006.5,80,26,22.8,247,0.0,3,0.0,27.0,71.0,4,109,HotDry
30.4,23.7,26.5,1006.6,76,21,24.2,246,0.0,2,0.0,26.3,80.0,4,110,HotDry
31.9,23.9,27.3,1008.3,66,2,28.6,257,0.0,0,0.0,26.5,76.0,4,111,HotDry
32.0,23.3,27.0,1008.9,70,5,27.8,266,0.0,1,0.0,27.3,66.0,4,112,HotDry
31.9,23.7,27.1,1006.2,76,4,26.1,267,0.0,1,0.0,27.0,70.0,4,113,HotDry
37.5,24.5,29.6,1003.4,64,5,24.4,269,0.0,1,0.0,27.1,76.0,4,114,HotDry
39.7,24.1,31.4,1003.3,43,0,28.2,283,0.0,0,0.0,29.6,64.0,4,115,HotDry
40.0,25.8,32.0,1002.3,37,0,27.9,286,0.0,0,0.0,31.4,43.0,4,116,HotDry
37.3,22.3,29.8,1002.7,58,15,22.1,250,0.0,2,0.0,32.0,37.0,4,117,HotDry
36.0,25.0,29.4,1004.5,70,26,24.5,238,0.0,2,0.0,29.8,58.0,4,118,HotDry
35.3,25.6,29.6,1004.5,71,8,28.0,261,0.0,1,0.0,29.4,70.0,4,119,HotDry
35.7,26.2,30.4,1003.9,63,1,31.0,266,0.0,0,0.0,29.6,71.0,4,120,HotDry
35.8,27.4,30.6,1003.4,63,0,26.9,265,0.0,0,0.0,30.4,63.0,5,121,HotDry
34.7,26.5,29.8,1003.3,69,1,27.9,255,0.0,0,0.0,30.6,63.0,5,122,HotDry
33.3,25.8,29.1,1002.9,75,1,24.1,238,0.0,0,0.0,29.8,69.0,5,123,HotDry
32.1,25.2,28.4,1003.8,79,36,23.4,221,0.0,3,0.0,29.1,75.0,5,124,HotDry
31.4,26.3,28.5,1005.1,74,29,21.7,226,0.0,2,0.0,28.4,79.0,5,125,HotDry
32.0,26.4,28.5,1004.9,70,22,24.2,249,0.0,2,0.0,28.5,74.0,5,126,HotDry
32.5,25.9,28.7,1003.2,74,15,30.8,257,0.0,1,0.0,28.5,70.0,5,127,HotDry
32.4,26.0,28.7,1003.3,77,1,35.4,256,0.0,0,0.0,28.7,74.0,5,128,HotDry
32.3,26.1,28.7,1004.4,77,8,36.8,252,0.0,1,0.0,28.7,77.0,5,129,HotDry
34.3,26.5,29.5,1001.8,73,1,30.7,254,0.0,0,0.0,28.7,77.0,5,130,HotDry
32.7,26.3,29.0,1001.3,78,3,27.7,228,0.0,1,0.0,29.5,73.0,5,131,HotDry
31.8,26.4,28.7,1003.4,79,46,26.8,227,0.0,2,0.0,29.0,78.0,5,132,HotDry
32.7,27.0,29.1,1002.8,77,31,23.0,246,0.0,3,0.0,28.7,79.0,5,133,HotDry
33.5,26.0,29.0,1000.6,79,17,24.7,230,0.0,2,0.0,29.1,77.0,5,134,HotDry
32.0,26.4,28.9,1001.5,75,34,22.1,229,0.0,2,0.0,29.0,79.0,5,135,HotDry
32.8,26.7,29.3,1003.3,70,23,22.3,248,0.0,1,0.0,28.9,75.0,5,136,HotDry
32.1,26.5,28.9,1003.9,72,18,26.9,255,0.0,2,0.0,29.3,70.0,5,137,HotDry
32.8,26.6,29.1,1004.0,70,30,28.1,253,0.0,2,0.0,28.9,72.0,5,138,HotDry
34.8,25.3,30.2,1002.3,69,79,22.7,197,0.0,3,0.0,29.1,70.0,5,139,HotDry
34.5,29.2,30.9,998.8,60,98,32.2,25,1.7,53,0.0,30.2,69.0,5,140,HotDry
33.6,27.9,29.9,998.4,77,94,28.9,286,4.8,61,1.7,30.9,60.0,5,141,HotDry
32.4,27.3,29.2,1000.8,80,50,23.7,248,0.0,3,4.8,29.9,77.0,5,142,HotDry
32.1,26.9,29.1,1000.8,76,27,28.6,253,0.0,2,0.0,29.2,80.0,5,143,HotDry
36.9,26.4,30.6,999.1,62,5,27.5,252,0.0,1,0.0,29.1,76.0,5,144,HotDry
39.9,27.0,32.2,997.1,40,0,26.7,262,0.0,0,0.0,30.6,62.0,5,145,HotDry
37.6,24.9,30.7,999.0,58,0,19.5,198,0.0,0,0.0,32.2,40.0,5,146,HotDry
33.8,25.2,29.1,1003.5,72,4,23.4,223,0.0,1,0.0,30.7,58.0,5,147,HotDry
32.7,26.0,28.9,1003.1,78,20,27.2,234,0.0,1,0.0,29.1,72.0,5,148,HotDry
33.1,26.4,29.2,999.0,77,15,32.8,234,0.0,1,0.0,28.9,78.0,5,149,HotDry
33.2,26.7,29.4,998.5,76,24,32.7,232,0.0,2,0.0,29.2,77.0,5,150,HotDry
32.3,26.4,28.9,1000.5,78,30,32.8,228,0.0,2,0.0,29.4,76.0,5,151,HotDry
32.1,26.3,28.8,1003.9,77,29,26.4,226,0.0,3,0.0,28.9,78.0,6,152,Monsoon
31.2,26.5,28.6,1003.2,76,31,37.4,247,0.0,2,0.0,28.8,77.0,6,153,Monsoon
32.1,26.7,29.0,1001.3,78,38,33.1,242,0.0,2,0.0,28.6,76.0,6,154,Monsoon
31.9,27.0,29.2,1002.2,77,60,29.7,239,0.0,3,0.0,29.0,78.0,6,155,Monsoon
32.5,27.4,29.6,1003.7,75,58,25.4,241,0.0,3,0.0,29.2,77.0,6,156,Monsoon
32.3,27.6,29.7,1003.8,73,53,28.5,246,0.0,3,0.0,29.6,75.0,6,157,Monsoon
32.6,28.0,29.9,1002.3,73,40,33.9,252,0.0,2,0.0,29.7,73.0,6,158,Monsoon
32.9,28.1,30.2,1001.6,72,40,34.4,256,0.0,2,0.0,29.9,73.0,6,159,Monsoon
33.4,28.5,30.4,999.5,76,37,30.4,249,0.0,3,0.0,30.2,72.0,6,160,Monsoon
37.1,27.6,31.6,997.4,70,10,23.4,216,0.0,1,0.0,30.4,76.0,6,161,Monsoon
38.9,26.4,32.0,996.5,67,0,19.4,145,0.0,0,0.0,31.6,70.0,6,162,Monsoon
36.2,26.3,30.5,996.1,73,8,20.2,150,0.0,1,0.0,32.0,67.0,6,163,Monsoon
32.4,26.5,29.0,999.2,78,62,22.9,190,0.0,3,0.0,30.5,73.0,6,164,Monsoon
32.6,26.8,29.4,1002.4,71,40,21.2,224,0.0,2,0.0,29.0,78.0,6,165,Monsoon
32.6,27.5,29.7,1002.6,67,32,27.1,246,0.0,2,0.0,29.4,71.0,6,166,Monsoon
32.7,28.1,30.1,1000.4,66,73,30.5,250,0.0,3,0.0,29.7,67.0,6,167,Monsoon
32.6,28.0,30.2,999.4,64,71,28.1,245,0.0,3,0.0,30.1,66.0,6,168,Monsoon
33.0,28.3,30.3,999.9,66,78,21.8,245,0.1,51,0.0,30.2,64.0,6,169,Monsoon
33.7,28.5,30.6,998.9,72,91,26.0,255,0.0,3,0.1,30.3,66.0,6,170,Monsoon
32.8,28.2,30.1,998.1,74,90,31.2,252,0.0,3,0.0,30.6,72.0,6,171,Monsoon
32.8,27.9,30.0,997.3,76,72,26.8,252,0.0,3,0.0,30.1,74.0,6,172,Monsoon
32.7,27.8,29.9,997.3,75,66,30.4,250,0.0,3,0.0,30.0,76.0,6,173,Monsoon
32.1,27.8,29.7,997.9,76,73,32.4,245,0.0,3,0.0,29.9,75.0,6,174,Monsoon
32.0,27.7,29.6,998.6,76,55,33.3,240,0.0,3,0.0,29.7,76.0,6,175,Monsoon
32.2,27.6,29.6,999.2,76,34,37.2,248,0.0,2,0.0,29.6,76.0,6,176,Monsoon
32.6,27.8,29.8,998.5,74,30,35.7,256,0.0,2,0.0,29.6,76.0,6,177,Monsoon
32.5,27.9,29.8,999.4,73,33,38.0,257,0.0,3,0.0,29.8,74.0,6,178,Monsoon
32.2,28.0,29.6,1000.3,72,52,42.9,256,0.0,3,0.0,29.8,73.0,6,179,Monsoon
31.6,27.9,29.4,1000.3,74,75,39.0,250,0.0,3,0.0,29.6,72.0,6,180,Monsoon
31.4,27.7,29.3,1000.8,74,69,35.6,245,0.0,3,0.0,29.4,74.0,6,181,Monsoon
31.4,27.6,29.2,998.7,77,72,34.8,238,0.2,51,0.0,29.3,74.0,7,182,Monsoon
31.2,27.4,29.0,995.2,80,74,36.4,236,0.0,3,0.2,29.2,77.0,7,183,Monsoon
31.5,27.3,29.1,994.8,79,62,31.3,227,0.0,3,0.0,29.0,80.0,7,184,Monsoon
31.7,27.2,29.2,998.5,77,45,20.0,196,0.0,2,0.0,29.1,79.0,7,185,Monsoon
33.2,27.1,29.7,1000.8,75,24,21.9,200,0.0,2,0.0,29.2,77.0,7,186,Monsoon
32.8,27.4,29.6,1001.3,73,13,20.7,213,0.0,1,0.0,29.7,75.0,7,187,Monsoon
32.4,26.9,29.3,1002.5,73,39,21.4,233,0.0,3,0.0,29.6,73.0,7,188,Monsoon
32.6,27.3,29.6,1002.7,69,46,23.4,245,0.0,3,0.0,29.3,73.0,7,189,Monsoon
32.7,27.9,29.9,1001.8,72,73,31.1,255,0.0,3,0.0,29.6,69.0,7,190,Monsoon
30.9,27.8,29.1,999.5,77,74,43.2,257,0.7,51,0.0,29.9,72.0,7,191,Monsoon
30.8,27.5,28.9,997.2,76,67,46.9,253,0.4,51,0.7,29.1,77.0,7,192,Monsoon
30.9,27.6,28.9,997.0,80,61,40.6,249,1.6,51,0.4,28.9,76.0,7,193,Monsoon
30.8,27.4,28.8,1000.4,82,52,30.2,249,0.9,51,1.6,28.9,80.0,7,194,Monsoon
31.0,27.3,28.8,1000.7,79,56,34.4,258,0.0,3,0.9,28.8,82.0,7,195,Monsoon
31.4,27.1,28.8,998.6,80,75,35.3,260,0.0,3,0.0,28.8,79.0,7,196,Monsoon
31.7,27.3,29.2,996.4,77,74,27.8,250,0.0,3,0.0,28.8,80.0,7,197,Monsoon
31.4,27.3,29.1,996.2,79,78,19.6,231,0.0,3,0.0,29.2,77.0,7,198,Monsoon
31.9,27.6,29.4,997.0,78,95,23.8,233,0.0,3,0.0,29.1,79.0,7,199,Monsoon
30.8,27.5,28.9,995.5,79,96,33.8,244,0.2,51,0.0,29.4,78.0,7,200,Monsoon
31.3,27.0,28.8,995.6,78,90,29.5,242,0.0,3,0.2,28.9,79.0,7,201,Monsoon
31.2,27.0,28.8,997.5,77,75,26.0,242,0.2,51,0.0,28.8,78.0,7,202,Monsoon
30.8,27.2,28.7,998.4,77,67,27.9,248,0.2,51,0.2,28.8,77.0,7,203,Monsoon
30.8,26.9,28.5,999.1,78,71,27.6,252,0.0,3,0.2,28.7,77.0,7,204,Monsoon
31.1,26.9,28.7,998.5,75,79,31.1,249,0.0,3,0.0,28.5,78.0,7,205,Monsoon
31.1,26.5,28.5,997.2,74,83,29.0,246,0.0,3,0.0,28.7,75.0,7,206,Monsoon
31.5,27.2,29.0,997.5,74,70,25.7,236,0.0,3,0.0,28.5,74.0,7,207,Monsoon
32.0,27.3,29.2,997.9,74,54,28.1,246,0.0,3,0.0,29.0,74.0,7,208,Monsoon
31.7,27.3,29.2,996.9,79,95,32.6,254,0.0,3,0.0,29.2,74.0,7,209,Monsoon
34.2,27.3,30.0,994.7,78,92,25.8,251,0.0,3,0.0,29.2,79.0,7,210,Monsoon
33.0,27.2,29.6,995.9,81,74,25.5,239,0.0,3,0.0,30.0,78.0,7,211,Monsoon
31.9,27.6,29.4,998.7,76,72,27.7,251,0.0,3,0.0,29.6,81.0,7,212,Monsoon
32.0,27.4,29.2,1000.1,74,98,26.9,258,0.0,3,0.0,29.4,76.0,8,213,Monsoon
31.3,27.0,28.8,999.6,73,97,22.9,248,0.0,3,0.0,29.2,74.0,8,214,Monsoon
30.3,27.1,28.4,998.9,74,92,21.7,242,0.0,3,0.0,28.8,73.0,8,215,Monsoon
30.3,27.0,28.4,999.2,76,83,18.1,225,0.0,3,0.0,28.4,74.0,8,216,Monsoon
31.4,26.9,28.7,999.0,75,64,25.1,242,0.0,3,0.0,28.4,76.0,8,217,Monsoon
30.9,27.0,28.6,996.9,74,75,25.8,241,0.0,3,0.0,28.7,75.0,8,218,Monsoon
31.4,26.7,28.6,996.3,77,85,24.7,236,0.0,3,0.0,28.6,74.0,8,219,Monsoon
31.3,26.4,28.4,996.5,79,62,24.0,242,0.0,3,0.0,28.6,77.0,8,220,Monsoon
31.6,26.3,28.4,996.4,79,93,21.6,227,0.0,3,0.0,28.4,79.0,8,221,Monsoon
31.5,26.2,28.4,999.9,78,96,21.0,225,0.0,3,0.0,28.4,79.0,8,222,Monsoon
31.0,26.2,28.3,1000.9,76,78,26.5,243,0.0,3,0.0,28.4,78.0,8,223,Monsoon
30.4,26.4,28.1,998.5,77,81,30.6,247,0.0,3,0.0,28.3,76.0,8,224,Monsoon
30.8,26.2,28.1,997.0,78,67,33.5,243,0.0,3,0.0,28.1,77.0,8,225,Monsoon
30.6,26.2,28.1,999.8,78,66,28.1,237,0.0,3,0.0,28.1,78.0,8,226,Monsoon
30.9,26.3,28.2,1003.6,77,57,24.9,237,0.1,51,0.0,28.1,78.0,8,227,Monsoon
30.6,26.2,28.0,1004.3,76,53,26.3,244,0.0,3,0.1,28.2,77.0,8,228,Monsoon
30.7,26.1,28.0,1004.2,75,55,21.9,245,0.0,3,0.0,28.0,76.0,8,229,Monsoon
30.6,26.2,28.0,1004.9,73,64,24.5,246,0.0,3,0.0,28.0,75.0,8,230,Monsoon
30.6,26.1,27.9,1005.4,73,85,22.2,238,0.0,3,0.0,28.0,73.0,8,231,Monsoon
30.4,26.1,27.9,1004.6,72,84,21.9,237,0.0,3,0.0,27.9,73.0,8,232,Monsoon
29.5,26.1,27.6,1002.4,73,74,24.6,242,0.0,3,0.0,27.9,72.0,8,233,Monsoon
29.7,25.7,27.6,1003.1,73,58,23.5,242,0.0,3,0.0,27.6,73.0,8,234,Monsoon
30.1,25.7,27.8,1005.1,73,46,24.3,249,0.0,3,0.0,27.6,73.0,8,235,Monsoon
29.9,25.9,27.6,1004.4,73,67,28.5,251,0.0,3,0.0,27.8,73.0,8,236,Monsoon
29.4,25.8,27.4,1001.6,73,75,32.0,253,0.0,3,0.0,27.6,73.0,8,237,Monsoon
29.8,25.8,27.5,1000.9,74,63,27.3,237,0.0,3,0.0,27.4,73.0,8,238,Monsoon
31.4,25.5,28.0,1004.2,74,45,26.8,239,0.0,3,0.0,27.5,74.0,8,239,Monsoon
30.4,25.8,27.8,1004.7,75,30,25.6,255,0.0,1,0.0,28.0,74.0,8,240,Monsoon
30.4,25.4,27.7,1004.6,72,39,24.5,254,0.0,2,0.0,27.8,75.0,8,241,Monsoon
30.7,25.8,27.9,1005.1,72,39,26.1,252,0.0,2,0.0,27.7,72.0,8,242,Monsoon
30.6,25.9,27.8,1004.6,74,42,27.4,253,0.0,2,0.0,27.9,72.0,8,243,Monsoon
30.5,25.8,27.8,1003.3,73,50,26.0,244,0.0,2,0.0,27.8,74.0,9,244,Monsoon
29.9,25.8,27.6,1003.7,76,66,23.9,237,0.0,3,0.0,27.8,73.0,9,245,Monsoon
29.7,25.7,27.4,1004.2,77,64,24.3,247,0.0,3,0.0,27.6,76.0,9,246,Monsoon
29.6,25.5,27.3,1003.8,79,47,22.0,249,0.0,2,0.0,27.4,77.0,9,247,Monsoon
30.6,25.3,27.5,1003.5,76,37,21.2,245,0.0,2,0.0,27.3,79.0,9,248,Monsoon
30.4,25.7,27.7,1003.3,73,31,21.4,238,0.0,2,0.0,27.5,76.0,9,249,Monsoon
30.6,25.5,27.7,1004.6,72,27,20.4,245,0.0,1,0.0,27.7,73.0,9,250,Monsoon
30.5,25.9,27.8,1005.1,73,29,25.4,256,0.0,2,0.0,27.7,72.0,9,251,Monsoon
30.4,25.5,27.6,1003.6,75,50,22.9,253,0.0,3,0.0,27.8,73.0,9,252,Monsoon
30.9,25.3,27.6,1003.1,75,30,20.5,247,0.0,2,0.0,27.6,75.0,9,253,Monsoon
31.2,25.2,27.7,1004.0,75,17,24.2,257,0.0,2,0.0,27.6,75.0,9,254,Monsoon
31.0,25.2,27.5,1003.5,77,20,27.1,260,0.0,2,0.0,27.7,75.0,9,255,Monsoon
29.9,24.5,26.9,1004.2,77,28,28.6,258,0.0,1,0.0,27.5,77.0,9,256,Monsoon
29.6,24.8,26.9,1004.1,77,39,29.7,259,0.0,2,0.0,26.9,77.0,9,257,Monsoon
29.4,24.5,26.7,1003.8,77,42,33.2,259,0.0,2,0.0,26.9,77.0,9,258,Monsoon
29.2,25.1,26.8,1003.3,75,48,31.6,256,0.0,3,0.0,26.7,77.0,9,259,Monsoon
29.0,25.3,26.9,1003.1,75,44,26.0,250,0.0,3,0.0,26.8,75.0,9,260,Monsoon
30.1,25.1,27.2,1003.3,77,39,23.2,239,0.0,3,0.0,26.9,75.0,9,261,Monsoon
30.7,25.0,27.6,1006.2,77,28,17.6,234,0.0,2,0.0,27.2,77.0,9,262,Monsoon
31.0,25.2,27.6,1008.4,77,12,17.8,243,0.0,1,0.0,27.6,77.0,9,263,Monsoon
31.0,25.4,27.7,1007.8,73,22,21.9,248,0.0,2,0.0,27.6,77.0,9,264,Monsoon
31.4,26.1,28.2,1007.1,70,22,26.3,253,0.0,2,0.0,27.7,73.0,9,265,Monsoon
31.1,25.9,28.1,1007.5,71,19,23.7,247,0.0,1,0.0,28.2,70.0,9,266,Monsoon
30.9,25.2,27.7,1009.0,74,16,23.7,257,0.0,1,0.0,28.1,71.0,9,267,Monsoon
30.7,25.6,27.6,1008.5,74,22,30.2,263,0.0,2,0.0,27.7,74.0,9,268,Monsoon
30.7,25.9,27.8,1006.9,72,17,32.8,259,0.0,2,0.0,27.6,74.0,9,269,Monsoon
30.8,25.8,27.8,1007.8,74,18,25.8,261,0.0,1,0.0,27.8,72.0,9,270,Monsoon
31.7,25.8,28.0,1008.3,72,45,21.1,272,0.0,3,0.0,27.8,74.0,9,271,Monsoon
34.0,25.6,29.1,1006.3,73,30,20.2,280,0.0,3,0.0,28.0,72.0,9,272,Monsoon
39.0,28.2,32.3,1006.0,57,31,24.5,49,2.1,61,0.0,29.1,73.0,9,273,Monsoon
32.8,27.7,30.1,1007.7,70,39,16.2,70,4.3,61,2.1,32.3,57.0,10,274,PostMonsoon
31.9,26.8,28.9,1007.8,80,43,11.0,227,11.1,63,4.3,30.1,70.0,10,275,PostMonsoon
31.4,26.5,28.6,1007.3,82,12,10.0,259,2.4,55,11.1,28.9,80.0,10,276,PostMonsoon
33.2,26.1,29.4,1008.1,75,4,9.5,308,0.0,0,2.4,28.6,82.0,10,277,PostMonsoon
34.0,25.8,29.7,1008.6,74,2,11.5,306,0.0,0,0.0,29.4,75.0,10,278,PostMonsoon
34.8,25.8,29.8,1008.3,67,0,15.2,296,0.0,0,0.0,29.7,74.0,10,279,PostMonsoon
34.4,23.9,28.6,1006.8,73,10,13.6,285,0.0,2,0.0,29.8,67.0,10,280,PostMonsoon
37.4,22.3,29.8,1005.5,51,3,14.8,314,0.0,1,0.0,28.6,73.0,10,281,PostMonsoon
33.5,23.6,28.4,1007.9,78,39,20.7,191,0.0,3,0.0,29.8,51.0,10,282,PostMonsoon
35.4,25.3,29.9,1009.2,67,51,18.2,291,0.0,3,0.0,28.4,78.0,10,283,PostMonsoon
33.4,26.3,29.2,1009.5,74,29,20.7,230,0.0,2,0.0,29.9,67.0,10,284,PostMonsoon
32.1,25.8,28.8,1009.1,77,28,20.0,259,0.0,2,0.0,29.2,74.0,10,285,PostMonsoon
33.6,25.7,29.1,1010.2,67,13,20.2,275,0.0,1,0.0,28.8,77.0,10,286,PostMonsoon
35.8,24.6,30.3,1011.1,59,8,10.6,307,0.0,1,0.0,29.1,67.0,10,287,PostMonsoon
36.7,26.4,31.4,1010.4,53,3,17.0,302,0.0,1,0.0,30.3,59.0,10,288,PostMonsoon
36.2,25.4,30.3,1010.4,58,0,22.3,277,0.0,0,0.0,31.4,53.0,10,289,PostMonsoon
33.4,25.8,29.0,1007.5,68,0,25.3,271,0.0,0,0.0,30.3,58.0,10,290,PostMonsoon
34.2,25.8,29.2,1004.3,71,4,18.5,254,0.0,1,0.0,29.0,68.0,10,291,PostMonsoon
36.5,23.3,29.2,1006.3,66,1,20.9,167,0.0,1,0.0,29.2,71.0,10,292,PostMonsoon
32.8,24.1,27.8,1008.6,78,3,22.7,236,0.0,1,0.0,29.2,66.0,10,293,PostMonsoon
31.0,24.8,27.1,1010.2,78,33,20.3,262,0.0,3,0.0,27.8,78.0,10,294,PostMonsoon
31.3,24.8,27.2,1012.4,75,27,17.7,263,0.0,2,0.0,27.1,78.0,10,295,PostMonsoon
32.7,24.1,27.2,1013.9,72,25,14.5,280,0.0,3,0.0,27.2,75.0,10,296,PostMonsoon
34.5,22.0,27.7,1012.5,61,3,17.0,296,0.0,1,0.0,27.2,72.0,10,297,PostMonsoon
34.6,22.6,28.3,1010.9,55,0,18.4,299,0.0,0,0.0,27.7,61.0,10,298,PostMonsoon
35.6,22.0,28.9,1010.8,49,0,14.9,326,0.0,0,0.0,28.3,55.0,10,299,PostMonsoon
35.5,21.1,28.7,1010.9,47,0,18.4,306,0.0,0,0.0,28.9,49.0,10,300,PostMonsoon
33.8,24.4,28.5,1009.8,58,3,20.4,269,0.0,1,0.0,28.7,47.0,10,301,PostMonsoon
31.8,22.0,26.9,1009.1,80,2,18.2,248,0.0,0,0.0,28.5,58.0,10,302,PostMonsoon
31.6,23.6,27.0,1008.0,80,38,21.4,241,0.0,3,0.0,26.9,80.0,10,303,PostMonsoon
31.7,23.4,27.1,1007.2,78,18,15.9,228,0.0,2,0.0,27.0,80.0,10,304,PostMonsoon
30.7,23.0,26.5,1010.0,80,32,16.7,169,0.0,3,0.0,27.1,78.0,11,305,PostMonsoon
30.9,22.3,26.1,1012.8,76,23,15.0,243,0.0,3,0.0,26.5,80.0,11,306,PostMonsoon
30.2,21.4,25.6,1011.8,77,15,20.1,274,0.0,3,0.0,26.1,76.0,11,307,PostMonsoon
30.3,24.2,26.8,1009.0,75,21,21.6,247,0.0,2,0.0,25.6,77.0,11,308,PostMonsoon
30.5,25.2,27.3,1010.0,75,16,19.1,244,0.0,1,0.0,26.8,75.0,11,309,PostMonsoon
31.1,24.1,27.0,1012.2,73,8,16.5,240,0.0,2,0.0,27.3,75.0,11,310,PostMonsoon
32.2,21.5,26.9,1013.2,66,0,14.2,311,0.0,0,0.0,27.0,73.0,11,311,PostMonsoon
31.6,20.7,26.1,1013.3,65,0,11.4,304,0.0,0,0.0,26.9,66.0,11,312,PostMonsoon
30.6,19.1,25.0,1013.3,65,0,17.4,254,0.0,0,0.0,26.1,65.0,11,313,PostMonsoon
29.1,22.5,25.5,1012.4,77,2,19.8,266,0.0,0,0.0,25.0,65.0,11,314,PostMonsoon
29.1,21.5,25.0,1014.3,81,26,17.0,262,0.0,3,0.0,25.5,77.0,11,315,PostMonsoon
28.5,21.5,24.6,1015.0,79,38,17.8,278,0.0,3,0.0,25.0,81.0,11,316,PostMonsoon
29.3,21.0,24.8,1015.9,76,7,19.5,272,0.0,1,0.0,24.6,79.0,11,317,PostMonsoon
29.7,22.3,25.7,1016.9,78,14,17.0,273,0.0,2,0.0,24.8,76.0,11,318,PostMonsoon
30.1,21.4,25.5,1016.3,79,23,15.8,272,0.0,3,0.0,25.7,78.0,11,319,PostMonsoon
30.4,21.3,25.6,1016.5,76,14,16.0,269,0.0,2,0.0,25.5,79.0,11,320,PostMonsoon
30.3,20.9,25.1,1017.2,78,10,17.5,272,0.0,1,0.0,25.6,76.0,11,321,PostMonsoon
30.0,20.1,24.6,1017.0,78,33,15.5,285,0.0,3,0.0,25.1,78.0,11,322,PostMonsoon
30.1,20.0,24.9,1015.2,73,51,17.3,278,0.0,3,0.0,24.6,78.0,11,323,PostMonsoon
30.4,20.4,24.9,1014.8,74,50,14.0,280,0.0,3,0.0,24.9,73.0,11,324,PostMonsoon
30.8,19.0,25.0,1014.5,64,20,13.1,306,0.0,2,0.0,24.9,74.0,11,325,PostMonsoon
31.1,20.2,25.8,1014.5,52,2,12.3,350,0.0,0,0.0,25.0,64.0,11,326,PostMonsoon
30.2,21.0,25.2,1015.4,39,62,25.4,62,0.0,3,0.0,25.8,52.0,11,327,PostMonsoon
30.1,21.2,25.3,1014.8,41,21,21.4,44,0.0,3,0.0,25.2,39.0,11,328,PostMonsoon
29.5,17.3,23.7,1013.9,55,2,13.0,330,0.0,0,0.0,25.3,41.0,11,329,PostMonsoon
30.6,18.8,24.6,1014.0,53,0,12.5,22,0.0,0,0.0,23.7,55.0,11,330,PostMonsoon
30.7,18.9,24.7,1015.5,46,0,12.5,18,0.0,0,0.0,24.6,53.0,11,331,PostMonsoon
30.4,16.8,23.9,1015.4,51,34,13.5,335,0.0,3,0.0,24.7,46.0,11,332,PostMonsoon
29.6,16.3,23.4,1014.7,51,24,13.1,323,0.0,3,0.0,23.9,51.0,11,333,PostMonsoon
28.8,17.2,22.9,1014.1,59,12,12.5,302,0.0,1,0.0,23.4,51.0,11,334,PostMonsoon
29.4,17.0,23.2,1015.9,52,36,11.7,19,0.0,3,0.0,22.9,59.0,12,335,Winter
30.3,18.5,24.1,1017.8,38,18,17.6,51,0.0,3,0.0,23.2,52.0,12,336,Winter
28.7,16.8,23.0,1016.6,46,26,12.7,351,0.0,2,0.0,24.1,38.0,12,337,Winter
28.3,16.5,22.6,1016.5,61,7,12.6,323,0.0,2,0.0,23.0,46.0,12,338,Winter
28.2,16.1,22.4,1016.1,58,0,11.3,338,0.0,0,0.0,22.6,61.0,12,339,Winter
28.0,16.2,22.2,1014.4,55,0,20.7,313,0.0,0,0.0,22.4,58.0,12,340,Winter
27.1,18.3,22.2,1015.9,33,0,28.3,34,0.0,0,0.0,22.2,55.0,12,341,Winter
27.3,16.4,21.5,1018.8,37,0,16.6,47,0.0,0,0.0,22.2,33.0,12,342,Winter
26.6,15.7,20.9,1018.7,35,0,17.0,54,0.0,0,0.0,21.5,37.0,12,343,Winter
26.6,15.1,20.5,1018.8,39,0,23.8,60,0.0,0,0.0,20.9,35.0,12,344,Winter
26.0,15.6,20.7,1019.2,40,0,15.3,44,0.0,0,0.0,20.5,39.0,12,345,Winter
25.9,13.4,20.0,1017.4,56,0,10.7,358,0.0,0,0.0,20.7,40.0,12,346,Winter
27.5,14.5,20.9,1016.4,42,0,14.1,30,0.0,0,0.0,20.0,56.0,12,347,Winter
26.9,13.7,20.3,1014.9,55,0,10.9,329,0.0,0,0.0,20.9,42.0,12,348,Winter
27.5,14.2,20.8,1015.2,47,0,10.9,34,0.0,0,0.0,20.3,55.0,12,349,Winter
26.7,13.4,20.2,1015.5,57,0,12.0,324,0.0,0,0.0,20.8,47.0,12,350,Winter
25.9,14.5,20.2,1015.9,65,1,12.4,318,0.0,0,0.0,20.2,57.0,12,351,Winter
26.5,13.4,20.2,1015.7,56,0,10.0,2,0.0,0,0.0,20.2,65.0,12,352,Winter
27.0,14.0,20.6,1015.6,47,0,13.0,35,0.0,0,0.0,20.2,56.0,12,353,Winter
27.3,16.8,21.6,1017.3,35,33,24.8,49,0.0,3,0.0,20.6,47.0,12,354,Winter
26.1,17.8,21.3,1017.9,32,98,26.6,54,0.0,3,0.0,21.6,35.0,12,355,Winter
25.8,17.1,20.8,1018.2,31,97,22.2,54,0.0,3,0.0,21.3,32.0,12,356,Winter
26.6,17.7,21.2,1018.4,30,87,22.3,55,0.0,3,0.0,20.8,31.0,12,357,Winter
27.2,15.4,20.9,1018.8,29,26,18.3,51,0.0,3,0.0,21.2,30.0,12,358,Winter
27.2,14.3,20.5,1017.6,36,10,14.8,1,0.0,1,0.0,20.9,29.0,12,359,Winter
25.7,13.1,19.4,1014.8,63,0,12.2,354,0.0,0,0.0,20.5,36.0,12,360,Winter
25.9,15.9,19.8,1017.5,37,0,32.0,54,0.0,0,0.0,19.4,63.0,12,361,Winter
25.5,14.4,19.5,1018.9,36,0,20.6,42,0.0,0,0.0,19.8,37.0,12,362,Winter
24.9,11.2,18.2,1017.2,57,45,10.2,11,0.0,3,0.0,19.5,36.0,12,363,Winter
25.6,12.9,19.1,1014.7,45,38,11.5,30,0.0,3,0.0,18.2,57.0,12,364,Winter
25.2,12.1,18.8,1013.5,55,1,12.6,49,0.0,0,0.0,19.1,45.0,12,365,Winter
26.2,15.6,20.3,1015.4,33,0,28.2,50,0.0,0,0.0,18.8,55.0,1,1,Winter
26.6,15.7,20.5,1015.7,37,1,25.8,48,0.0,0,0.0,20.3,33.0,1,2,Winter
25.7,15.1,20.2,1015.3,38,0,20.6,41,0.0,0,0.0,20.5,37.0,1,3,Winter
24.7,13.0,19.0,1014.7,46,0,13.0,5,0.0,0,0.0,20.2,38.0,1,4,Winter
25.9,13.1,19.3,1016.3,43,0,15.2,43,0.0,0,0.0,19.0,46.0,1,5,Winter
25.6,13.4,19.3,1016.6,43,3,13.4,18,0.0,1,0.0,19.3,43.0,1,6,Winter
24.6,14.5,19.6,1014.1,73,11,19.0,277,0.0,2,0.0,19.3,43.0,1,7,Winter
25.2,17.2,20.9,1012.9,77,36,17.3,271,0.0,3,0.0,19.6,73.0,1,8,Winter
25.6,16.2,21.2,1012.1,81,68,14.6,263,0.0,3,0.0,20.9,77.0,1,9,Winter
24.9,17.4,20.8,1011.3,84,51,11.2,213,0.0,3,0.0,21.2,81.0,1,10,Winter
24.4,17.3,20.7,1010.9,72,40,17.2,146,0.6,51,0.0,20.8,84.0,1,11,Winter
22.8,17.4,19.9,1011.3,69,37,17.6,328,2.2,53,0.6,20.7,72.0,1,12,Winter
22.2,12.7,17.5,1014.8,39,0,18.1,337,0.0,0,2.2,19.9,69.0,1,13,Winter
20.9,11.5,16.3,1014.0,33,0,19.8,331,0.0,0,0.0,17.5,39.0,1,14,Winter
21.1,9.6,15.5,1016.7,39,0,13.0,36,0.0,0,0.0,16.3,33.0,1,15,Winter
21.5,11.1,16.0,1019.1,31,0,29.5,59,0.0,0,0.0,15.5,39.0,1,16,Winter
21.5,12.1,16.5,1019.4,30,14,38.3,59,0.0,2,0.0,16.0,31.0,1,17,Winter
24.5,13.3,18.1,1019.0,30,5,30.4,57,0.0,1,0.0,16.5,30.0,1,18,Winter
24.4,11.2,18.0,1017.6,46,0,15.1,336,0.0,0,0.0,18.1,30.0,1,19,Winter
24.9,16.9,20.5,1011.9,76,1,29.2,268,0.0,0,0.0,18.0,46.0,1,20,Winter
25.3,20.1,22.2,1010.4,79,18,32.8,263,0.0,2,0.0,20.5,76.0,1,21,Winter
27.2,16.7,22.1,1012.3,69,0,20.2,283,0.0,0,0.0,22.2,79.0,1,22,Winter
25.8,16.6,20.6,1015.2,63,0,16.7,114,0.0,0,0.0,22.1,69.0,1,23,Winter
24.3,15.0,19.6,1015.5,86,36,18.2,247,0.0,3,0.0,20.6,63.0,1,24,Winter
26.0,19.6,22.1,1015.1,82,35,14.6,252,0.0,3,0.0,19.6,86.0,1,25,Winter
25.5,17.5,21.1,1017.3,58,17,24.9,61,0.0,2,0.0,22.1,82.0,1,26,Winter
25.1,15.8,20.1,1019.8,42,0,27.1,59,0.0,0,0.0,21.1,58.0,1,27,Winter
24.9,14.3,19.3,1020.3,42,0,21.8,68,0.0,0,0.0,20.1,42.0,1,28,Winter
26.1,13.5,19.6,1019.2,42,0,13.8,31,0.0,0,0.0,19.3,42.0,1,29,Winter
24.9,14.3,19.6,1016.7,64,0,23.9,277,0.0,0,0.0,19.6,42.0,1,30,Winter
27.3,18.9,22.3,1012.3,58,12,24.4,282,0.0,1,0.0,19.6,64.0,1,31,Winter
25.4,15.2,20.2,1010.5,30,26,22.7,304,0.0,2,0.0,22.3,58.0,2,32,Winter
24.9,15.4,19.8,1010.4,66,35,22.9,257,0.0,3,0.0,20.2,30.0,2,33,Winter
24.2,15.0,19.6,1014.7,61,45,27.8,50,0.0,3,0.0,19.8,66.0,2,34,Winter
24.4,18.5,21.0,1012.9,63,23,21.2,276,0.0,2,0.0,19.6,61.0,2,35,Winter
22.0,12.3,17.8,1012.9,61,2,18.9,257,0.0,1,0.0,21.0,63.0,2,36,Winter
25.5,13.6,20.2,1012.3,54,6,14.9,60,0.0,2,0.0,17.8,61.0,2,37,Winter
25.1,15.9,20.3,1014.1,45,45,21.8,87,0.0,3,0.0,20.2,54.0,2,38,Winter
24.0,13.9,19.3,1013.2,69,7,17.8,235,0.0,1,0.0,20.3,45.0,2,39,Winter
24.2,18.3,21.0,1012.8,77,47,18.0,250,0.5,51,0.0,19.3,69.0,2,40,Winter
25.5,18.2,21.5,1011.6,51,4,26.6,298,0.0,1,0.5,21.0,77.0,2,41,Winter
23.3,13.3,18.4,1013.7,26,20,25.4,321,0.0,2,0.0,21.5,51.0,2,42,Winter
24.6,13.0,19.1,1014.7,25,2,20.0,19,0.0,1,0.0,18.4,26.0,2,43,Winter
24.4,14.4,19.2,1017.0,24,0,27.4,51,0.0,0,0.0,19.1,25.0,2,44,Winter
24.8,13.3,19.0,1018.3,27,1,21.1,61,0.0,0,0.0,19.2,24.0,2,45,Winter
25.2,12.6,19.1,1016.6,32,0,19.1,352,0.0,0,0.0,19.0,27.0,2,46,Winter
29.5,16.1,22.3,1014.4,50,0,15.9,307,0.0,0,0.0,19.1,32.0,2,47,Winter
28.2,15.6,21.7,1012.5,58,0,22.4,278,0.0,0,0.0,22.3,50.0,2,48,Winter
26.2,16.6,21.4,1010.5,76,4,18.1,259,0.0,1,0.0,21.7,58.0,2,49,Winter
28.2,15.0,21.5,1010.1,54,3,15.9,40,0.0,2,0.0,21.4,76.0,2,50,Winter
28.2,15.4,21.8,1010.7,43,0,18.5,7,0.0,0,0.0,21.5,54.0,2,51,Winter
26.7,15.7,21.3,1013.6,35,0,23.4,67,0.0,0,0.0,21.8,43.0,2,52,Winter
26.9,15.8,21.3,1015.7,30,0,24.5,51,0.0,0,0.0,21.3,35.0,2,53,Winter
28.6,16.2,22.3,1015.6,26,0,24.6,49,0.0,0,0.0,21.3,30.0,2,54,Winter
29.2,17.6,23.2,1016.2,26,0,24.3,50,0.0,0,0.0,22.3,26.0,2,55,Winter
28.1,15.7,21.8,1014.3,48,0,19.4,277,0.0,0,0.0,23.2,26.0,2,56,Winter
29.5,16.2,22.6,1010.9,62,0,20.6,271,0.0,0,0.0,21.8,48.0,2,57,Winter
27.8,18.9,23.1,1010.4,75,1,20.3,249,0.0,0,0.0,22.6,62.0,2,58,Winter
29.0,18.1,22.9,1013.5,80,30,18.3,241,0.0,3,0.0,23.1,75.0,2,59,Winter
28.3,19.3,23.3,1012.6,78,27,25.3,268,0.0,3,0.0,22.9,80.0,2,60,Winter
30.7,21.3,25.0,1009.2,66,0,24.1,267,0.0,0,0.0,23.3,78.0,3,61,HotDry
31.7,17.8,24.6,1009.3,62,0,24.2,242,0.0,0,0.0,25.0,66.0,3,62,HotDry
28.3,21.3,24.3,1008.6,67,1,35.3,255,0.0,0,0.0,24.6,62.0,3,63,HotDry
29.2,20.2,24.1,1009.2,43,0,30.6,292,0.0,0,0.0,24.3,67.0,3,64,HotDry
28.0,15.9,22.2,1011.2,28,0,16.9,323,0.0,0,0.0,24.1,43.0,3,65,HotDry
25.5,15.7,21.1,1010.4,61,0,24.4,279,0.0,0,0.0,22.2,28.0,3,66,HotDry
29.1,19.0,23.7,1011.9,53,1,15.9,301,0.0,0,0.0,21.1,61.0,3,67,HotDry
28.7,15.0,22.6,1015.0,43,0,19.7,309,0.0,0,0.0,23.7,53.0,3,68,HotDry
28.1,17.8,22.6,1012.3,59,0,27.9,270,0.0,0,0.0,22.6,43.0,3,69,HotDry
27.1,20.4,23.4,1009.1,71,1,30.8,260,0.0,0,0.0,22.6,59.0,3,70,HotDry
29.6,20.6,24.4,1007.5,68,1,25.3,263,0.0,1,0.0,23.4,71.0,3,71,HotDry
27.4,20.2,23.3,1006.0,70,1,22.2,262,0.0,0,0.0,24.4,68.0,3,72,HotDry
30.5,17.4,23.5,1006.8,60,9,21.0,273,0.0,3,0.0,23.3,70.0,3,73,HotDry
29.7,17.8,22.9,1010.6,63,0,20.5,275,0.0,0,0.0,23.5,60.0,3,74,HotDry
28.4,16.5,22.5,1012.1,65,0,19.8,277,0.0,0,0.0,22.9,63.0,3,75,HotDry
26.9,19.7,23.0,1010.1,75,7,29.9,265,0.0,1,0.0,22.5,65.0,3,76,HotDry
33.5,19.3,26.0,1008.0,52,5,23.5,285,0.0,2,0.0,23.0,75.0,3,77,HotDry
33.9,18.9,26.4,1010.1,34,0,20.3,303,0.0,0,0.0,26.0,52.0,3,78,HotDry
31.6,18.2,24.6,1011.5,58,0,19.3,264,0.0,0,0.0,26.4,34.0,3,79,HotDry
29.0,19.2,23.9,1009.6,76,7,24.6,251,0.0,1,0.0,24.6,58.0,3,80,HotDry
31.0,19.6,25.1,1008.5,64,19,18.2,235,0.0,3,0.0,23.9,76.0,3,81,HotDry
32.4,18.9,25.9,1010.6,53,0,18.0,305,0.0,0,0.0,25.1,64.0,3,82,HotDry
32.0,18.0,25.0,1013.2,45,13,21.2,172,0.0,2,0.0,25.9,53.0,3,83,HotDry
32.2,17.9,25.2,1014.3,58,5,18.2,272,0.0,1,0.0,25.0,45.0,3,84,HotDry
34.6,19.8,27.4,1013.5,35,0,19.7,310,0.0,0,0.0,25.2,58.0,3,85,HotDry
35.4,20.2,27.9,1012.5,34,6,20.7,291,0.0,1,0.0,27.4,35.0,3,86,HotDry
36.2,20.4,28.0,1011.3,41,14,19.7,289,0.0,2,0.0,27.9,34.0,3,87,HotDry
34.5,20.5,27.2,1010.8,51,47,19.1,285,0.0,3,0.0,28.0,41.0,3,88,HotDry
31.5,20.7,25.7,1010.8,61,83,20.1,280,0.0,3,0.0,27.2,51.0,3,89,HotDry
32.5,22.0,26.3,1010.2,71,74,22.3,276,0.0,3,0.0,25.7,61.0,3,90,HotDry
33.2,22.9,27.3,1009.5,54,11,25.4,275,0.0,1,0.0,26.3,71.0,3,91,HotDry
33.6,20.6,26.5,1009.4,63,5,21.1,269,0.0,1,0.0,27.3,54.0,4,92,HotDry
36.0,20.9,28.7,1008.1,47,2,25.2,296,0.0,0,0.0,26.5,63.0,4,93,HotDry
38.3,23.1,30.0,1006.6,39,6,23.6,293,0.0,1,0.0,28.7,47.0,4,94,HotDry
38.4,20.3,29.7,1006.5,42,0,24.1,288,0.0,0,0.0,30.0,39.0,4,95,HotDry
38.5,19.6,29.9,1006.4,38,1,17.3,301,0.0,1,0.0,29.7,42.0,4,96,HotDry
35.0,24.1,29.0,1006.9,48,22,22.9,259,0.0,3,0.0,29.9,38.0,4,97,HotDry
31.9,22.2,26.8,1008.3,67,9,23.0,264,0.0,2,0.0,29.0,48.0,4,98,HotDry
33.5,22.7,27.4,1010.3,66,1,22.9,272,0.0,0,0.0,26.8,67.0,4,99,HotDry
34.6,22.8,28.3,1008.8,63,6,26.6,271,0.0,2,0.0,27.4,66.0,4,100,HotDry
33.1,24.2,28.2,1006.8,63,0,29.7,266,0.0,0,0.0,28.3,63.0,4,101,HotDry
32.9,24.1,27.9,1005.3,68,0,26.7,259,0.0,0,0.0,28.2,63.0,4,102,HotDry
33.1,23.3,27.9,1004.5,72,1,24.7,248,0.0,0,0.0,27.9,68.0,4,103,HotDry
32.1,22.2,27.2,1003.6,79,20,22.5,241,0.0,3,0.0,27.9,72.0,4,104,HotDry
36.9,24.4,29.2,1003.1,69,19,23.6,253,0.0,2,0.0,27.2,79.0,4,105,HotDry
38.4,24.2,30.1,1004.0,59,0,26.1,256,0.0,0,0.0,29.2,69.0,4,106,HotDry
35.1,24.9,29.0,1005.3,66,1,28.8,248,0.0,0,0.0,30.1,59.0,4,107,HotDry
34.0,25.1,28.9,1005.4,66,1,30.5,257,0.0,0,0.0,29.0,66.0,4,108,HotDry
32.3,24.8,28.1,1006.3,72,23,34.9,261,0.0,3,0.0,28.9,66.0,4,109,HotDry
32.2,24.6,27.8,1007.7,74,60,33.7,261,0.0,3,0.0,28.1,72.0,4,110,HotDry
30.9,24.5,27.3,1007.1,76,67,32.3,262,0.0,3,0.0,27.8,74.0,4,111,HotDry
31.3,25.7,28.1,1005.3,74,46,37.6,256,0.0,3,0.0,27.3,76.0,4,112,HotDry
31.4,25.9,28.2,1006.3,78,26,34.8,258,0.0,1,0.0,28.1,74.0,4,113,HotDry
31.5,25.8,28.2,1006.1,77,25,36.3,259,0.0,2,0.0,28.2,78.0,4,114,HotDry
31.7,25.9,28.3,1005.3,77,10,38.7,261,0.0,1,0.0,28.2,77.0,4,115,HotDry
32.2,25.7,28.4,1004.0,79,8,38.6,263,0.0,1,0.0,28.3,77.0,4,116,HotDry
33.0,26.1,29.0,1003.1,77,1,36.1,259,0.0,0,0.0,28.4,79.0,4,117,HotDry
33.3,26.0,29.1,1004.1,76,1,30.7,261,0.0,0,0.0,29.0,77.0,4,118,HotDry
33.0,25.9,28.8,1004.7,77,6,33.9,260,0.0,1,0.0,29.1,76.0,4,119,HotDry
33.8,25.7,28.9,1006.0,78,10,33.2,262,0.0,2,0.0,28.8,77.0,4,120,HotDry
32.8,25.8,28.6,1007.6,78,29,31.8,262,0.0,3,0.0,28.9,78.0,4,121,HotDry
32.3,25.4,28.3,1007.0,79,18,33.1,261,0.0,2,0.0,28.6,78.0,5,122,HotDry
32.8,26.0,28.8,1006.4,79,22,30.6,257,0.0,3,0.0,28.3,79.0,5,123,HotDry
32.6,25.8,28.7,1007.1,78,61,26.4,253,0.0,3,0.0,28.8,79.0,5,124,HotDry
32.7,26.4,29.0,1005.6,76,49,25.7,243,0.0,3,0.0,28.7,78.0,5,125,HotDry
34.6,26.5,29.9,1005.0,74,31,23.5,241,0.0,3,0.0,29.0,76.0,5,126,HotDry
35.4,26.4,30.5,1004.6,67,3,24.8,252,0.0,1,0.0,29.9,74.0,5,127,HotDry
34.2,25.3,29.6,1004.1,72,1,24.1,233,0.0,0,0.0,30.5,67.0,5,128,HotDry
33.3,25.9,29.1,1004.2,76,10,26.5,233,0.0,1,0.0,29.6,72.0,5,129,HotDry
32.8,26.7,29.4,1005.0,76,34,26.4,251,0.0,2,0.0,29.1,76.0,5,130,HotDry
33.0,27.0,29.6,1004.2,75,40,23.6,238,0.0,2,0.0,29.4,76.0,5,131,HotDry
32.6,27.4,29.7,1003.5,72,36,24.6,225,0.0,2,0.0,29.6,75.0,5,132,HotDry
33.0,27.4,29.8,1003.8,71,46,25.4,216,0.0,2,0.0,29.7,72.0,5,133,HotDry
32.9,27.4,29.9,1004.5,71,51,24.4,225,0.0,3,0.0,29.8,71.0,5,134,HotDry
33.4,27.7,29.9,1004.6,72,37,22.7,212,0.0,3,0.0,29.9,71.0,5,135,HotDry
33.2,27.0,29.6,1003.7,69,16,23.1,223,0.0,1,0.0,29.9,72.0,5,136,HotDry
32.9,26.5,29.5,1002.3,69,33,22.2,236,0.0,2,0.0,29.6,69.0,5,137,HotDry
32.2,27.8,29.6,1000.7,76,50,23.9,245,0.7,51,0.0,29.5,69.0,5,138,HotDry
33.1,27.5,29.8,999.2,74,19,29.7,249,0.0,1,0.7,29.6,76.0,5,139,HotDry
32.8,26.7,29.6,999.1,76,15,29.3,249,0.0,1,0.0,29.8,74.0,5,140,HotDry
32.9,27.3,29.8,1000.2,77,22,32.0,243,0.0,1,0.0,29.6,76.0,5,141,HotDry
33.0,27.7,30.0,1001.5,73,36,32.2,242,0.0,2,0.0,29.8,77.0,5,142,HotDry
32.8,27.6,30.0,1001.4,72,49,32.0,243,0.0,2,0.0,30.0,73.0,5,143,HotDry
32.6,28.1,30.1,1001.8,71,54,32.1,246,0.0,3,0.0,30.0,72.0,5,144,HotDry
32.6,28.0,30.0,1001.9,69,58,31.9,250,0.0,3,0.0,30.1,71.0,5,145,HotDry
32.7,28.2,30.0,1001.3,71,43,36.5,254,0.0,3,0.0,30.0,69.0,5,146,HotDry
32.9,28.1,30.1,999.2,73,35,38.8,253,0.0,2,0.0,30.0,71.0,5,147,HotDry
32.4,28.1,30.1,999.5,74,53,36.3,243,0.4,51,0.0,30.1,73.0,5,148,HotDry
32.8,27.9,30.2,1001.1,73,52,28.5,236,0.1,51,0.4,30.1,74.0,5,149,HotDry
33.0,28.1,30.2,1003.0,71,44,26.1,237,0.0,2,0.1,30.2,73.0,5,150,HotDry
33.1,27.8,30.1,1003.2,69,34,30.9,247,0.0,2,0.0,30.2,71.0,5,151,HotDry
33.1,28.0,30.2,1002.6,69,30,33.7,252,0.0,2,0.0,30.1,69.0,5,152,HotDry
32.8,28.0,30.1,1000.8,73,35,34.0,254,0.0,2,0.0,30.2,69.0,6,153,Monsoon
33.2,28.1,30.2,1000.5,73,45,32.8,251,0.0,3,0.0,30.1,73.0,6,154,Monsoon
32.9,28.0,30.1,1000.4,72,52,30.5,250,0.0,3,0.0,30.2,73.0,6,155,Monsoon
33.4,28.0,30.2,999.4,75,35,29.3,248,0.0,2,0.0,30.1,72.0,6,156,Monsoon
33.8,27.6,30.3,998.1,75,24,23.1,238,0.0,2,0.0,30.2,75.0,6,157,Monsoon
35.9,27.4,31.2,996.8,71,25,21.8,264,0.0,2,0.0,30.3,75.0,6,158,Monsoon
40.4,28.5,33.0,995.3,64,11,31.6,282,0.6,51,0.0,31.2,71.0,6,159,Monsoon
34.3,27.6,30.6,995.7,73,10,35.7,257,0.0,2,0.6,33.0,64.0,6,160,Monsoon
33.4,28.2,30.4,998.2,77,33,37.1,245,0.0,2,0.0,30.6,73.0,6,161,Monsoon
33.1,28.6,30.5,1000.1,76,51,35.1,247,0.0,2,0.0,30.4,77.0,6,162,Monsoon
33.1,28.3,30.4,1000.7,75,61,35.9,250,0.0,3,0.0,30.5,76.0,6,163,Monsoon
33.1,28.3,30.2,999.9,76,53,39.3,251,0.0,3,0.0,30.4,75.0,6,164,Monsoon
32.5,27.9,29.9,999.0,78,23,47.4,250,0.0,3,0.0,30.2,76.0,6,165,Monsoon
32.8,27.7,29.6,1000.5,78,28,48.4,254,0.0,3,0.0,29.9,78.0,6,166,Monsoon
32.2,27.4,29.3,1001.0,76,38,44.4,257,0.0,2,0.0,29.6,78.0,6,167,Monsoon
31.6,27.3,29.1,1000.7,77,50,42.3,253,0.0,2,0.0,29.3,76.0,6,168,Monsoon
32.6,26.8,29.2,1000.2,77,30,31.3,241,0.0,2,0.0,29.1,77.0,6,169,Monsoon
32.4,26.7,29.0,999.0,78,25,30.3,242,0.0,2,0.0,29.2,77.0,6,170,Monsoon
32.6,26.4,29.1,998.4,78,27,30.0,239,0.0,2,0.0,29.0,78.0,6,171,Monsoon
32.3,26.7,29.2,999.0,78,29,31.7,240,0.0,2,0.0,29.1,78.0,6,172,Monsoon
32.4,27.0,29.5,1000.8,72,48,31.0,248,0.0,2,0.0,29.2,78.0,6,173,Monsoon
32.4,27.4,29.8,999.7,70,49,36.7,248,0.0,2,0.0,29.5,72.0,6,174,Monsoon
32.5,27.7,29.9,1000.0,71,51,34.7,246,0.0,3,0.0,29.8,70.0,6,175,Monsoon
32.5,27.7,29.7,1000.7,71,46,37.5,251,0.0,2,0.0,29.9,71.0,6,176,Monsoon
31.4,27.5,29.2,1000.2,75,52,38.5,251,0.3,51,0.0,29.7,71.0,6,177,Monsoon
31.0,27.3,28.8,1000.6,77,48,36.2,245,0.4,51,0.3,29.2,75.0,6,178,Monsoon
31.1,27.0,28.7,1000.0,77,50,32.8,242,0.3,51,0.4,28.8,77.0,6,179,Monsoon
31.1,26.8,28.8,1000.8,78,40,24.1,236,0.0,2,0.3,28.7,77.0,6,180,Monsoon
31.9,26.7,29.0,1000.2,77,56,22.0,238,0.0,3,0.0,28.8,78.0,6,181,Monsoon
31.9,26.7,29.2,998.1,72,91,21.5,236,0.0,3,0.0,29.0,77.0,6,182,Monsoon
33.5,26.4,29.9,998.4,70,75,20.9,235,0.0,3,0.0,29.2,72.0,7,183,Monsoon
32.6,28.2,30.2,999.4,73,98,21.6,248,0.0,3,0.0,29.9,70.0,7,184,Monsoon
33.3,28.4,30.5,999.7,73,72,28.2,251,0.0,3,0.0,30.2,73.0,7,185,Monsoon
33.4,28.3,30.6,999.9,73,81,27.1,259,0.0,3,0.0,30.5,73.0,7,186,Monsoon
33.6,28.3,30.4,999.8,73,59,29.2,264,0.0,3,0.0,30.6,73.0,7,187,Monsoon
33.3,28.3,30.5,999.2,73,33,29.7,252,0.0,2,0.0,30.4,73.0,7,188,Monsoon
32.7,28.1,30.1,998.2,74,80,29.8,246,0.3,51,0.0,30.5,73.0,7,189,Monsoon
32.4,27.8,29.8,997.1,73,90,25.4,241,0.0,3,0.3,30.1,74.0,7,190,Monsoon
32.7,27.7,29.9,995.4,72,66,28.1,239,0.0,3,0.0,29.8,73.0,7,191,Monsoon
32.6,27.7,29.9,994.9,74,60,28.3,241,0.0,3,0.0,29.9,72.0,7,192,Monsoon
32.1,27.7,29.7,994.7,73,55,27.3,244,0.1,51,0.0,29.9,74.0,7,193,Monsoon
33.3,27.5,30.0,995.7,72,75,24.3,242,0.0,3,0.1,29.7,73.0,7,194,Monsoon
33.7,27.7,30.2,996.6,72,69,25.6,256,0.0,3,0.0,30.0,72.0,7,195,Monsoon
32.0,27.7,29.6,997.1,74,93,31.0,256,0.0,3,0.0,30.2,72.0,7,196,Monsoon
31.8,27.3,29.2,997.4,73,79,30.3,256,0.0,3,0.0,29.6,74.0,7,197,Monsoon
31.7,27.0,29.1,996.5,74,81,31.1,248,0.0,3,0.0,29.2,73.0,7,198,Monsoon
31.6,27.1,28.9,996.3,77,87,30.1,246,0.0,3,0.0,29.1,74.0,7,199,Monsoon
31.4,26.5,28.5,996.6,77,58,28.4,243,0.0,3,0.0,28.9,77.0,7,200,Monsoon
30.8,26.5,28.1,997.2,77,70,30.1,247,0.2,51,0.0,28.5,77.0,7,201,Monsoon
30.6,26.1,27.8,997.9,78,99,31.6,251,0.1,51,0.2,28.1,77.0,7,202,Monsoon
30.8,25.5,27.5,998.9,80,84,35.1,252,0.0,3,0.1,27.8,78.0,7,203,Monsoon
29.6,25.6,27.3,1001.9,79,86,32.3,248,0.5,51,0.0,27.5,80.0,7,204,Monsoon
29.7,25.5,27.4,1002.5,76,65,35.5,252,0.0,3,0.5,27.3,79.0,7,205,Monsoon
30.2,25.6,27.6,1001.4,76,73,32.3,249,0.0,3,0.0,27.4,76.0,7,206,Monsoon
30.8,25.6,28.0,1002.1,77,47,30.5,242,0.0,3,0.0,27.6,76.0,7,207,Monsoon
31.0,25.8,28.2,1002.0,76,39,28.2,242,0.0,2,0.0,28.0,77.0,7,208,Monsoon
31.5,25.6,28.3,1000.8,78,76,27.1,243,0.0,3,0.0,28.2,76.0,7,209,Monsoon
31.9,26.1,28.7,1000.0,77,69,23.0,236,0.0,3,0.0,28.3,78.0,7,210,Monsoon
31.8,26.8,29.2,1001.1,73,83,20.3,229,0.0,3,0.0,28.7,77.0,7,211,Monsoon
32.0,27.0,29.3,1002.2,72,75,25.5,236,0.0,3,0.0,29.2,73.0,7,212,Monsoon
32.0,27.1,29.2,1000.7,71,55,33.3,244,0.0,3,0.0,29.3,72.0,7,213,Monsoon
30.9,27.3,28.8,999.3,73,86,38.0,242,0.0,3,0.0,29.2,71.0,8,214,Monsoon
30.6,26.9,28.6,1001.0,74,59,37.5,245,0.6,51,0.0,28.8,73.0,8,215,Monsoon
30.2,26.6,28.2,1002.3,77,52,35.1,246,1.1,51,0.6,28.6,74.0,8,216,Monsoon
30.4,26.4,28.0,1004.0,78,49,30.1,247,0.9,51,1.1,28.2,77.0,8,217,Monsoon
30.0,26.0,27.6,1004.5,79,46,31.3,255,0.1,51,0.9,28.0,78.0,8,218,Monsoon
29.9,25.8,27.5,1002.0,78,58,32.0,252,0.0,3,0.1,27.6,79.0,8,219,Monsoon
29.9,25.9,27.6,1001.9,80,67,23.2,242,0.0,3,0.0,27.5,78.0,8,220,Monsoon
29.8,25.9,27.6,1002.3,78,66,26.8,246,0.0,3,0.0,27.6,80.0,8,221,Monsoon
30.5,25.9,27.8,999.9,78,80,28.4,246,0.0,3,0.0,27.6,78.0,8,222,Monsoon
31.7,25.8,28.3,997.8,77,72,19.4,214,0.0,3,0.0,27.8,78.0,8,223,Monsoon
35.2,25.9,29.5,999.0,72,32,23.4,187,0.0,3,0.0,28.3,77.0,8,224,Monsoon
33.4,26.8,29.4,1001.1,74,81,24.4,271,0.0,3,0.0,29.5,72.0,8,225,Monsoon
27.6,26.6,27.0,1004.6,89,100,23.4,257,24.7,63,0.0,29.4,74.0,8,226,Monsoon
28.0,26.1,26.8,1004.1,89,98,31.2,254,0.3,51,24.7,27.0,89.0,8,227,Monsoon
28.5,25.8,26.9,1002.4,86,75,34.1,252,0.2,51,0.3,26.8,89.0,8,228,Monsoon
28.7,25.5,26.8,1002.4,86,59,29.8,250,0.0,3,0.2,26.9,86.0,8,229,Monsoon
28.4,25.5,26.6,1000.9,87,60,35.1,253,0.0,3,0.0,26.8,86.0,8,230,Monsoon
28.9,25.3,26.8,999.2,87,72,31.8,249,0.0,3,0.0,26.6,87.0,8,231,Monsoon
30.1,25.4,27.2,1001.4,86,51,23.9,224,0.0,3,0.0,26.8,87.0,8,232,Monsoon
29.7,25.5,27.2,1002.5,83,76,20.1,251,0.0,3,0.0,27.2,86.0,8,233,Monsoon
29.2,25.3,26.9,1000.1,83,46,26.6,255,0.0,3,0.0,27.2,83.0,8,234,Monsoon
30.1,25.1,27.1,1000.2,81,63,17.7,231,0.0,3,0.0,26.9,83.0,8,235,Monsoon
31.6,24.6,27.5,1001.9,78,71,19.1,252,0.0,3,0.0,27.1,81.0,8,236,Monsoon
33.7,25.6,28.6,1000.2,75,35,26.8,273,0.0,2,0.0,27.5,78.0,8,237,Monsoon
37.0,25.5,30.3,998.1,69,40,17.6,282,0.0,3,0.0,28.6,75.0,8,238,Monsoon
39.1,27.4,33.2,998.1,60,74,17.2,74,2.4,55,0.0,30.3,69.0,8,239,Monsoon
34.9,28.1,30.7,1000.2,76,17,19.9,203,0.0,1,2.4,33.2,60.0,8,240,Monsoon
32.0,27.3,29.0,1000.1,79,20,29.2,239,0.0,2,0.0,30.7,76.0,8,241,Monsoon
30.6,26.6,28.2,1000.1,78,63,31.3,243,0.0,3,0.0,29.0,79.0,8,242,Monsoon
29.8,26.2,27.7,999.5,80,59,31.2,248,0.4,51,0.0,28.2,78.0,8,243,Monsoon
29.9,25.9,27.6,998.5,79,58,32.6,250,0.0,3,0.4,27.7,80.0,8,244,Monsoon
30.4,26.2,27.9,998.7,79,48,30.0,249,0.0,2,0.0,27.6,79.0,9,245,Monsoon
30.7,26.3,28.0,1000.2,79,48,25.5,249,0.0,2,0.0,27.9,79.0,9,246,Monsoon
30.7,26.1,27.9,1001.3,77,58,25.0,250,0.0,3,0.0,28.0,79.0,9,247,Monsoon
30.9,26.1,27.9,1003.1,77,52,26.4,254,0.0,2,0.0,27.9,77.0,9,248,Monsoon
30.2,25.9,27.5,1003.0,76,71,30.6,254,0.0,3,0.0,27.9,77.0,9,249,Monsoon
30.2,25.6,27.5,1001.9,76,41,33.6,254,0.0,2,0.0,27.5,76.0,9,250,Monsoon
30.4,25.8,27.7,1002.3,73,57,32.0,251,0.0,3,0.0,27.5,76.0,9,251,Monsoon
29.9,25.7,27.5,1004.5,74,52,32.7,251,0.0,3,0.0,27.7,73.0,9,252,Monsoon
29.5,25.7,27.4,1004.8,75,56,35.2,252,0.0,3,0.0,27.5,74.0,9,253,Monsoon
30.0,25.7,27.6,1004.0,76,53,29.1,248,0.0,3,0.0,27.4,75.0,9,254,Monsoon
30.2,25.6,27.7,1003.6,77,48,24.4,244,0.0,3,0.0,27.6,76.0,9,255,Monsoon
30.1,25.6,27.5,1004.9,74,35,22.9,244,0.0,2,0.0,27.7,77.0,9,256,Monsoon
29.9,25.6,27.6,1007.2,73,35,22.0,251,0.0,2,0.0,27.5,74.0,9,257,Monsoon
30.1,25.4,27.3,1007.7,74,16,23.6,256,0.0,1,0.0,27.6,73.0,9,258,Monsoon
29.7,24.5,26.7,1006.6,73,24,24.6,251,0.0,2,0.0,27.3,74.0,9,259,Monsoon
29.7,24.4,26.8,1006.8,70,19,29.2,257,0.0,1,0.0,26.7,73.0,9,260,Monsoon
30.2,25.0,27.2,1007.5,69,17,31.9,258,0.0,1,0.0,26.8,70.0,9,261,Monsoon
29.2,25.5,27.1,1005.7,74,36,34.5,255,0.0,2,0.0,27.2,69.0,9,262,Monsoon
29.8,25.1,27.2,1005.0,77,43,18.5,244,0.2,51,0.0,27.1,74.0,9,263,Monsoon
30.6,25.1,27.3,1006.4,80,34,15.9,222,0.2,51,0.2,27.2,77.0,9,264,Monsoon
31.3,24.6,27.5,1008.2,78,23,17.6,206,0.1,51,0.2,27.3,80.0,9,265,Monsoon
34.2,24.3,28.9,1009.7,67,6,16.9,274,0.0,0,0.1,27.5,78.0,9,266,Monsoon
36.4,26.0,30.6,1008.3,59,3,20.5,289,0.0,0,0.0,28.9,67.0,9,267,Monsoon
35.6,26.4,30.1,1006.9,65,2,21.8,278,0.0,0,0.0,30.6,59.0,9,268,Monsoon
33.2,25.6,28.7,1006.8,74,3,25.5,260,0.0,0,0.0,30.1,65.0,9,269,Monsoon
32.5,25.7,28.4,1006.6,77,1,28.8,258,0.0,0,0.0,28.7,74.0,9,270,Monsoon
33.1,25.0,28.5,1007.6,79,11,21.2,253,0.0,2,0.0,28.4,77.0,9,271,Monsoon
34.0,25.6,28.9,1007.5,76,9,21.5,265,0.0,1,0.0,28.5,79.0,9,272,Monsoon
34.3,25.2,28.9,1007.1,75,16,22.0,260,0.0,2,0.0,28.9,76.0,9,273,Monsoon
32.6,24.4,28.0,1006.5,77,10,22.9,256,0.0,2,0.0,28.9,75.0,9,274,Monsoon
32.4,22.8,27.6,1007.7,74,19,22.3,268,0.0,3,0.0,28.0,77.0,10,275,PostMonsoon
35.4,23.9,28.9,1009.2,67,7,20.9,290,0.0,2,0.0,27.6,74.0,10,276,PostMonsoon
37.8,25.0,30.8,1009.1,56,1,19.4,303,0.0,0,0.0,28.9,67.0,10,277,PostMonsoon
37.1,25.5,30.4,1008.0,56,0,23.0,294,0.0,0,0.0,30.8,56.0,10,278,PostMonsoon
35.3,25.3,29.5,1008.4,62,0,22.9,283,0.0,0,0.0,30.4,56.0,10,279,PostMonsoon
33.4,24.5,28.5,1008.8,76,2,17.6,253,0.0,0,0.0,29.5,62.0,10,280,PostMonsoon
33.9,23.2,28.4,1008.4,72,18,13.8,266,0.0,3,0.0,28.5,76.0,10,281,PostMonsoon
35.3,25.3,29.2,1007.8,71,9,20.0,274,0.0,2,0.0,28.4,72.0,10,282,PostMonsoon
33.1,25.6,28.4,1006.4,76,25,20.8,253,0.0,3,0.0,29.2,71.0,10,283,PostMonsoon
32.9,23.8,27.9,1007.0,73,11,16.7,232,0.0,2,0.0,28.4,76.0,10,284,PostMonsoon
33.4,22.8,27.2,1008.7,71,14,20.0,250,0.0,3,0.0,27.9,73.0,10,285,PostMonsoon
33.2,22.5,27.0,1009.4,70,7,18.7,253,0.0,2,0.0,27.2,71.0,10,286,PostMonsoon
32.3,21.1,26.6,1008.3,74,13,21.5,264,0.0,3,0.0,27.0,70.0,10,287,PostMonsoon
33.3,24.0,27.7,1007.7,74,0,21.6,260,0.0,0,0.0,26.6,74.0,10,288,PostMonsoon
32.6,23.1,27.4,1010.7,78,26,18.5,269,0.0,3,0.0,27.7,74.0,10,289,PostMonsoon
33.3,22.4,27.4,1011.5,76,27,19.4,279,0.0,3,0.0,27.4,78.0,10,290,PostMonsoon
34.4,23.8,28.2,1010.1,72,25,19.6,278,0.0,3,0.0,27.4,76.0,10,291,PostMonsoon
34.3,22.9,27.9,1008.6,70,17,20.3,286,0.0,3,0.0,28.2,72.0,10,292,PostMonsoon
33.5,23.0,27.4,1008.3,71,0,22.9,281,0.0,0,0.0,27.9,70.0,10,293,PostMonsoon
32.3,23.5,27.1,1009.0,77,0,21.4,271,0.0,0,0.0,27.4,71.0,10,294,PostMonsoon
32.0,24.1,27.3,1008.6,80,18,19.7,262,0.0,2,0.0,27.1,77.0,10,295,PostMonsoon
33.9,24.8,28.1,1005.7,74,6,19.5,246,0.0,1,0.0,27.3,80.0,10,296,PostMonsoon
35.3,23.8,28.6,1004.7,67,15,16.8,242,0.0,3,0.0,28.1,74.0,10,297,PostMonsoon
32.6,21.6,27.1,1008.4,75,8,17.4,177,0.0,2,0.0,28.6,67.0,10,298,PostMonsoon
32.0,23.3,27.2,1011.5,79,19,17.6,226,0.0,2,0.0,27.1,75.0,10,299,PostMonsoon
32.7,22.1,26.7,1011.6,75,18,17.9,273,0.0,3,0.0,27.2,79.0,10,300,PostMonsoon
34.7,21.0,27.8,1010.9,61,2,16.0,292,0.0,0,0.0,26.7,75.0,10,301,PostMonsoon
35.5,22.3,28.6,1011.8,49,0,16.2,300,0.0,0,0.0,27.8,61.0,10,302,PostMonsoon
33.5,23.5,27.8,1012.5,57,0,22.7,285,0.0,0,0.0,28.6,49.0,10,303,PostMonsoon
31.1,22.1,26.0,1012.8,74,1,23.1,273,0.0,0,0.0,27.8,57.0,10,304,PostMonsoon
29.7,23.1,26.0,1011.0,77,24,22.1,259,0.0,2,0.0,26.0,74.0,10,305,PostMonsoon
29.1,23.5,26.1,1011.1,72,31,16.4,246,0.0,2,0.0,26.0,77.0,11,306,PostMonsoon
31.3,19.6,25.7,1013.3,64,16,8.8,310,0.0,3,0.0,26.1,72.0,11,307,PostMonsoon
34.1,21.5,28.1,1015.0,38,0,15.9,3,0.0,0,0.0,25.7,64.0,11,308,PostMonsoon
34.0,22.4,28.0,1015.4,37,0,18.2,313,0.0,0,0.0,28.1,38.0,11,309,PostMonsoon
32.5,22.1,26.7,1012.9,56,0,23.3,278,0.0,0,0.0,28.0,37.0,11,310,PostMonsoon
30.6,23.9,26.4,1009.6,70,1,27.4,264,0.0,1,0.0,26.7,56.0,11,311,PostMonsoon
29.7,23.1,26.0,1010.6,76,36,22.4,265,0.0,3,0.0,26.4,70.0,11,312,PostMonsoon
30.5,24.0,26.5,1012.3,76,9,21.3,272,0.0,1,0.0,26.0,76.0,11,313,PostMonsoon
33.7,20.4,27.3,1012.9,58,5,13.0,350,0.0,1,0.0,26.5,76.0,11,314,PostMonsoon
33.6,22.2,27.8,1013.6,47,11,17.3,357,0.0,3,0.0,27.3,58.0,11,315,PostMonsoon
33.4,21.0,27.2,1014.4,54,24,16.0,299,0.0,2,0.0,27.8,47.0,11,316,PostMonsoon
34.0,21.1,27.2,1011.5,59,31,17.1,301,0.0,2,0.0,27.2,54.0,11,317,PostMonsoon
32.6,20.2,26.8,1010.3,28,11,18.4,42,0.0,2,0.0,27.2,59.0,11,318,PostMonsoon
31.4,22.1,26.2,1013.4,20,5,31.5,52,0.0,1,0.0,26.8,28.0,11,319,PostMonsoon
30.0,18.4,24.0,1014.3,26,10,18.8,45,0.0,2,0.0,26.2,20.0,11,320,PostMonsoon
28.6,14.6,22.1,1013.9,57,0,12.8,325,0.0,0,0.0,24.0,26.0,11,321,PostMonsoon
30.3,16.5,23.6,1013.6,57,3,11.0,344,0.0,1,0.0,22.1,57.0,11,322,PostMonsoon
30.5,17.9,24.4,1012.4,35,0,20.2,19,0.0,0,0.0,23.6,57.0,11,323,PostMonsoon
30.1,17.6,23.9,1014.0,22,0,19.1,40,0.0,0,0.0,24.4,35.0,11,324,PostMonsoon
28.3,16.2,22.4,1012.5,56,0,18.5,260,0.0,0,0.0,23.9,22.0,11,325,PostMonsoon
28.7,19.6,23.8,1010.2,69,0,12.2,236,0.0,0,0.0,22.4,56.0,11,326,PostMonsoon
29.8,17.6,23.6,1012.3,58,4,14.0,73,0.0,1,0.0,23.8,69.0,11,327,PostMonsoon
29.8,18.9,24.3,1015.8,43,0,14.1,16,0.0,0,0.0,23.6,58.0,11,328,PostMonsoon
29.7,20.3,24.8,1017.1,61,1,14.9,319,0.0,0,0.0,24.3,43.0,11,329,PostMonsoon
28.2,18.9,23.6,1015.9,73,1,17.4,261,0.0,1,0.0,24.8,61.0,11,330,PostMonsoon
28.2,21.5,24.4,1013.9,75,6,23.1,270,0.0,1,0.0,23.6,73.0,11,331,PostMonsoon
29.7,19.2,24.5,1013.9,57,4,13.8,26,0.0,1,0.0,24.4,75.0,11,332,PostMonsoon
28.6,17.2,23.2,1016.6,34,2,19.7,50,0.0,0,0.0,24.5,57.0,11,333,PostMonsoon
27.7,16.9,22.4,1016.6,33,0,15.7,6,0.0,0,0.0,23.2,34.0,11,334,PostMonsoon
29.2,14.5,22.0,1017.5,40,0,18.7,46,0.0,0,0.0,22.4,33.0,11,335,PostMonsoon
27.5,15.9,21.7,1018.0,25,0,16.5,55,0.0,0,0.0,22.0,40.0,12,336,Winter
27.7,14.0,20.9,1017.7,30,0,14.1,62,0.0,0,0.0,21.7,25.0,12,337,Winter
28.0,12.6,20.6,1017.9,41,0,11.4,8,0.0,0,0.0,20.9,30.0,12,338,Winter
27.9,13.6,21.0,1017.2,48,0,12.7,335,0.0,0,0.0,20.6,41.0,12,339,Winter
29.7,15.9,22.5,1015.3,61,0,10.9,312,0.0,0,0.0,21.0,48.0,12,340,Winter
28.8,17.0,22.4,1014.6,73,22,15.4,267,0.0,3,0.0,22.5,61.0,12,341,Winter
27.9,18.2,22.3,1014.8,84,46,13.6,265,0.0,3,0.0,22.4,73.0,12,342,Winter
29.5,15.7,22.5,1015.5,58,30,17.5,52,0.0,3,0.0,22.3,84.0,12,343,Winter
28.4,17.0,22.5,1015.2,42,16,15.3,32,0.0,3,0.0,22.5,58.0,12,344,Winter
27.2,15.0,21.2,1014.9,68,27,14.5,305,0.0,3,0.0,22.5,42.0,12,345,Winter
27.6,15.5,21.5,1015.4,69,32,10.3,347,0.0,3,0.0,21.2,68.0,12,346,Winter
27.6,15.8,21.7,1016.0,60,30,15.1,344,0.0,2,0.0,21.5,69.0,12,347,Winter
26.2,16.6,21.4,1015.4,77,31,15.6,285,0.0,3,0.0,21.7,60.0,12,348,Winter
27.5,17.8,22.2,1014.1,73,12,15.9,283,0.0,3,0.0,21.4,77.0,12,349,Winter
27.2,17.5,22.5,1014.6,71,69,15.4,287,0.0,3,0.0,22.2,73.0,12,350,Winter
25.6,18.3,22.1,1016.2,81,85,21.7,253,0.5,51,0.0,22.5,71.0,12,351,Winter
26.7,19.4,22.8,1017.1,68,48,13.4,292,0.0,3,0.5,22.1,81.0,12,352,Winter
26.4,17.0,21.5,1018.0,51,0,16.0,37,0.0,0,0.0,22.8,68.0,12,353,Winter
25.6,15.6,20.3,1017.3,35,0,17.6,46,0.0,0,0.0,21.5,51.0,12,354,Winter
26.3,13.3,19.6,1017.1,36,0,13.0,52,0.0,0,0.0,20.3,35.0,12,355,Winter
27.0,13.3,19.8,1017.3,34,0,15.5,46,0.0,0,0.0,19.6,36.0,12,356,Winter
26.3,12.4,19.3,1017.0,42,0,13.0,4,0.0,0,0.0,19.8,34.0,12,357,Winter
25.6,12.4,19.1,1015.1,67,3,11.8,310,0.0,0,0.0,19.3,42.0,12,358,Winter
27.6,13.8,20.4,1015.4,46,0,11.9,56,0.0,0,0.0,19.1,67.0,12,359,Winter
27.4,13.7,20.4,1015.8,43,0,11.9,14,0.0,0,0.0,20.4,46.0,12,360,Winter
27.4,13.8,20.5,1016.1,49,0,13.4,12,0.0,0,0.0,20.4,43.0,12,361,Winter
25.4,14.2,20.0,1014.5,79,1,19.6,272,0.0,0,0.0,20.5,49.0,12,362,Winter
27.6,17.1,22.2,1014.0,61,23,19.0,34,0.0,3,0.0,20.0,79.0,12,363,Winter
25.2,16.6,20.6,1015.7,42,0,30.9,51,0.0,0,0.0,22.2,61.0,12,364,Winter
24.8,15.5,19.9,1013.9,43,4,19.7,20,0.0,1,0.0,20.6,42.0,12,365,Winter
23.7,13.3,18.8,1012.7,49,0,17.1,316,0.0,0,0.0,19.9,43.0,12,366,Winter
23.9,12.5,18.5,1014.2,47,0,12.1,28,0.0,0,0.0,18.8,49.0,1,1,Winter
23.2,12.1,18.0,1016.2,67,0,13.8,276,0.0,0,0.0,18.5,47.0,1,2,Winter
23.8,12.3,18.7,1017.5,62,4,9.9,25,0.0,1,0.0,18.0,67.0,1,3,Winter
25.5,13.7,19.4,1017.5,44,5,19.1,66,0.0,2,0.0,18.7,62.0,1,4,Winter
24.1,13.9,18.9,1016.6,41,0,19.2,56,0.0,0,0.0,19.4,44.0,1,5,Winter
23.3,11.3,17.7,1015.3,64,3,14.9,308,0.0,1,0.0,18.9,41.0,1,6,Winter
23.9,14.5,19.2,1014.9,53,4,21.4,71,0.0,1,0.0,17.7,64.0,1,7,Winter
23.6,13.4,18.6,1015.7,49,1,16.5,67,0.0,0,0.0,19.2,53.0,1,8,Winter
23.7,12.6,18.2,1017.0,49,0,14.1,58,0.0,0,0.0,18.6,49.0,1,9,Winter
23.4,12.4,18.1,1016.7,54,31,13.3,18,0.0,3,0.0,18.2,49.0,1,10,Winter
23.9,14.1,19.2,1014.0,66,48,14.7,204,0.0,3,0.0,18.1,54.0,1,11,Winter
25.1,13.5,19.7,1013.8,62,18,10.5,345,0.0,2,0.0,19.2,66.0,1,12,Winter
26.7,14.8,20.5,1016.7,41,0,15.9,50,0.0,0,0.0,19.7,62.0,1,13,Winter
26.2,13.3,19.7,1015.9,46,0,13.0,341,0.0,0,0.0,20.5,41.0,1,14,Winter
26.0,13.0,19.6,1015.9,55,0,9.5,349,0.0,0,0.0,19.7,46.0,1,15,Winter
26.5,14.3,20.0,1017.5,35,0,16.6,34,0.0,0,0.0,19.6,55.0,1,16,Winter
26.2,12.0,19.2,1017.3,39,0,12.2,40,0.0,0,0.0,20.0,35.0,1,17,Winter
26.2,13.7,19.6,1016.8,35,0,18.5,54,0.0,0,0.0,19.2,39.0,1,18,Winter
25.0,14.0,19.4,1016.6,42,0,17.3,41,0.0,0,0.0,19.6,35.0,1,19,Winter
23.9,12.7,18.5,1016.0,60,1,18.2,304,0.0,0,0.0,19.4,42.0,1,20,Winter
24.6,17.0,20.7,1012.8,68,1,24.9,275,0.0,0,0.0,18.5,60.0,1,21,Winter
26.3,16.0,21.2,1012.9,42,0,20.4,321,0.0,0,0.0,20.7,68.0,1,22,Winter
25.0,12.6,19.2,1015.5,30,0,15.9,32,0.0,0,0.0,21.2,42.0,1,23,Winter
25.0,11.4,18.3,1016.9,36,0,13.3,28,0.0,0,0.0,19.2,30.0,1,24,Winter
24.3,12.8,18.8,1014.9,66,0,16.9,288,0.0,0,0.0,18.3,36.0,1,25,Winter
26.6,13.7,20.2,1014.0,66,1,10.5,57,0.0,0,0.0,18.8,66.0,1,26,Winter
27.1,13.6,20.5,1014.5,44,0,13.7,4,0.0,0,0.0,20.2,66.0,1,27,Winter
25.9,13.4,19.8,1013.6,59,0,18.0,301,0.0,0,0.0,20.5,44.0,1,28,Winter
25.9,17.9,21.3,1013.0,58,1,23.7,293,0.0,0,0.0,19.8,59.0,1,29,Winter
22.9,11.2,17.2,1015.4,23,0,24.1,331,0.0,0,0.0,21.3,58.0,1,30,Winter
21.9,8.9,15.9,1016.0,32,0,12.6,8,0.0,0,0.0,17.2,23.0,1,31,Winter
24.2,8.8,16.9,1016.2,39,0,11.5,40,0.0,0,0.0,15.9,32.0,2,32,Winter
24.6,10.2,17.7,1015.9,32,0,12.8,16,0.0,0,0.0,16.9,39.0,2,33,Winter
23.8,10.5,17.5,1013.2,55,0,18.2,281,0.0,0,0.0,17.7,32.0,2,34,Winter
25.8,15.9,20.3,1010.7,61,16,18.2,265,0.0,3,0.0,17.5,55.0,2,35,Winter
25.1,13.7,19.9,1012.2,71,2,16.6,275,0.0,0,0.0,20.3,61.0,2,36,Winter
25.8,14.8,20.4,1014.8,63,0,18.3,303,0.0,0,0.0,19.9,71.0,2,37,Winter
26.2,16.3,21.1,1015.4,66,0,18.8,296,0.0,0,0.0,20.4,63.0,2,38,Winter
28.9,15.3,22.0,1015.9,47,0,16.4,34,0.0,0,0.0,21.1,66.0,2,39,Winter
28.2,15.3,21.7,1014.8,58,0,21.5,286,0.0,0,0.0,22.0,47.0,2,40,Winter
29.8,15.9,23.0,1013.0,45,11,14.2,329,0.0,1,0.0,21.7,58.0,2,41,Winter
29.3,14.9,22.0,1011.9,45,2,18.2,303,0.0,0,0.0,23.0,45.0,2,42,Winter
30.1,14.5,22.8,1012.0,53,9,15.5,110,0.0,1,0.0,22.0,45.0,2,43,Winter
25.2,15.4,20.9,1011.7,56,6,15.3,5,0.0,1,0.0,22.8,53.0,2,44,Winter
25.8,16.4,21.2,1013.0,36,4,19.1,347,0.0,1,0.0,20.9,56.0,2,45,Winter
27.5,14.4,21.3,1016.1,52,34,15.9,346,0.0,3,0.0,21.2,36.0,2,46,Winter
27.3,15.7,21.9,1016.5,52,31,21.7,300,0.0,2,0.0,21.3,52.0,2,47,Winter
27.4,16.8,22.1,1015.1,62,20,18.4,281,0.0,1,0.0,21.9,52.0,2,48,Winter
29.1,15.8,22.4,1015.2,64,33,17.5,293,0.0,3,0.0,22.1,62.0,2,49,Winter
29.0,16.5,22.8,1015.3,65,9,21.3,284,0.0,2,0.0,22.4,64.0,2,50,Winter
28.2,20.3,23.5,1013.4,74,1,22.3,273,0.0,1,0.0,22.8,65.0,2,51,Winter
28.9,19.2,23.6,1011.2,75,6,21.1,254,0.0,1,0.0,23.5,74.0,2,52,Winter
27.6,20.5,23.5,1011.5,76,16,22.1,259,0.0,2,0.0,23.6,75.0,2,53,Winter
27.0,21.2,23.5,1011.8,77,20,27.6,262,0.0,2,0.0,23.5,76.0,2,54,Winter
26.4,21.6,23.5,1010.7,77,62,30.3,263,0.0,3,0.0,23.5,77.0,2,55,Winter
32.1,21.4,25.5,1009.1,57,13,24.3,291,0.0,2,0.0,23.5,77.0,2,56,Winter
29.6,16.1,23.2,1010.3,49,16,19.0,302,0.0,2,0.0,25.5,57.0,2,57,Winter
28.7,16.5,22.5,1012.5,54,23,19.7,283,0.0,3,0.0,23.2,49.0,2,58,Winter
30.4,17.6,23.7,1015.7,55,20,16.9,310,0.0,3,0.0,22.5,54.0,2,59,Winter
30.9,18.6,24.8,1018.1,27,17,23.0,51,0.0,2,0.0,23.7,55.0,3,60,HotDry
30.4,19.0,24.7,1018.0,27,9,20.9,38,0.0,1,0.0,24.8,27.0,3,61,HotDry
29.9,15.6,23.3,1016.3,41,52,17.6,320,0.0,3,0.0,24.7,27.0,3,62,HotDry
30.8,14.8,23.0,1016.0,48,0,18.7,296,0.0,0,0.0,23.3,41.0,3,63,HotDry
29.6,15.5,22.8,1015.0,55,17,20.8,270,0.0,3,0.0,23.0,48.0,3,64,HotDry
28.1,17.0,22.6,1013.3,74,55,24.9,260,0.0,3,0.0,22.8,55.0,3,65,HotDry
27.8,19.6,23.3,1012.9,75,11,20.0,267,0.0,2,0.0,22.6,74.0,3,66,HotDry
29.7,18.3,23.3,1012.6,76,24,20.4,273,0.0,3,0.0,23.3,75.0,3,67,HotDry
31.7,17.5,24.5,1012.2,64,48,20.0,283,0.0,3,0.0,23.3,76.0,3,68,HotDry
32.2,18.0,25.2,1012.1,59,0,21.2,287,0.0,0,0.0,24.5,64.0,3,69,HotDry
32.1,18.2,24.9,1011.9,59,0,17.9,284,0.0,0,0.0,25.2,59.0,3,70,HotDry
30.3,17.8,24.1,1010.6,69,2,23.1,276,0.0,0,0.0,24.9,59.0,3,71,HotDry
29.8,21.3,24.9,1010.0,71,15,19.7,244,0.0,1,0.0,24.1,69.0,3,72,HotDry
30.0,20.4,24.8,1010.8,68,53,18.7,238,0.0,3,0.0,24.9,71.0,3,73,HotDry
33.0,19.2,26.1,1013.0,56,45,13.7,307,0.0,3,0.0,24.8,68.0,3,74,HotDry
34.1,20.0,26.8,1012.6,50,0,19.3,7,0.0,0,0.0,26.1,56.0,3,75,HotDry
31.8,20.3,25.6,1010.6,66,31,21.2,251,0.0,3,0.0,26.8,50.0,3,76,HotDry
30.2,21.2,25.2,1010.1,72,45,25.8,263,0.0,3,0.0,25.6,66.0,3,77,HotDry
29.5,22.4,25.5,1010.0,76,30,26.3,256,0.0,3,0.0,25.2,72.0,3,78,HotDry
31.6,22.0,26.6,1010.1,47,2,22.8,282,0.0,0,0.0,25.5,76.0,3,79,HotDry
30.4,22.5,25.7,1007.9,72,56,22.8,266,0.0,3,0.0,26.6,47.0,3,80,HotDry
30.9,22.2,25.8,1007.3,72,27,22.0,262,0.0,3,0.0,25.7,72.0,3,81,HotDry
32.6,20.7,25.9,1008.7,71,10,27.4,271,0.0,2,0.0,25.8,72.0,3,82,HotDry
31.2,22.2,26.2,1008.5,67,37,26.9,267,0.0,3,0.0,25.9,71.0,3,83,HotDry
31.8,23.2,26.6,1008.3,67,0,29.6,267,0.0,0,0.0,26.2,67.0,3,84,HotDry
30.5,23.2,26.1,1007.6,78,44,29.2,265,0.0,3,0.0,26.6,67.0,3,85,HotDry
29.8,23.8,26.0,1006.6,71,95,33.5,253,0.0,3,0.0,26.1,78.0,3,86,HotDry
30.9,22.5,26.0,1005.4,52,20,34.7,262,0.0,3,0.0,26.0,71.0,3,87,HotDry
30.2,22.1,26.0,1005.5,36,0,30.4,278,0.0,0,0.0,26.0,52.0,3,88,HotDry
32.0,18.9,26.0,1008.5,37,0,23.7,278,0.0,0,0.0,26.0,36.0,3,89,HotDry
29.7,19.5,24.6,1011.7,71,10,23.6,258,0.0,1,0.0,26.0,37.0,3,90,HotDry
32.5,20.2,25.8,1011.9,67,5,19.5,235,0.0,1,0.0,24.6,71.0,4,91,HotDry
33.1,20.3,26.1,1009.1,67,0,22.4,248,0.0,0,0.0,25.8,67.0,4,92,HotDry
33.4,19.6,26.3,1007.8,69,0,19.6,239,0.0,0,0.0,26.1,67.0,4,93,HotDry
37.9,19.6,29.3,1010.0,51,3,16.6,67,0.0,1,0.0,26.3,69.0,4,94,HotDry
36.7,22.3,29.6,1010.5,44,0,24.5,273,0.0,0,0.0,29.3,51.0,4,95,HotDry
33.2,22.5,27.4,1010.2,62,0,21.6,264,0.0,0,0.0,29.6,44.0,4,96,HotDry
34.5,19.8,27.0,1012.1,61,0,25.3,274,0.0,0,0.0,27.4,62.0,4,97,HotDry
32.7,22.7,27.2,1008.9,59,0,34.7,262,0.0,0,0.0,27.0,61.0,4,98,HotDry
31.8,23.6,27.4,1005.6,61,0,39.7,258,0.0,0,0.0,27.2,59.0,4,99,HotDry
31.9,23.9,27.7,1006.2,69,10,33.2,251,0.0,3,0.0,27.4,61.0,4,100,HotDry
31.8,25.0,27.8,1009.0,78,20,27.4,258,0.0,2,0.0,27.7,69.0,4,101,HotDry
31.4,25.0,27.3,1008.0,76,30,25.7,254,0.0,3,0.0,27.8,78.0,4,102,HotDry
30.5,24.2,26.9,1008.0,74,15,23.4,264,0.0,1,0.0,27.3,76.0,4,103,HotDry
30.8,24.2,26.8,1010.9,69,29,22.5,268,0.0,3,0.0,26.9,74.0,4,104,HotDry
30.9,22.3,26.4,1012.8,69,1,23.7,268,0.0,0,0.0,26.8,69.0,4,105,HotDry
30.1,23.6,26.6,1010.3,71,23,23.3,262,0.0,2,0.0,26.4,69.0,4,106,HotDry
30.5,24.4,27.0,1008.6,71,13,24.8,259,0.0,1,0.0,26.6,71.0,4,107,HotDry
30.8,22.9,26.8,1008.0,70,18,25.5,241,0.0,1,0.0,27.0,71.0,4,108,HotDry
32.2,24.2,27.8,1008.9,64,16,19.9,265,0.0,3,0.0,26.8,70.0,4,109,HotDry
33.4,25.0,28.3,1009.4,65,15,22.7,268,0.0,2,0.0,27.8,64.0,4,110,HotDry
33.2,24.0,27.8,1008.9,69,2,23.0,272,0.0,0,0.0,28.3,65.0,4,111,HotDry
32.0,23.1,27.1,1008.5,73,8,23.4,264,0.0,2,0.0,27.8,69.0,4,112,HotDry
31.9,23.9,27.3,1007.4,73,36,26.4,261,0.0,3,0.0,27.1,73.0,4,113,HotDry
32.5,24.3,28.0,1007.2,72,69,28.5,258,0.0,3,0.0,27.3,73.0,4,114,HotDry
35.1,24.7,29.1,1006.1,65,56,26.3,262,0.0,3,0.0,28.0,72.0,4,115,HotDry
33.7,25.1,28.6,1005.4,68,60,28.7,260,0.0,3,0.0,29.1,65.0,4,116,HotDry
31.8,24.8,27.8,1006.0,76,34,27.9,255,0.0,3,0.0,28.6,68.0,4,117,HotDry
31.7,25.6,28.4,1004.2,77,27,34.3,258,0.0,2,0.0,27.8,76.0,4,118,HotDry
32.5,26.0,28.8,1003.7,78,16,33.8,260,0.0,1,0.0,28.4,77.0,4,119,HotDry
33.1,26.2,28.9,1005.4,79,26,31.1,258,0.0,3,0.0,28.8,78.0,4,120,HotDry
33.4,26.6,29.2,1005.8,77,14,29.5,256,0.0,2,0.0,28.9,79.0,5,121,HotDry
34.4,25.9,29.5,1003.7,71,0,27.0,261,0.0,0,0.0,29.2,77.0,5,122,HotDry
35.4,25.9,30.1,1001.6,69,0,27.1,260,0.0,0,0.0,29.5,71.0,5,123,HotDry
36.0,26.3,30.5,1002.2,66,0,29.3,257,0.0,0,0.0,30.1,69.0,5,124,HotDry
35.9,26.9,30.8,1003.4,66,3,33.6,261,0.0,1,0.0,30.5,66.0,5,125,HotDry
34.7,26.9,30.3,1002.8,70,7,35.3,256,0.0,1,0.0,30.8,66.0,5,126,HotDry
33.5,26.5,29.5,1003.1,78,17,35.0,248,0.0,2,0.0,30.3,70.0,5,127,HotDry
32.7,26.9,29.5,1004.1,77,40,33.2,253,0.0,2,0.0,29.5,78.0,5,128,HotDry
33.2,27.3,29.7,1004.4,73,24,36.2,256,0.0,2,0.0,29.5,77.0,5,129,HotDry
32.8,26.4,29.3,1005.0,74,29,36.1,261,0.0,2,0.0,29.7,73.0,5,130,HotDry
32.8,26.5,29.2,1004.5,78,20,35.6,254,0.0,2,0.0,29.3,74.0,5,131,HotDry
32.9,26.7,29.4,1003.3,79,12,35.1,249,0.0,2,0.0,29.2,78.0,5,132,HotDry
32.8,26.6,29.3,1002.1,79,25,28.1,240,0.0,2,0.0,29.4,79.0,5,133,HotDry
32.7,26.7,29.3,1001.6,78,51,29.5,235,0.0,2,0.0,29.3,79.0,5,134,HotDry
32.7,26.9,29.5,1002.6,77,63,27.5,236,0.0,3,0.0,29.3,78.0,5,135,HotDry
32.5,27.2,29.5,1004.4,74,64,29.9,239,0.0,3,0.0,29.5,77.0,5,136,HotDry
32.3,27.1,29.4,1003.7,75,57,33.2,241,0.6,51,0.0,29.5,74.0,5,137,HotDry
32.3,27.2,29.4,1003.3,76,57,28.9,238,0.1,51,0.6,29.4,75.0,5,138,HotDry
31.6,27.3,29.1,1003.9,76,49,31.3,243,0.1,51,0.1,29.4,76.0,5,139,HotDry
31.5,27.2,28.9,1002.7,76,44,37.2,252,0.0,2,0.1,29.1,76.0,5,140,HotDry
32.1,27.2,29.2,1001.8,75,50,33.1,249,0.0,2,0.0,28.9,76.0,5,141,HotDry
32.4,26.9,29.3,1002.7,76,46,25.2,243,0.0,2,0.0,29.2,75.0,5,142,HotDry
32.9,26.9,29.3,1002.1,76,20,24.4,250,0.0,2,0.0,29.3,76.0,5,143,HotDry
32.3,26.2,28.7,999.5,78,26,25.9,239,0.0,2,0.0,29.3,76.0,5,144,HotDry
33.0,26.0,28.6,998.5,75,55,21.3,218,0.0,3,0.0,28.7,78.0,5,145,HotDry
32.6,26.2,29.0,999.4,77,28,22.6,219,0.0,3,0.0,28.6,75.0,5,146,HotDry
35.6,25.5,30.0,1000.5,71,0,25.2,232,0.0,0,0.0,29.0,77.0,5,147,HotDry
36.8,27.5,31.3,999.3,65,25,21.9,226,0.0,3,0.0,30.0,71.0,5,148,HotDry
36.2,28.5,31.5,998.3,66,14,29.3,272,0.0,2,0.0,31.3,65.0,5,149,HotDry
32.6,27.3,29.7,1000.5,75,49,29.1,248,0.0,2,0.0,31.5,66.0,5,150,HotDry
32.4,27.3,29.5,1001.3,76,57,31.4,247,0.0,3,0.0,29.7,75.0,5,151,HotDry
32.6,27.3,29.6,1000.6,75,44,31.3,246,0.0,2,0.0,29.5,76.0,6,152,Monsoon
31.9,27.5,29.5,1001.6,77,53,29.7,238,0.1,51,0.0,29.6,75.0,6,153,Monsoon
31.2,27.5,29.3,1001.4,78,58,28.7,239,0.3,51,0.1,29.5,77.0,6,154,Monsoon
31.4,27.3,29.2,1000.0,79,54,30.3,238,0.4,51,0.3,29.3,78.0,6,155,Monsoon
31.8,27.4,29.3,998.9,76,52,27.2,236,0.0,2,0.4,29.2,79.0,6,156,Monsoon
32.3,27.1,29.4,998.9,74,36,24.4,238,0.0,3,0.0,29.3,76.0,6,157,Monsoon
32.3,27.1,29.4,999.0,72,35,25.3,245,0.0,2,0.0,29.4,74.0,6,158,Monsoon
32.3,26.8,29.1,998.4,72,29,25.0,253,0.0,2,0.0,29.4,72.0,6,159,Monsoon
32.6,26.5,29.2,998.3,73,27,26.7,251,0.0,2,0.0,29.1,72.0,6,160,Monsoon
32.6,26.6,29.4,999.1,71,21,25.6,253,0.0,1,0.0,29.2,73.0,6,161,Monsoon
33.4,26.9,29.6,997.9,71,21,24.6,262,0.0,2,0.0,29.4,71.0,6,162,Monsoon
35.0,26.6,30.4,997.3,70,32,23.5,270,0.0,3,0.0,29.6,71.0,6,163,Monsoon
35.6,27.8,31.1,997.8,69,54,23.4,235,0.0,3,0.0,30.4,70.0,6,164,Monsoon
34.0,27.9,30.7,997.3,72,88,24.2,252,0.0,3,0.0,31.1,69.0,6,165,Monsoon
33.0,28.0,30.3,996.2,76,93,34.2,250,0.0,3,0.0,30.7,72.0,6,166,Monsoon
32.9,28.2,30.1,996.0,77,78,30.4,246,0.0,3,0.0,30.3,76.0,6,167,Monsoon
33.4,27.6,30.1,995.1,79,54,32.5,253,0.0,3,0.0,30.1,77.0,6,168,Monsoon
33.0,27.7,30.0,998.1,79,83,24.0,240,0.0,3,0.0,30.1,79.0,6,169,Monsoon
32.5,27.9,29.7,1000.0,77,74,32.4,243,0.0,3,0.0,30.0,79.0,6,170,Monsoon
32.0,27.5,29.4,998.5,77,65,37.3,249,0.0,3,0.0,29.7,77.0,6,171,Monsoon
32.2,27.5,29.4,997.4,77,40,39.8,249,0.0,2,0.0,29.4,77.0,6,172,Monsoon
34.2,27.4,30.4,995.2,71,17,35.5,250,0.0,2,0.0,29.4,77.0,6,173,Monsoon
35.9,27.5,31.1,994.6,66,3,36.2,255,0.0,1,0.0,30.4,71.0,6,174,Monsoon
32.7,26.8,29.4,998.5,79,49,28.5,244,0.0,3,0.0,31.1,66.0,6,175,Monsoon
31.7,27.6,29.2,1001.0,76,71,31.4,247,0.4,51,0.0,29.4,79.0,6,176,Monsoon
31.4,27.1,29.0,999.5,76,49,37.9,254,0.0,2,0.4,29.2,76.0,6,177,Monsoon
31.2,27.1,29.0,999.7,77,52,33.3,253,0.0,3,0.0,29.0,76.0,6,178,Monsoon
31.5,26.9,28.9,999.1,77,55,34.6,253,0.0,3,0.0,29.0,77.0,6,179,Monsoon
31.2,27.1,29.0,998.7,76,67,29.8,244,0.1,51,0.0,28.9,77.0,6,180,Monsoon
31.4,27.4,29.2,999.5,78,87,22.9,240,0.6,51,0.1,29.0,76.0,6,181,Monsoon
31.5,27.2,29.2,1000.5,78,73,21.7,239,0.2,51,0.6,29.2,78.0,7,182,Monsoon
31.5,27.4,29.3,999.9,78,69,22.9,242,0.0,3,0.2,29.2,78.0,7,183,Monsoon
31.9,27.2,29.4,996.9,76,75,24.2,243,0.0,3,0.0,29.3,78.0,7,184,Monsoon
33.8,27.3,29.9,996.3,73,92,23.7,233,0.0,3,0.0,29.4,76.0,7,185,Monsoon
32.9,27.7,29.9,996.6,76,99,22.8,249,0.0,3,0.0,29.9,73.0,7,186,Monsoon
33.6,27.7,30.1,997.2,77,46,24.5,233,0.0,3,0.0,29.9,76.0,7,187,Monsoon
33.9,27.7,30.3,997.3,76,31,25.3,232,0.0,2,0.0,30.1,77.0,7,188,Monsoon
34.1,27.4,30.2,996.5,75,64,21.4,226,0.0,3,0.0,30.3,76.0,7,189,Monsoon
34.1,28.1,30.5,995.9,74,97,18.8,250,0.0,3,0.0,30.2,75.0,7,190,Monsoon
31.8,28.3,29.8,997.2,77,95,20.0,270,3.2,55,0.0,30.5,74.0,7,191,Monsoon
33.0,27.8,30.0,997.0,78,86,23.4,249,0.0,3,3.2,29.8,77.0,7,192,Monsoon
30.9,27.7,29.0,997.2,82,100,18.7,272,18.9,63,0.0,30.0,78.0,7,193,Monsoon
29.9,27.2,28.3,999.7,85,95,25.5,167,0.5,51,18.9,29.0,82.0,7,194,Monsoon
29.8,26.7,28.1,1002.2,83,85,29.8,230,2.4,51,0.5,28.3,85.0,7,195,Monsoon
29.5,27.1,27.9,1001.3,83,96,43.2,257,0.0,3,2.4,28.1,83.0,7,196,Monsoon
29.5,26.8,27.9,998.6,83,71,44.2,254,0.9,51,0.0,27.9,83.0,7,197,Monsoon
29.9,27.0,28.2,998.9,82,64,37.8,251,0.9,51,0.9,27.9,83.0,7,198,Monsoon
29.9,26.7,28.0,1000.9,84,52,29.3,255,1.0,51,0.9,28.2,82.0,7,199,Monsoon
30.0,26.6,28.1,1000.2,83,66,32.1,256,0.0,3,1.0,28.0,84.0,7,200,Monsoon
30.3,26.7,28.3,998.7,82,83,32.3,251,0.0,3,0.0,28.1,83.0,7,201,Monsoon
30.4,27.2,28.4,997.3,84,99,27.9,238,0.0,3,0.0,28.3,82.0,7,202,Monsoon
29.9,27.1,28.2,997.7,86,99,26.0,213,0.1,51,0.0,28.4,84.0,7,203,Monsoon
31.9,26.6,28.6,999.4,83,79,25.8,273,2.4,55,0.1,28.2,86.0,7,204,Monsoon
30.1,25.6,27.8,999.5,79,68,22.9,263,0.6,51,2.4,28.6,83.0,7,205,Monsoon
29.2,26.5,27.8,1000.3,83,68,23.1,258,6.5,61,0.6,27.8,79.0,7,206,Monsoon
29.8,26.6,27.9,1002.0,85,62,23.1,258,0.0,3,6.5,27.8,83.0,7,207,Monsoon
30.5,26.2,27.9,1001.5,82,57,25.6,253,0.0,3,0.0,27.9,85.0,7,208,Monsoon
29.6,26.0,27.6,1000.0,82,92,31.0,247,0.0,3,0.0,27.9,82.0,7,209,Monsoon
29.6,26.0,27.5,999.8,81,76,33.4,243,0.0,3,0.0,27.6,82.0,7,210,Monsoon
29.9,25.7,27.5,1000.4,80,62,26.3,241,0.1,51,0.0,27.5,81.0,7,211,Monsoon
31.9,25.3,28.0,1003.5,77,40,24.9,233,0.0,3,0.1,27.5,80.0,7,212,Monsoon
30.6,25.9,27.9,1003.8,77,42,25.7,249,0.0,2,0.0,28.0,77.0,8,213,Monsoon
29.7,25.4,27.3,1000.4,78,60,34.7,256,0.0,3,0.0,27.9,77.0,8,214,Monsoon
30.4,25.1,27.5,999.0,78,72,22.9,238,0.0,3,0.0,27.3,78.0,8,215,Monsoon
33.8,24.3,28.2,1003.9,74,69,22.5,191,0.0,3,0.0,27.5,78.0,8,216,Monsoon
32.5,26.3,28.6,1005.4,72,91,25.9,267,0.0,3,0.0,28.2,74.0,8,217,Monsoon
31.2,26.1,28.2,1003.0,77,96,30.0,261,0.0,3,0.0,28.6,72.0,8,218,Monsoon
30.1,26.2,28.0,1002.0,80,100,24.8,264,0.0,3,0.0,28.2,77.0,8,219,Monsoon
30.0,26.7,28.1,1002.5,80,98,26.1,261,3.4,61,0.0,28.0,80.0,8,220,Monsoon
30.8,26.6,28.4,1004.0,81,87,27.2,263,0.0,3,3.4,28.1,80.0,8,221,Monsoon
31.9,26.7,29.0,1003.2,78,78,20.2,259,0.2,51,0.0,28.4,81.0,8,222,Monsoon
30.4,26.8,28.3,1002.2,85,100,13.1,283,19.6,63,0.2,29.0,78.0,8,223,Monsoon
28.9,25.8,27.4,1001.5,89,98,14.9,314,31.1,63,19.6,28.3,85.0,8,224,Monsoon
29.7,27.0,28.1,1001.0,88,88,27.7,255,0.2,51,31.1,27.4,89.0,8,225,Monsoon
29.5,26.5,27.7,1001.0,87,79,30.1,244,0.1,51,0.2,28.1,88.0,8,226,Monsoon
30.4,26.1,27.7,1001.2,87,54,19.8,231,0.0,3,0.1,27.7,87.0,8,227,Monsoon
29.5,25.7,27.2,1002.1,86,82,21.7,249,0.0,3,0.0,27.7,87.0,8,228,Monsoon
28.8,25.2,26.7,1001.5,84,69,29.8,253,0.0,3,0.0,27.2,86.0,8,229,Monsoon
29.0,25.4,27.0,1000.5,82,61,30.5,252,0.0,3,0.0,26.7,84.0,8,230,Monsoon
29.9,25.6,27.5,1000.8,82,62,26.8,246,0.0,3,0.0,27.0,82.0,8,231,Monsoon
30.3,25.9,27.7,1002.2,80,62,19.5,239,0.0,3,0.0,27.5,82.0,8,232,Monsoon
30.3,25.8,27.8,1003.3,79,68,18.9,243,0.0,3,0.0,27.7,80.0,8,233,Monsoon
30.5,26.0,27.8,1001.4,75,55,26.1,252,0.0,3,0.0,27.8,79.0,8,234,Monsoon
30.3,26.0,27.9,1000.2,75,60,26.0,247,0.0,3,0.0,27.8,75.0,8,235,Monsoon
30.6,25.7,27.8,1002.3,76,43,20.0,248,0.0,2,0.0,27.9,75.0,8,236,Monsoon
30.0,25.7,27.5,1004.6,77,31,27.2,257,0.0,2,0.0,27.8,76.0,8,237,Monsoon
30.1,25.4,27.3,1004.7,78,27,34.8,260,0.0,1,0.0,27.5,77.0,8,238,Monsoon
29.6,25.4,27.1,1002.8,78,40,39.7,260,0.0,2,0.0,27.3,78.0,8,239,Monsoon
29.1,25.3,26.9,1001.6,77,49,40.1,258,0.0,2,0.0,27.1,78.0,8,240,Monsoon
29.5,25.2,27.0,1000.5,77,42,39.4,255,0.0,3,0.0,26.9,77.0,8,241,Monsoon
29.7,25.5,27.2,1000.3,79,47,36.3,252,0.0,2,0.0,27.0,77.0,8,242,Monsoon
29.9,25.6,27.4,1000.6,79,66,28.2,249,0.0,3,0.0,27.2,79.0,8,243,Monsoon
30.4,25.5,27.7,1002.3,77,59,20.2,243,0.0,3,0.0,27.4,79.0,9,244,Monsoon
30.8,25.8,27.8,1003.9,76,48,29.3,252,0.0,3,0.0,27.7,77.0,9,245,Monsoon
30.1,25.9,27.6,1004.6,76,65,31.9,252,0.0,3,0.0,27.8,76.0,9,246,Monsoon
30.2,26.0,27.7,1004.4,81,60,25.0,246,0.5,51,0.0,27.6,76.0,9,247,Monsoon
30.4,25.9,27.7,1003.4,83,59,22.0,232,0.0,3,0.5,27.7,81.0,9,248,Monsoon
30.8,26.1,27.9,1003.3,83,47,18.4,204,0.0,3,0.0,27.7,83.0,9,249,Monsoon
31.6,25.6,28.1,1005.6,82,43,21.5,165,0.0,3,0.0,27.9,83.0,9,250,Monsoon
31.3,25.3,27.8,1008.1,79,28,19.0,181,0.0,2,0.0,28.1,82.0,9,251,Monsoon
30.5,24.5,27.3,1007.6,77,34,19.4,226,0.0,3,0.0,27.8,79.0,9,252,Monsoon
29.9,25.9,27.5,1004.9,72,48,28.4,243,0.0,3,0.0,27.3,77.0,9,253,Monsoon
29.2,26.2,27.5,1004.3,73,75,27.2,247,0.8,51,0.0,27.5,72.0,9,254,Monsoon
29.6,25.6,27.4,1005.2,77,62,22.5,242,0.1,51,0.8,27.5,73.0,9,255,Monsoon
30.1,25.0,27.3,1005.8,77,29,18.6,238,0.0,2,0.1,27.4,77.0,9,256,Monsoon
30.2,25.0,27.3,1006.6,75,25,18.5,246,0.0,2,0.0,27.3,77.0,9,257,Monsoon
31.1,24.5,27.3,1009.1,74,18,19.7,262,0.0,1,0.0,27.3,75.0,9,258,Monsoon
31.6,24.9,27.5,1009.1,76,14,19.9,268,0.0,2,0.0,27.3,74.0,9,259,Monsoon
30.5,24.9,27.2,1008.5,78,16,23.7,264,0.0,2,0.0,27.5,76.0,9,260,Monsoon
29.9,24.5,26.8,1006.9,78,21,26.5,258,0.0,2,0.0,27.2,78.0,9,261,Monsoon
30.2,24.7,27.1,1006.8,77,24,26.8,256,0.0,1,0.0,26.8,78.0,9,262,Monsoon
30.5,25.6,27.5,1005.9,77,27,29.2,249,0.0,2,0.0,27.1,77.0,9,263,Monsoon
33.0,25.4,28.4,1007.6,78,20,20.1,221,0.0,2,0.0,27.5,77.0,9,264,Monsoon
34.2,25.6,29.3,1008.5,73,3,21.4,261,0.0,0,0.0,28.4,78.0,9,265,Monsoon
34.2,25.5,29.0,1007.7,72,1,21.3,261,0.0,0,0.0,29.3,73.0,9,266,Monsoon
34.0,24.0,28.4,1006.3,76,6,16.6,240,0.0,1,0.0,29.0,72.0,9,267,Monsoon
34.1,23.6,28.0,1005.7,75,21,20.0,230,0.0,3,0.0,28.4,76.0,9,268,Monsoon
34.0,22.7,28.2,1006.3,68,23,19.7,255,0.0,3,0.0,28.0,75.0,9,269,Monsoon
35.2,26.1,29.8,1006.7,64,17,22.6,266,0.0,2,0.0,28.2,68.0,9,270,Monsoon
33.9,26.3,29.2,1006.1,68,0,27.0,266,0.0,0,0.0,29.8,64.0,9,271,Monsoon
32.5,25.9,28.5,1005.0,77,4,24.2,261,0.0,1,0.0,29.2,68.0,9,272,Monsoon
34.0,24.8,28.5,1005.1,79,24,21.7,275,0.0,3,0.0,28.5,77.0,9,273,Monsoon
36.0,24.5,29.5,1005.4,70,3,24.4,285,0.0,0,0.0,28.5,79.0,10,274,PostMonsoon
33.4,24.2,28.2,1006.1,73,1,21.9,269,0.0,0,0.0,29.5,70.0,10,275,PostMonsoon
32.3,24.2,27.6,1005.6,80,14,20.0,260,0.0,2,0.0,28.2,73.0,10,276,PostMonsoon
32.3,24.4,27.4,1005.6,81,31,17.3,257,0.0,3,0.0,27.6,80.0,10,277,PostMonsoon
32.4,23.7,27.3,1005.5,79,29,16.1,255,0.0,3,0.0,27.4,81.0,10,278,PostMonsoon
34.1,23.7,27.9,1005.6,74,34,17.2,183,0.0,3,0.0,27.3,79.0,10,279,PostMonsoon
37.0,24.6,30.0,1007.4,64,12,21.7,286,0.0,1,0.0,27.9,74.0,10,280,PostMonsoon
39.1,26.5,32.3,1007.5,46,3,18.0,322,0.0,0,0.0,30.0,64.0,10,281,PostMonsoon
39.5,27.1,32.8,1006.6,41,0,19.1,316,0.0,0,0.0,32.3,46.0,10,282,PostMonsoon
34.1,25.1,29.4,1006.7,65,1,21.4,219,0.0,0,0.0,32.8,41.0,10,283,PostMonsoon
31.8,26.2,28.5,1007.6,81,17,20.0,214,0.0,2,0.0,29.4,65.0,10,284,PostMonsoon
32.6,25.2,28.6,1008.6,76,14,13.0,227,0.0,1,0.0,28.5,81.0,10,285,PostMonsoon
33.2,25.8,29.0,1010.0,73,29,13.0,158,1.9,53,0.0,28.6,76.0,10,286,PostMonsoon
33.8,26.6,29.5,1009.7,71,7,21.0,271,0.0,1,1.9,29.0,73.0,10,287,PostMonsoon
32.7,25.5,28.1,1010.2,73,15,18.0,266,0.0,2,0.0,29.5,71.0,10,288,PostMonsoon
33.6,23.3,27.7,1011.2,69,12,19.0,279,0.0,2,0.0,28.1,73.0,10,289,PostMonsoon
35.5,22.7,28.5,1010.5,64,0,19.3,288,0.0,0,0.0,27.7,69.0,10,290,PostMonsoon
35.0,23.2,28.4,1009.7,62,0,21.5,282,0.0,0,0.0,28.5,64.0,10,291,PostMonsoon
33.5,23.3,27.4,1012.0,67,1,21.1,283,0.0,0,0.0,28.4,62.0,10,292,PostMonsoon
32.6,21.8,26.5,1013.0,69,5,17.0,280,0.0,1,0.0,27.4,67.0,10,293,PostMonsoon
31.3,20.7,26.0,1011.7,74,6,20.0,266,0.0,2,0.0,26.5,69.0,10,294,PostMonsoon
31.7,21.9,26.7,1012.0,75,5,19.0,268,0.0,1,0.0,26.0,74.0,10,295,PostMonsoon
34.0,22.0,27.7,1013.7,67,9,16.9,278,0.0,2,0.0,26.7,75.0,10,296,PostMonsoon
34.4,22.3,28.0,1012.2,60,0,20.1,291,0.0,0,0.0,27.7,67.0,10,297,PostMonsoon
31.9,23.8,27.3,1009.8,74,0,26.3,269,0.0,0,0.0,28.0,60.0,10,298,PostMonsoon
31.6,24.2,27.3,1008.5,77,2,21.4,264,0.0,0,0.0,27.3,74.0,10,299,PostMonsoon
31.8,23.8,27.4,1009.5,78,9,20.2,254,0.0,1,0.0,27.3,77.0,10,300,PostMonsoon
32.0,23.3,27.2,1011.3,78,9,20.0,273,0.0,2,0.0,27.4,78.0,10,301,PostMonsoon
33.1,21.9,27.1,1009.8,77,6,17.1,266,0.0,2,0.0,27.2,78.0,10,302,PostMonsoon
33.1,21.8,27.0,1009.7,75,21,16.1,210,0.0,3,0.0,27.1,77.0,10,303,PostMonsoon
31.7,22.7,26.6,1010.9,78,7,16.3,246,0.0,2,0.0,27.0,75.0,10,304,PostMonsoon
30.6,23.3,26.4,1011.9,79,36,19.6,262,0.0,3,0.0,26.6,78.0,11,305,PostMonsoon
29.6,24.0,26.1,1012.8,76,21,25.9,264,0.0,2,0.0,26.4,79.0,11,306,PostMonsoon
34.5,24.2,28.0,1010.9,57,7,20.6,279,0.0,1,0.0,26.1,76.0,11,307,PostMonsoon
33.7,20.2,27.0,1010.6,56,1,13.4,104,0.0,0,0.0,28.0,57.0,11,308,PostMonsoon
32.7,21.3,26.8,1012.4,48,0,18.7,324,0.0,0,0.0,27.0,56.0,11,309,PostMonsoon
33.1,19.5,26.9,1013.2,45,0,18.0,47,0.0,0,0.0,26.8,48.0,11,310,PostMonsoon
32.5,22.6,27.2,1014.4,31,0,26.0,55,0.0,0,0.0,26.9,45.0,11,311,PostMonsoon
31.9,21.6,26.4,1015.0,30,0,24.5,54,0.0,0,0.0,27.2,31.0,11,312,PostMonsoon
31.5,18.8,25.1,1015.0,40,0,16.6,337,0.0,0,0.0,26.4,30.0,11,313,PostMonsoon
30.0,20.5,24.8,1012.9,71,0,15.3,256,0.0,0,0.0,25.1,40.0,11,314,PostMonsoon
30.4,18.8,24.5,1012.4,68,6,12.6,305,0.0,2,0.0,24.8,71.0,11,315,PostMonsoon
32.7,20.1,26.1,1014.0,40,0,25.1,56,0.0,0,0.0,24.5,68.0,11,316,PostMonsoon
32.2,22.3,26.8,1015.5,32,0,25.9,59,0.0,0,0.0,26.1,40.0,11,317,PostMonsoon
31.3,19.4,25.4,1015.1,43,0,15.5,2,0.0,0,0.0,26.8,32.0,11,318,PostMonsoon
30.9,17.8,24.5,1013.7,64,0,16.3,294,0.0,0,0.0,25.4,43.0,11,319,PostMonsoon
31.6,18.4,24.8,1013.5,60,0,12.1,340,0.0,0,0.0,24.5,64.0,11,320,PostMonsoon
32.7,19.5,25.9,1014.3,40,0,22.7,53,0.0,0,0.0,24.8,60.0,11,321,PostMonsoon
33.0,22.4,27.1,1014.8,30,0,28.8,59,0.0,0,0.0,25.9,40.0,11,322,PostMonsoon
33.1,21.9,27.2,1014.8,35,2,16.0,41,0.0,0,0.0,27.1,30.0,11,323,PostMonsoon
32.6,21.7,26.9,1015.6,52,0,17.4,296,0.0,0,0.0,27.2,35.0,11,324,PostMonsoon
32.1,20.5,26.0,1015.5,68,0,15.2,267,0.0,0,0.0,26.9,52.0,11,325,PostMonsoon
31.3,18.9,25.0,1015.2,65,10,13.4,357,0.0,1,0.0,26.0,68.0,11,326,PostMonsoon
31.4,20.5,25.3,1015.4,54,0,14.3,20,0.0,0,0.0,25.0,65.0,11,327,PostMonsoon
28.6,18.2,23.2,1014.9,71,2,16.3,285,0.0,1,0.0,25.3,54.0,11,328,PostMonsoon
27.8,17.5,22.5,1015.2,70,0,10.8,304,0.0,0,0.0,23.2,71.0,11,329,PostMonsoon
29.2,18.0,23.5,1015.0,60,0,11.6,319,0.0,0,0.0,22.5,70.0,11,330,PostMonsoon
29.5,18.5,24.1,1015.7,51,0,10.9,343,0.0,0,0.0,23.5,60.0,11,331,PostMonsoon
28.9,17.3,23.3,1015.0,51,0,14.9,339,0.0,0,0.0,24.1,51.0,11,332,PostMonsoon
28.5,17.4,23.1,1014.6,60,9,10.1,326,0.0,3,0.0,23.3,51.0,11,333,PostMonsoon
29.6,17.7,23.5,1016.9,46,3,15.6,52,0.0,0,0.0,23.1,60.0,11,334,PostMonsoon
28.8,16.9,22.9,1016.3,49,2,13.0,347,0.0,1,0.0,23.5,46.0,12,335,Winter
28.3,16.5,22.6,1015.1,67,11,12.3,305,0.0,2,0.0,22.9,49.0,12,336,Winter
27.8,18.8,23.2,1014.1,78,5,20.1,277,0.0,1,0.0,22.6,67.0,12,337,Winter
29.3,21.0,24.7,1013.3,75,18,10.6,274,0.0,2,0.0,23.2,78.0,12,338,Winter
29.2,19.3,24.0,1013.7,68,2,12.9,63,0.0,1,0.0,24.7,75.0,12,339,Winter
28.5,18.4,23.4,1014.9,76,6,13.8,290,0.0,1,0.0,24.0,68.0,12,340,Winter
28.7,19.2,23.6,1013.9,76,0,17.9,279,0.0,0,0.0,23.4,76.0,12,341,Winter
29.3,19.8,24.1,1014.3,80,4,12.0,285,0.0,0,0.0,23.6,76.0,12,342,Winter
28.7,19.6,23.9,1014.6,83,25,18.3,278,0.0,3,0.0,24.1,80.0,12,343,Winter
31.4,20.1,25.2,1013.8,61,21,12.1,315,0.0,3,0.0,23.9,83.0,12,344,Winter
29.4,17.6,23.8,1014.9,59,0,9.5,79,0.0,0,0.0,25.2,61.0,12,345,Winter
29.1,19.8,23.8,1018.1,41,5,26.1,69,0.0,1,0.0,23.8,59.0,12,346,Winter
28.1,18.3,23.0,1019.8,45,6,19.5,46,0.0,2,0.0,23.8,41.0,12,347,Winter
27.5,17.4,22.6,1017.9,73,65,16.3,287,0.0,3,0.0,23.0,45.0,12,348,Winter
27.4,22.2,24.6,1016.6,72,95,15.6,358,0.0,3,0.0,22.6,73.0,12,349,Winter
27.2,19.6,23.1,1018.5,48,80,26.9,58,0.0,3,0.0,24.6,72.0,12,350,Winter
27.8,18.4,22.7,1019.4,50,25,18.5,40,0.0,2,0.0,23.1,48.0,12,351,Winter
28.6,18.3,23.0,1020.4,51,0,13.9,43,0.0,0,0.0,22.7,50.0,12,352,Winter
28.2,17.3,22.6,1020.7,42,11,16.4,58,0.0,2,0.0,23.0,51.0,12,353,Winter
26.0,17.2,21.0,1021.5,36,0,28.7,51,0.0,0,0.0,22.6,42.0,12,354,Winter
25.6,15.8,20.1,1021.1,40,0,22.1,57,0.0,0,0.0,21.0,36.0,12,355,Winter
26.5,15.0,20.4,1020.7,35,27,15.7,54,0.0,3,0.0,20.1,40.0,12,356,Winter
26.7,15.1,20.6,1019.8,33,28,14.5,54,0.0,3,0.0,20.4,35.0,12,357,Winter
26.9,15.3,20.8,1018.8,37,0,15.5,57,0.0,0,0.0,20.6,33.0,12,358,Winter
26.0,15.2,20.6,1017.0,48,30,12.0,38,0.0,3,0.0,20.8,37.0,12,359,Winter
27.2,16.4,21.6,1018.2,48,2,12.4,59,0.0,0,0.0,20.6,48.0,12,360,Winter
27.6,18.0,22.1,1021.0,41,2,24.6,54,0.0,0,0.0,21.6,48.0,12,361,Winter
27.4,16.9,21.8,1021.6,47,0,15.3,27,0.0,0,0.0,22.1,41.0,12,362,Winter
27.1,16.3,21.5,1020.0,56,0,11.7,1,0.0,0,0.0,21.8,47.0,12,363,Winter
27.3,16.6,21.6,1019.1,55,0,12.3,78,0.0,0,0.0,21.5,56.0,12,364,Winter
26.6,15.8,21.2,1018.8,54,8,10.9,32,0.0,3,0.0,21.6,55.0,12,365,Winter
26.3,14.4,20.5,1019.2,65,43,14.2,327,0.0,3,0.0,21.2,54.0,1,1,Winter
27.2,16.2,21.5,1020.0,54,91,13.3,57,0.0,3,0.0,20.5,65.0,1,2,Winter
27.4,16.6,21.6,1019.3,37,7,20.1,60,0.0,1,0.0,21.5,54.0,1,3,Winter
26.6,16.4,20.9,1018.1,41,0,23.1,57,0.0,0,0.0,21.6,37.0,1,4,Winter
25.5,17.1,20.6,1018.3,50,0,30.6,46,0.0,0,0.0,20.9,41.0,1,5,Winter
25.4,15.1,19.9,1018.3,52,0,16.8,43,0.0,0,0.0,20.6,50.0,1,6,Winter
26.1,15.0,19.9,1019.3,51,0,21.4,51,0.0,0,0.0,19.9,52.0,1,7,Winter
25.2,15.5,19.7,1019.1,44,40,29.2,61,0.0,3,0.0,19.9,51.0,1,8,Winter
25.3,15.7,19.8,1019.3,41,5,27.1,60,0.0,1,0.0,19.7,44.0,1,9,Winter
26.8,15.3,20.5,1019.0,39,0,18.7,61,0.0,0,0.0,19.8,41.0,1,10,Winter
26.8,14.9,20.6,1018.1,42,0,15.5,53,0.0,0,0.0,20.5,39.0,1,11,Winter
25.5,13.5,19.8,1015.9,63,13,19.1,282,0.0,3,0.0,20.6,42.0,1,12,Winter
26.6,20.3,23.3,1012.0,79,10,33.9,271,0.0,1,0.0,19.8,63.0,1,13,Winter
29.4,21.3,24.7,1010.0,64,16,21.9,282,0.0,3,0.0,23.3,79.0,1,14,Winter
24.2,17.9,21.0,1011.3,30,6,27.8,307,0.0,1,0.0,24.7,64.0,1,15,Winter
23.7,12.1,18.3,1012.6,39,0,14.5,346,0.0,0,0.0,21.0,30.0,1,16,Winter
23.5,13.0,18.0,1013.5,38,0,22.7,57,0.0,0,0.0,18.3,39.0,1,17,Winter
22.3,12.6,17.6,1014.0,43,0,15.0,25,0.0,0,0.0,18.0,38.0,1,18,Winter
21.9,12.4,17.4,1014.9,56,2,11.3,15,0.0,0,0.0,17.6,43.0,1,19,Winter
22.4,12.0,17.4,1017.6,41,0,11.7,53,0.0,0,0.0,17.4,56.0,1,20,Winter
22.6,11.5,17.2,1016.9,41,0,13.0,31,0.0,0,0.0,17.4,41.0,1,21,Winter
22.6,11.1,17.3,1015.5,56,0,13.0,312,0.0,0,0.0,17.2,41.0,1,22,Winter
24.2,14.7,19.5,1015.5,64,4,17.3,289,0.0,1,0.0,17.3,56.0,1,23,Winter
25.1,18.9,21.5,1014.6,69,7,24.8,274,0.0,1,0.0,19.5,64.0,1,24,Winter
26.9,19.4,22.6,1012.8,54,0,23.2,284,0.0,0,0.0,21.5,69.0,1,25,Winter
23.2,15.4,19.6,1013.9,27,0,28.5,314,0.0,0,0.0,22.6,54.0,1,26,Winter
23.9,13.2,18.6,1015.3,25,0,28.2,335,0.0,0,0.0,19.6,27.0,1,27,Winter
23.0,11.4,17.9,1017.0,52,0,18.2,238,0.0,0,0.0,18.6,25.0,1,28,Winter
24.7,12.9,18.7,1018.5,44,0,20.8,66,0.0,0,0.0,17.9,52.0,1,29,Winter
24.3,14.3,19.1,1019.9,27,0,20.1,62,0.0,0,0.0,18.7,44.0,1,30,Winter
24.5,11.9,18.5,1018.9,41,0,13.0,344,0.0,0,0.0,19.1,27.0,1,31,Winter
24.7,14.9,19.8,1019.4,70,3,19.3,292,0.0,0,0.0,18.5,41.0,2,32,Winter
28.0,14.8,21.4,1019.7,52,7,15.4,5,0.0,2,0.0,19.8,70.0,2,33,Winter
26.3,14.8,20.2,1018.8,24,0,23.5,59,0.0,0,0.0,21.4,52.0,2,34,Winter
24.8,12.8,18.8,1015.6,30,0,15.3,30,0.0,0,0.0,20.2,24.0,2,35,Winter
24.5,13.2,19.1,1014.4,60,1,22.3,289,0.0,0,0.0,18.8,30.0,2,36,Winter
25.0,14.7,19.9,1014.6,30,0,24.3,318,0.0,0,0.0,19.1,60.0,2,37,Winter
21.2,13.5,17.7,1014.8,23,0,24.3,318,0.0,0,0.0,19.9,30.0,2,38,Winter
22.5,12.0,17.2,1016.0,20,0,18.5,19,0.0,0,0.0,17.7,23.0,2,39,Winter
23.2,11.5,17.1,1019.1,24,0,25.9,58,0.0,0,0.0,17.2,20.0,2,40,Winter
22.3,12.6,17.1,1018.5,28,9,33.7,41,0.0,1,0.0,17.1,24.0,2,41,Winter
23.8,10.6,17.3,1017.6,42,15,19.2,328,0.0,3,0.0,17.1,28.0,2,42,Winter
25.1,15.2,19.9,1017.9,70,21,12.7,263,0.0,3,0.0,17.3,42.0,2,43,Winter
27.0,16.3,20.9,1019.6,37,17,29.4,55,0.0,3,0.0,19.9,70.0,2,44,Winter
28.0,16.4,21.8,1018.3,30,9,24.4,59,0.0,1,0.0,20.9,37.0,2,45,Winter
27.9,14.7,21.3,1017.2,36,1,13.6,30,0.0,0,0.0,21.8,30.0,2,46,Winter
26.6,13.6,20.4,1015.1,61,30,20.2,292,0.6,51,0.0,21.3,36.0,2,47,Winter
26.2,18.0,21.9,1015.3,71,5,18.2,269,0.0,1,0.6,20.4,61.0,2,48,Winter
28.8,15.4,22.1,1017.9,65,0,10.0,9,0.0,0,0.0,21.9,71.0,2,49,Winter
30.0,19.0,23.9,1020.0,46,20,23.7,59,0.0,3,0.0,22.1,65.0,2,50,Winter
27.4,17.4,22.3,1016.9,67,12,19.5,262,0.0,3,0.0,23.9,46.0,2,51,Winter
26.1,19.3,22.3,1015.6,73,27,21.3,267,0.0,2,0.0,22.3,67.0,2,52,Winter
26.2,20.5,22.9,1016.3,79,25,22.6,259,0.0,2,0.0,22.3,73.0,2,53,Winter
28.1,18.1,22.6,1017.3,66,0,19.8,270,0.0,0,0.0,22.9,79.0,2,54,Winter
27.2,16.9,22.0,1016.2,70,0,20.8,275,0.0,0,0.0,22.6,66.0,2,55,Winter
27.7,15.9,22.0,1015.7,67,4,20.5,269,0.0,1,0.0,22.0,70.0,2,56,Winter
27.4,16.2,21.8,1015.4,71,34,18.6,280,0.0,3,0.0,22.0,67.0,2,57,Winter
29.0,16.8,22.8,1015.0,63,49,17.4,356,0.0,3,0.0,21.8,71.0,2,58,Winter
27.3,18.8,23.0,1013.0,75,23,21.1,271,0.0,2,0.0,22.8,63.0,2,59,Winter
27.0,20.3,23.2,1011.8,77,28,17.3,269,0.0,3,0.0,23.0,75.0,3,60,HotDry
27.6,19.3,23.2,1013.3,62,54,17.4,321,0.0,3,0.0,23.2,77.0,3,61,HotDry
28.6,19.1,23.3,1014.2,67,53,17.2,279,0.0,3,0.0,23.2,62.0,3,62,HotDry
28.8,17.4,23.3,1013.7,66,77,18.5,277,0.0,3,0.0,23.3,67.0,3,63,HotDry
30.8,20.7,24.9,1012.9,66,71,20.6,274,0.0,3,0.0,23.3,66.0,3,64,HotDry
31.0,20.5,25.4,1012.6,62,82,22.4,266,0.0,3,0.0,24.9,66.0,3,65,HotDry
27.2,21.6,24.1,1010.4,71,43,28.1,256,0.0,3,0.0,25.4,62.0,3,66,HotDry
29.2,19.9,24.2,1008.0,58,49,23.8,261,0.0,3,0.0,24.1,71.0,3,67,HotDry
29.5,18.1,24.1,1011.5,59,24,20.1,63,0.0,2,0.0,24.2,58.0,3,68,HotDry
30.6,18.7,24.6,1016.0,61,59,15.1,342,0.0,3,0.0,24.1,59.0,3,69,HotDry
32.1,19.0,25.6,1016.4,51,26,19.6,300,0.0,2,0.0,24.6,61.0,3,70,HotDry
30.8,20.3,25.5,1015.0,52,43,16.4,264,0.0,3,0.0,25.6,51.0,3,71,HotDry
32.3,18.5,25.7,1015.2,54,13,17.1,338,0.0,1,0.0,25.5,52.0,3,72,HotDry
32.9,20.2,26.6,1013.7,48,0,21.3,294,0.0,0,0.0,25.7,54.0,3,73,HotDry
33.0,21.4,26.5,1012.7,47,0,21.5,286,0.0,0,0.0,26.6,48.0,3,74,HotDry
31.2,18.6,24.8,1012.1,61,0,23.1,273,0.0,0,0.0,26.5,47.0,3,75,HotDry
29.9,17.6,23.8,1012.1,66,0,19.7,268,0.0,0,0.0,24.8,61.0,3,76,HotDry
30.7,18.5,24.6,1014.1,55,56,17.8,282,0.0,3,0.0,23.8,66.0,3,77,HotDry
30.7,20.1,24.9,1014.5,49,86,15.7,299,0.0,3,0.0,24.6,55.0,3,78,HotDry
30.3,20.3,24.9,1012.5,68,7,23.8,274,0.0,1,0.0,24.9,49.0,3,79,HotDry
30.5,22.5,25.7,1009.6,72,0,25.2,267,0.0,0,0.0,24.9,68.0,3,80,HotDry
30.7,20.0,25.2,1009.3,72,0,25.5,265,0.0,0,0.0,25.7,72.0,3,81,HotDry
29.8,21.7,25.3,1007.5,77,3,28.8,259,0.0,0,0.0,25.2,72.0,3,82,HotDry
30.3,22.5,26.0,1004.6,66,2,26.9,260,0.0,1,0.0,25.3,77.0,3,83,HotDry
34.3,20.3,27.3,1004.5,42,5,14.8,302,0.0,2,0.0,26.0,66.0,3,84,HotDry
34.4,19.5,27.3,1007.2,39,0,21.9,23,0.0,0,0.0,27.3,42.0,3,85,HotDry
35.1,20.2,27.9,1009.2,41,0,22.3,303,0.0,0,0.0,27.3,39.0,3,86,HotDry
34.4,20.6,27.2,1009.8,43,0,25.9,285,0.0,0,0.0,27.9,41.0,3,87,HotDry
33.9,21.0,27.0,1010.5,52,2,22.8,274,0.0,0,0.0,27.2,43.0,3,88,HotDry
32.6,22.3,26.8,1009.7,62,0,28.6,263,0.0,0,0.0,27.0,52.0,3,89,HotDry
33.4,24.3,28.1,1008.2,63,5,27.4,262,0.0,2,0.0,26.8,62.0,3,90,HotDry
37.7,24.9,30.3,1009.2,52,13,24.9,275,0.0,3,0.0,28.1,63.0,4,91,HotDry
38.8,25.9,31.2,1009.1,29,27,23.4,305,0.0,3,0.0,30.3,52.0,4,92,HotDry
35.9,22.6,28.8,1006.6,52,0,22.3,249,0.0,0,0.0,31.2,29.0,4,93,HotDry
33.0,22.7,27.4,1005.7,74,29,23.8,240,0.0,3,0.0,28.8,52.0,4,94,HotDry
31.2,24.0,27.1,1007.2,77,69,22.7,241,0.0,3,0.0,27.4,74.0,4,95,HotDry
30.3,24.3,26.7,1009.0,74,45,22.2,252,0.0,3,0.0,27.1,77.0,4,96,HotDry
30.5,22.4,26.0,1009.9,63,25,20.3,263,0.0,3,0.0,26.7,74.0,4,97,HotDry
33.8,21.7,27.0,1010.3,62,14,25.4,288,0.0,2,0.0,26.0,63.0,4,98,HotDry
33.9,23.3,28.2,1010.2,61,1,24.7,262,0.0,0,0.0,27.0,62.0,4,99,HotDry
31.7,23.0,26.9,1008.2,65,12,26.7,267,0.0,3,0.0,28.2,61.0,4,100,HotDry
30.7,22.9,26.3,1008.0,69,66,27.1,262,0.0,3,0.0,26.9,65.0,4,101,HotDry
31.0,23.4,26.6,1009.2,73,47,31.1,264,0.0,3,0.0,26.3,69.0,4,102,HotDry
30.5,24.5,26.9,1009.4,76,58,31.3,261,0.0,3,0.0,26.6,73.0,4,103,HotDry
32.3,24.9,27.8,1007.8,68,67,35.6,256,0.0,3,0.0,26.9,76.0,4,104,HotDry
31.7,24.1,27.4,1007.5,61,36,28.5,261,0.0,3,0.0,27.8,68.0,4,105,HotDry
30.3,23.9,26.7,1008.1,69,79,27.2,257,0.0,3,0.0,27.4,61.0,4,106,HotDry
31.0,23.2,26.5,1008.5,70,37,25.7,263,0.0,3,0.0,26.7,69.0,4,107,HotDry
32.2,22.8,26.8,1007.6,68,0,24.6,268,0.0,0,0.0,26.5,70.0,4,108,HotDry
31.6,22.8,26.6,1007.6,70,0,26.8,266,0.0,0,0.0,26.8,68.0,4,109,HotDry
30.7,23.5,26.5,1008.6,77,14,30.4,265,0.0,2,0.0,26.6,70.0,4,110,HotDry
31.7,23.7,27.1,1006.5,76,6,30.7,263,0.0,1,0.0,26.5,77.0,4,111,HotDry
32.6,24.5,28.1,1004.9,73,0,34.3,259,0.0,0,0.0,27.1,76.0,4,112,HotDry
33.7,26.5,29.6,1004.9,53,0,36.8,256,0.0,0,0.0,28.1,73.0,4,113,HotDry
34.3,25.8,29.4,1004.1,51,0,33.4,264,0.0,0,0.0,29.6,53.0,4,114,HotDry
39.3,24.5,30.8,1004.7,45,0,25.3,280,0.0,0,0.0,29.4,51.0,4,115,HotDry
36.0,23.4,28.9,1006.7,62,0,24.2,256,0.0,0,0.0,30.8,45.0,4,116,HotDry
34.4,24.5,28.9,1005.7,61,0,32.8,263,0.0,0,0.0,28.9,62.0,4,117,HotDry
39.1,23.9,30.8,1004.9,56,0,27.1,265,0.0,0,0.0,28.9,61.0,4,118,HotDry
39.0,25.9,31.7,1003.9,48,0,28.5,271,0.0,0,0.0,30.8,56.0,4,119,HotDry
35.0,25.1,29.6,1002.5,63,0,32.1,262,0.0,0,0.0,31.7,48.0,4,120,HotDry
34.3,24.9,28.9,1002.1,69,0,25.7,260,0.0,0,0.0,29.6,63.0,5,121,HotDry
33.7,24.3,28.5,1003.2,72,6,23.7,257,0.0,2,0.0,28.9,69.0,5,122,HotDry
34.2,24.8,29.0,1005.2,70,0,25.1,271,0.0,0,0.0,28.5,72.0,5,123,HotDry
36.2,23.9,29.8,1004.1,61,0,26.3,277,0.0,0,0.0,29.0,70.0,5,124,HotDry
35.1,25.1,29.6,1002.0,65,0,29.4,261,0.0,0,0.0,29.8,61.0,5,125,HotDry
35.4,25.6,30.1,1000.4,65,0,26.6,246,0.0,0,0.0,29.6,65.0,5,126,HotDry
33.7,24.9,29.2,1002.8,73,1,26.0,220,0.0,0,0.0,30.1,65.0,5,127,HotDry
32.9,26.1,29.1,1005.6,77,33,26.3,239,0.0,2,0.0,29.2,73.0,5,128,HotDry
33.4,27.3,29.9,1008.0,73,30,30.9,255,0.0,2,0.0,29.1,77.0,5,129,HotDry
32.5,28.0,29.8,1007.5,78,20,40.3,264,0.0,2,0.0,29.9,73.0,5,130,HotDry
33.1,27.9,30.0,1003.3,77,16,44.1,264,0.0,2,0.0,29.8,78.0,5,131,HotDry
33.7,28.0,30.3,1000.6,77,5,44.7,262,0.0,0,0.0,30.0,77.0,5,132,HotDry
33.4,28.2,30.4,1002.6,77,20,43.7,261,0.0,1,0.0,30.3,77.0,5,133,HotDry
33.1,28.5,30.3,1004.4,77,44,40.0,255,0.2,51,0.0,30.4,77.0,5,134,HotDry
33.0,28.0,30.0,1004.9,78,25,36.0,259,0.0,2,0.2,30.3,77.0,5,135,HotDry
33.4,27.0,29.6,1003.6,77,5,26.6,259,0.0,1,0.0,30.0,78.0,5,136,HotDry
34.7,26.6,29.9,1001.6,74,0,25.9,255,0.0,0,0.0,29.6,77.0,5,137,HotDry
34.1,26.7,29.9,999.5,73,0,32.8,249,0.0,0,0.0,29.9,74.0,5,138,HotDry
39.6,27.6,32.6,996.1,46,0,39.3,269,0.0,0,0.0,29.9,73.0,5,139,HotDry
41.0,28.0,33.2,996.6,41,0,32.4,277,0.0,0,0.0,32.6,46.0,5,140,HotDry
34.9,26.6,30.4,999.9,68,1,28.3,250,0.0,1,0.0,33.2,41.0,5,141,HotDry
32.7,26.7,29.4,1003.5,79,33,28.4,242,0.0,2,0.0,30.4,68.0,5,142,HotDry
32.7,27.2,29.6,1004.9,75,35,29.8,245,0.0,2,0.0,29.4,79.0,5,143,HotDry
32.4,27.5,29.6,1006.2,74,31,31.1,251,0.0,2,0.0,29.6,75.0,5,144,HotDry
32.2,27.5,29.4,1005.0,76,45,35.6,254,0.0,2,0.0,29.6,74.0,5,145,HotDry
31.9,27.3,29.2,1003.6,76,56,40.1,250,0.0,3,0.0,29.4,76.0,5,146,HotDry
31.8,27.0,29.0,1001.8,78,43,42.3,247,0.0,3,0.0,29.2,76.0,5,147,HotDry
32.1,27.0,29.1,1001.4,80,39,37.5,250,0.0,2,0.0,29.0,78.0,5,148,HotDry
32.3,27.2,29.2,1003.5,78,46,34.9,256,0.0,2,0.0,29.1,80.0,5,149,HotDry
32.0,27.6,29.2,1004.7,77,40,33.9,256,0.0,3,0.0,29.2,78.0,5,150,HotDry
32.3,26.8,29.1,1004.8,77,21,34.9,262,0.0,2,0.0,29.2,77.0,5,151,HotDry
32.4,26.6,29.1,1003.8,78,22,33.6,258,0.0,2,0.0,29.1,77.0,6,152,Monsoon
33.0,27.4,29.7,1002.4,77,22,36.6,253,0.0,2,0.0,29.1,78.0,6,153,Monsoon
33.3,27.5,29.9,1001.9,77,13,36.1,252,0.0,1,0.0,29.7,77.0,6,154,Monsoon
33.4,27.6,30.0,1000.6,76,5,33.2,247,0.0,1,0.0,29.9,77.0,6,155,Monsoon
33.2,27.6,30.0,1000.0,77,5,29.4,239,0.0,0,0.0,30.0,76.0,6,156,Monsoon
33.2,27.2,29.7,998.9,81,15,25.0,221,0.0,2,0.0,30.0,77.0,6,157,Monsoon
32.6,27.0,29.4,1000.4,78,40,26.4,214,0.0,2,0.0,29.7,81.0,6,158,Monsoon
32.3,27.3,29.4,1000.6,75,44,27.3,235,0.0,2,0.0,29.4,78.0,6,159,Monsoon
32.2,27.1,29.3,1000.9,74,35,28.5,244,0.0,2,0.0,29.4,75.0,6,160,Monsoon
32.3,26.7,29.1,1001.6,75,21,27.3,250,0.0,1,0.0,29.3,74.0,6,161,Monsoon
32.8,26.6,29.3,1002.3,74,17,28.2,255,0.0,1,0.0,29.1,75.0,6,162,Monsoon
33.1,27.1,29.5,1001.0,75,23,31.4,256,0.0,2,0.0,29.3,74.0,6,163,Monsoon
33.0,27.3,29.8,999.4,74,24,32.6,253,0.0,2,0.0,29.5,75.0,6,164,Monsoon
33.3,27.9,30.3,998.8,73,26,28.9,245,0.0,2,0.0,29.8,74.0,6,165,Monsoon
33.6,28.0,30.3,998.1,74,22,24.3,246,0.0,1,0.0,30.3,73.0,6,166,Monsoon
33.9,28.0,30.6,997.6,71,21,20.6,251,0.0,2,0.0,30.3,74.0,6,167,Monsoon
38.6,28.1,31.8,997.7,70,17,32.0,210,0.0,2,0.0,30.6,71.0,6,168,Monsoon
36.5,29.5,31.9,998.4,71,32,25.2,169,0.0,2,0.0,31.8,70.0,6,169,Monsoon
34.8,29.2,31.4,997.4,74,38,23.8,231,0.0,2,0.0,31.9,71.0,6,170,Monsoon
33.8,28.4,30.8,998.0,74,31,27.2,245,0.0,2,0.0,31.4,74.0,6,171,Monsoon
33.6,28.6,30.8,997.8,72,46,29.5,246,0.0,2,0.0,30.8,74.0,6,172,Monsoon
33.6,28.6,30.7,996.8,73,21,30.2,245,0.0,2,0.0,30.8,72.0,6,173,Monsoon
33.8,28.0,30.3,997.5,76,15,32.9,243,0.0,1,0.0,30.7,73.0,6,174,Monsoon
33.2,28.3,30.4,999.4,75,36,37.8,250,0.0,2,0.0,30.3,76.0,6,175,Monsoon
33.2,28.6,30.4,999.4,76,42,25.7,252,0.0,3,0.0,30.4,75.0,6,176,Monsoon
33.7,28.3,30.6,999.1,77,33,23.5,244,0.0,3,0.0,30.4,76.0,6,177,Monsoon
33.6,27.6,30.3,1000.2,77,85,26.1,258,0.0,3,0.0,30.6,77.0,6,178,Monsoon
33.0,28.0,30.1,1002.3,77,80,31.6,259,0.0,3,0.0,30.3,77.0,6,179,Monsoon
32.6,27.7,29.9,1001.9,75,84,29.3,251,0.0,3,0.0,30.1,77.0,6,180,Monsoon
33.0,27.8,30.0,999.5,76,54,27.4,243,0.0,3,0.0,29.9,75.0,6,181,Monsoon
32.9,27.8,30.0,998.3,76,48,31.8,236,0.0,3,0.0,30.0,76.0,7,182,Monsoon
33.1,27.8,30.1,998.1,77,60,30.2,238,0.0,3,0.0,30.0,76.0,7,183,Monsoon
33.1,28.2,30.3,997.0,77,54,33.4,237,0.0,3,0.0,30.1,77.0,7,184,Monsoon
35.9,28.3,30.9,995.2,71,10,38.4,246,0.0,2,0.0,30.3,77.0,7,185,Monsoon
33.0,27.5,29.6,997.7,80,26,33.0,237,0.0,2,0.0,30.9,71.0,7,186,Monsoon
31.7,27.2,29.2,999.7,79,70,30.5,238,0.0,3,0.0,29.6,80.0,7,187,Monsoon
31.4,27.4,29.1,999.7,77,75,32.7,243,0.0,3,0.0,29.2,79.0,7,188,Monsoon
31.5,27.2,29.1,999.7,76,62,31.0,239,0.0,3,0.0,29.1,77.0,7,189,Monsoon
31.7,27.3,29.3,1000.1,74,45,30.6,244,0.0,2,0.0,29.1,76.0,7,190,Monsoon
32.1,27.7,29.5,1000.2,73,49,32.8,250,0.0,3,0.0,29.3,74.0,7,191,Monsoon
32.3,28.0,29.7,999.2,73,35,40.9,257,0.0,2,0.0,29.5,73.0,7,192,Monsoon
32.3,28.1,29.9,999.7,71,44,40.8,255,0.0,3,0.0,29.7,73.0,7,193,Monsoon
31.9,27.9,29.6,1001.4,73,59,36.2,252,0.0,3,0.0,29.9,71.0,7,194,Monsoon
31.2,27.5,29.0,1001.3,76,61,34.4,247,0.3,51,0.0,29.6,73.0,7,195,Monsoon
30.4,26.8,28.4,1001.2,79,58,33.6,245,0.8,51,0.3,29.0,76.0,7,196,Monsoon
29.8,26.5,27.9,1002.0,81,60,34.3,251,0.5,51,0.8,28.4,79.0,7,197,Monsoon
29.8,26.0,27.6,1000.9,80,70,29.4,248,0.0,3,0.5,27.9,81.0,7,198,Monsoon
29.6,26.0,27.5,1002.0,81,66,22.3,242,0.1,51,0.0,27.6,80.0,7,199,Monsoon
29.4,25.8,27.3,1003.0,81,70,28.3,252,0.0,3,0.1,27.5,81.0,7,200,Monsoon
29.2,25.7,27.3,1002.0,80,82,35.7,251,0.8,51,0.0,27.3,81.0,7,201,Monsoon
29.3,26.1,27.4,999.5,81,71,40.4,250,0.7,51,0.8,27.3,80.0,7,202,Monsoon
29.7,26.5,27.9,998.2,80,73,38.4,245,0.4,51,0.7,27.4,81.0,7,203,Monsoon
30.0,26.5,28.0,1001.4,81,62,32.4,242,0.2,51,0.4,27.9,80.0,7,204,Monsoon
29.6,26.5,27.8,1003.0,81,57,37.2,250,1.5,51,0.2,28.0,81.0,7,205,Monsoon
29.0,26.2,27.3,1002.3,82,54,43.1,256,0.6,51,1.5,27.8,81.0,7,206,Monsoon
29.1,25.8,27.2,1000.4,83,61,37.6,252,0.7,51,0.6,27.3,82.0,7,207,Monsoon
29.6,25.5,27.3,999.9,85,66,33.2,244,0.0,3,0.7,27.2,83.0,7,208,Monsoon
29.2,25.7,27.1,1001.8,84,70,31.3,247,0.0,3,0.0,27.3,85.0,7,209,Monsoon
29.6,25.7,27.1,1000.9,82,56,35.2,254,0.0,3,0.0,27.1,84.0,7,210,Monsoon
30.4,25.2,27.4,998.2,82,40,31.5,248,0.0,3,0.0,27.1,82.0,7,211,Monsoon
32.9,25.3,28.3,998.2,80,7,22.7,232,0.0,1,0.0,27.4,82.0,7,212,Monsoon
30.9,25.1,27.6,1000.7,81,41,19.5,220,0.0,3,0.0,28.3,80.0,8,213,Monsoon
30.8,25.0,27.4,1001.7,78,51,21.5,243,0.0,3,0.0,27.6,81.0,8,214,Monsoon
30.0,25.6,27.6,1000.2,73,80,26.6,250,0.0,3,0.0,27.4,78.0,8,215,Monsoon
29.9,26.0,27.7,999.1,74,92,25.1,240,0.0,3,0.0,27.6,73.0,8,216,Monsoon
30.9,26.0,28.0,999.5,75,90,20.6,235,0.0,3,0.0,27.7,74.0,8,217,Monsoon
30.6,25.8,28.0,998.6,75,76,24.8,239,0.0,3,0.0,28.0,75.0,8,218,Monsoon
30.6,26.2,28.1,1000.0,77,83,29.2,247,0.0,3,0.0,28.0,75.0,8,219,Monsoon
30.6,26.2,28.1,1000.0,77,64,30.7,254,0.0,3,0.0,28.1,77.0,8,220,Monsoon
30.4,26.2,28.0,998.8,76,57,30.7,252,0.0,3,0.0,28.1,77.0,8,221,Monsoon
30.3,26.4,28.2,998.9,78,64,26.4,242,0.1,51,0.0,28.0,76.0,8,222,Monsoon
30.4,26.7,28.2,998.6,79,92,34.0,246,0.6,51,0.1,28.2,78.0,8,223,Monsoon
29.9,26.6,28.0,997.0,81,95,36.1,245,0.0,3,0.6,28.2,79.0,8,224,Monsoon
30.0,26.2,27.8,996.2,83,62,35.4,242,0.0,3,0.0,28.0,81.0,8,225,Monsoon
30.6,25.8,27.7,997.7,83,62,23.5,234,0.0,3,0.0,27.8,83.0,8,226,Monsoon
30.2,25.2,27.2,1000.1,82,56,21.9,235,0.0,3,0.0,27.7,83.0,8,227,Monsoon
30.0,25.3,27.1,1000.2,77,58,26.7,251,0.0,3,0.0,27.2,82.0,8,228,Monsoon
29.8,25.2,27.1,999.1,78,56,27.1,249,0.0,3,0.0,27.1,77.0,8,229,Monsoon
29.7,25.2,27.0,999.6,80,70,23.8,243,0.0,3,0.0,27.1,78.0,8,230,Monsoon
30.2,25.1,27.1,1001.0,78,66,20.9,238,0.0,3,0.0,27.0,80.0,8,231,Monsoon
29.8,25.2,27.1,1000.2,77,59,23.2,235,0.0,3,0.0,27.1,78.0,8,232,Monsoon
30.3,24.9,27.2,999.9,76,46,18.8,223,0.0,3,0.0,27.1,77.0,8,233,Monsoon
30.9,25.4,27.6,1002.5,76,41,20.4,212,0.0,3,0.0,27.2,76.0,8,234,Monsoon
31.1,25.1,27.6,1005.0,74,32,22.5,223,0.0,2,0.0,27.6,76.0,8,235,Monsoon
31.5,25.4,28.0,1005.2,72,63,21.4,244,0.0,3,0.0,27.6,74.0,8,236,Monsoon
33.0,25.9,28.7,1003.1,74,50,26.9,275,0.0,3,0.0,28.0,72.0,8,237,Monsoon
34.4,26.4,29.3,1001.3,77,100,24.5,285,10.2,63,0.0,28.7,74.0,8,238,Monsoon
29.1,26.1,27.2,1003.0,85,86,31.1,107,3.0,51,10.2,29.3,77.0,8,239,Monsoon
28.8,25.4,26.9,1007.2,85,41,22.0,211,0.3,51,3.0,27.2,85.0,8,240,Monsoon
29.5,25.6,27.2,1007.5,82,32,27.9,254,0.0,2,0.3,26.9,85.0,8,241,Monsoon
29.3,25.9,27.2,1006.8,80,37,30.9,262,0.0,2,0.0,27.2,82.0,8,242,Monsoon
29.9,25.7,27.4,1005.8,80,40,30.9,263,0.0,3,0.0,27.2,80.0,8,243,Monsoon
30.0,25.5,27.3,1005.5,80,52,29.4,262,0.0,3,0.0,27.4,80.0,9,244,Monsoon
29.9,25.2,27.0,1005.9,81,56,26.3,261,0.0,3,0.0,27.3,80.0,9,245,Monsoon
29.5,24.8,26.6,1005.5,81,60,22.6,257,0.0,3,0.0,27.0,81.0,9,246,Monsoon
28.6,23.9,25.8,1003.6,81,31,24.6,256,0.0,2,0.0,26.6,81.0,9,247,Monsoon
29.2,23.7,25.8,1003.6,80,61,20.4,244,0.0,3,0.0,25.8,81.0,9,248,Monsoon
28.5,23.3,25.3,1004.8,79,47,25.3,258,0.0,3,0.0,25.8,80.0,9,249,Monsoon
28.3,23.8,25.6,1005.1,76,61,25.6,252,0.0,3,0.0,25.3,79.0,9,250,Monsoon
29.1,23.8,26.0,1005.7,76,44,25.2,250,0.0,2,0.0,25.6,76.0,9,251,Monsoon
29.3,24.3,26.3,1006.0,76,43,24.7,252,0.0,2,0.0,26.0,76.0,9,252,Monsoon
29.5,24.6,26.6,1005.2,73,28,25.3,257,0.0,2,0.0,26.3,76.0,9,253,Monsoon
30.2,24.8,26.9,1006.0,74,18,27.5,261,0.0,2,0.0,26.6,73.0,9,254,Monsoon
29.9,24.5,26.7,1006.6,79,23,30.0,265,0.0,2,0.0,26.9,74.0,9,255,Monsoon
29.5,24.4,26.5,1007.4,78,24,32.2,258,0.0,1,0.0,26.7,79.0,9,256,Monsoon
29.3,24.4,26.3,1009.4,77,28,31.3,256,0.0,2,0.0,26.5,78.0,9,257,Monsoon
29.4,24.2,26.3,1009.8,77,30,32.4,261,0.0,3,0.0,26.3,77.0,9,258,Monsoon
29.4,24.6,26.5,1009.0,79,43,36.5,257,0.0,3,0.0,26.3,77.0,9,259,Monsoon
28.8,24.7,26.5,1006.3,81,63,33.8,248,1.4,51,0.0,26.5,79.0,9,260,Monsoon
28.7,24.8,26.5,1007.5,84,51,27.2,238,1.5,51,1.4,26.5,81.0,9,261,Monsoon
29.0,24.6,26.4,1011.1,82,41,18.9,252,0.0,2,1.5,26.5,84.0,9,262,Monsoon
29.3,24.5,26.4,1011.9,80,24,23.8,263,0.0,2,0.0,26.4,82.0,9,263,Monsoon
29.7,24.4,26.6,1010.0,80,22,25.5,263,0.0,2,0.0,26.4,80.0,9,264,Monsoon
29.6,24.5,26.5,1008.2,80,24,22.2,256,0.0,2,0.0,26.6,80.0,9,265,Monsoon
29.3,24.1,26.3,1007.9,78,40,24.6,257,0.0,3,0.0,26.5,80.0,9,266,Monsoon
29.1,24.1,26.2,1005.8,76,52,28.4,251,0.0,3,0.0,26.3,78.0,9,267,Monsoon
29.3,24.3,26.4,1006.7,76,41,22.6,239,0.0,3,0.0,26.2,76.0,9,268,Monsoon
29.2,23.8,26.0,1010.2,77,28,19.2,255,0.0,2,0.0,26.4,76.0,9,269,Monsoon
29.6,24.0,26.2,1010.1,77,14,25.6,264,0.0,1,0.0,26.0,77.0,9,270,Monsoon
29.7,24.1,26.5,1009.4,79,18,26.0,259,0.0,2,0.0,26.2,77.0,9,271,Monsoon
30.4,24.3,26.8,1010.3,79,23,20.9,259,0.0,3,0.0,26.5,79.0,9,272,Monsoon
31.0,24.0,26.8,1010.3,77,16,20.6,268,0.0,2,0.0,26.8,79.0,9,273,Monsoon
31.4,23.5,26.7,1011.0,79,25,21.9,274,0.0,3,0.0,26.8,77.0,10,274,PostMonsoon
32.7,21.1,26.9,1011.1,76,6,22.4,273,0.0,1,0.0,26.7,79.0,10,275,PostMonsoon
33.4,24.4,28.2,1009.3,68,0,27.3,264,0.0,0,0.0,26.9,76.0,10,276,PostMonsoon
34.0,24.7,28.3,1008.3,71,0,22.8,264,0.0,0,0.0,28.2,68.0,10,277,PostMonsoon
32.0,22.1,27.1,1008.5,79,1,21.2,257,0.0,0,0.0,28.3,71.0,10,278,PostMonsoon
32.6,22.5,27.2,1010.0,79,29,19.7,277,0.0,3,0.0,27.1,79.0,10,279,PostMonsoon
37.3,21.7,29.1,1010.2,65,3,17.4,293,0.0,1,0.0,27.2,79.0,10,280,PostMonsoon
38.9,23.7,31.2,1009.9,48,0,19.1,299,0.0,0,0.0,29.1,65.0,10,281,PostMonsoon
39.6,23.5,31.4,1010.2,44,0,17.4,303,0.0,0,0.0,31.2,48.0,10,282,PostMonsoon
38.2,23.3,30.4,1010.4,46,0,18.6,291,0.0,0,0.0,31.4,44.0,10,283,PostMonsoon
38.0,23.3,30.3,1009.0,48,0,21.3,289,0.0,0,0.0,30.4,46.0,10,284,PostMonsoon
35.7,24.3,29.1,1005.8,68,0,19.8,275,0.0,0,0.0,30.3,48.0,10,285,PostMonsoon
35.1,23.0,28.3,1007.0,71,8,20.2,285,0.0,1,0.0,29.1,68.0,10,286,PostMonsoon
37.6,22.4,29.7,1008.6,49,0,15.3,339,0.0,0,0.0,28.3,71.0,10,287,PostMonsoon
36.2,22.6,28.8,1009.7,58,0,18.4,299,0.0,0,0.0,29.7,49.0,10,288,PostMonsoon
35.9,22.0,28.4,1009.3,58,5,21.0,289,0.0,1,0.0,28.8,58.0,10,289,PostMonsoon
34.4,22.5,28.0,1008.5,73,1,18.7,263,0.0,0,0.0,28.4,58.0,10,290,PostMonsoon
35.9,22.5,28.4,1007.1,73,4,19.9,270,0.0,1,0.0,28.0,73.0,10,291,PostMonsoon
35.2,23.9,28.5,1005.8,69,12,19.2,226,0.0,3,0.0,28.4,73.0,10,292,PostMonsoon
32.8,23.6,27.8,1007.1,76,7,19.7,206,0.0,1,0.0,28.5,69.0,10,293,PostMonsoon
32.2,24.0,27.6,1009.7,76,0,19.3,229,0.0,0,0.0,27.8,76.0,10,294,PostMonsoon
33.3,22.8,27.3,1011.8,72,23,18.2,297,0.0,3,0.0,27.6,76.0,10,295,PostMonsoon
31.5,22.2,26.4,1011.6,73,2,16.8,269,0.0,1,0.0,27.3,72.0,10,296,PostMonsoon
32.1,22.3,27.0,1011.3,77,7,17.3,272,0.0,1,0.0,26.4,73.0,10,297,PostMonsoon
35.1,21.9,28.2,1013.0,68,12,18.7,284,0.0,1,0.0,27.0,77.0,10,298,PostMonsoon
35.5,22.8,28.8,1013.4,59,0,19.2,285,0.0,0,0.0,28.2,68.0,10,299,PostMonsoon
34.3,23.0,28.1,1011.5,65,0,20.9,279,0.0,0,0.0,28.8,59.0,10,300,PostMonsoon
32.1,24.0,27.3,1009.0,76,0,22.9,255,0.0,0,0.0,28.1,65.0,10,301,PostMonsoon
32.2,23.5,27.1,1008.6,74,0,24.1,255,0.0,0,0.0,27.3,76.0,10,302,PostMonsoon
32.0,23.8,27.0,1010.9,75,35,20.7,250,0.0,3,0.0,27.1,74.0,10,303,PostMonsoon
33.0,22.2,26.9,1012.7,72,2,18.4,273,0.0,1,0.0,27.0,75.0,10,304,PostMonsoon
33.6,21.1,27.0,1012.7,67,0,16.3,285,0.0,0,0.0,26.9,72.0,11,305,PostMonsoon
34.3,20.2,27.5,1013.6,56,27,17.1,310,0.0,3,0.0,27.0,67.0,11,306,PostMonsoon
35.0,20.6,27.9,1013.9,51,17,17.4,301,0.0,3,0.0,27.5,56.0,11,307,PostMonsoon
34.8,22.2,28.2,1013.5,50,1,17.3,302,0.0,0,0.0,27.9,51.0,11,308,PostMonsoon
33.2,22.7,27.3,1012.4,52,2,20.3,291,0.0,0,0.0,28.2,50.0,11,309,PostMonsoon
32.0,20.2,25.9,1012.1,63,1,17.7,313,0.0,0,0.0,27.3,52.0,11,310,PostMonsoon
32.9,22.2,27.1,1013.9,46,5,18.4,47,0.0,1,0.0,25.9,63.0,11,311,PostMonsoon
31.9,24.2,27.3,1014.9,41,87,31.8,43,0.7,51,0.0,27.1,46.0,11,312,PostMonsoon
30.5,23.3,26.5,1014.7,42,50,24.9,39,0.2,51,0.7,27.3,41.0,11,313,PostMonsoon
30.5,22.2,26.1,1013.5,46,7,24.1,41,0.2,51,0.2,26.5,42.0,11,314,PostMonsoon
28.4,20.2,24.2,1013.5,58,4,17.3,27,0.0,0,0.2,26.1,46.0,11,315,PostMonsoon
28.6,19.3,23.8,1013.4,60,2,16.4,12,0.0,0,0.0,24.2,58.0,11,316,PostMonsoon
29.4,19.1,24.2,1014.1,58,0,13.7,36,0.0,0,0.0,23.8,60.0,11,317,PostMonsoon
29.4,18.4,24.1,1013.8,58,0,14.8,316,0.0,0,0.0,24.2,58.0,11,318,PostMonsoon
29.3,20.7,24.8,1012.8,75,0,19.6,267,0.0,0,0.0,24.1,58.0,11,319,PostMonsoon
29.4,20.6,24.4,1015.0,80,26,13.7,278,0.0,3,0.0,24.8,75.0,11,320,PostMonsoon
30.4,19.4,24.5,1015.6,70,16,14.2,301,0.0,2,0.0,24.4,80.0,11,321,PostMonsoon
31.4,19.2,25.0,1015.0,64,0,15.2,300,0.0,0,0.0,24.5,70.0,11,322,PostMonsoon
32.3,18.6,25.4,1013.4,63,15,13.1,317,0.0,3,0.0,25.0,64.0,11,323,PostMonsoon
32.2,19.3,25.5,1013.4,46,1,13.7,40,0.0,0,0.0,25.4,63.0,11,324,PostMonsoon
31.5,17.6,24.8,1014.0,48,17,10.5,38,0.0,2,0.0,25.5,46.0,11,325,PostMonsoon
31.9,19.3,25.6,1014.1,36,13,15.3,50,0.0,2,0.0,24.8,48.0,11,326,PostMonsoon
30.9,19.2,24.9,1013.5,38,73,12.5,17,0.0,3,0.0,25.6,36.0,11,327,PostMonsoon
29.7,17.7,23.5,1012.9,61,17,15.7,316,0.0,3,0.0,24.9,38.0,11,328,PostMonsoon
29.8,17.5,23.4,1012.5,68,0,14.1,298,0.0,0,0.0,23.5,61.0,11,329,PostMonsoon
28.5,15.9,22.3,1013.1,73,5,12.9,297,0.0,1,0.0,23.4,68.0,11,330,PostMonsoon
28.6,14.8,21.9,1014.6,71,47,16.5,308,0.0,3,0.0,22.3,73.0,11,331,PostMonsoon
28.1,19.1,23.1,1015.8,79,20,13.1,287,0.0,2,0.0,21.9,71.0,11,332,PostMonsoon
29.6,17.8,23.5,1017.1,64,4,14.9,328,0.0,1,0.0,23.1,79.0,11,333,PostMonsoon
28.5,17.9,23.0,1015.1,74,0,16.7,290,0.0,0,0.0,23.5,64.0,11,334,PostMonsoon
30.2,17.4,23.6,1014.3,48,6,22.2,69,0.0,1,0.0,23.0,74.0,12,335,Winter
29.0,18.0,23.4,1015.0,34,6,15.8,28,0.0,1,0.0,23.6,48.0,12,336,Winter
28.4,16.6,22.2,1014.9,60,0,16.6,302,0.0,0,0.0,23.4,34.0,12,337,Winter
28.2,16.5,22.4,1014.6,63,14,10.1,345,0.0,3,0.0,22.2,60.0,12,338,Winter
27.2,15.7,21.8,1014.6,50,40,13.5,46,0.0,3,0.0,22.4,63.0,12,339,Winter
26.2,18.1,21.5,1016.3,32,5,31.7,49,0.0,1,0.0,21.8,50.0,12,340,Winter
25.6,16.8,20.6,1017.7,29,0,28.6,47,0.0,0,0.0,21.5,32.0,12,341,Winter
26.3,14.8,20.0,1019.0,25,3,19.3,48,0.0,1,0.0,20.6,29.0,12,342,Winter
26.4,15.1,20.0,1019.8,27,22,24.5,54,0.0,3,0.0,20.0,25.0,12,343,Winter
25.7,12.7,19.2,1017.9,41,0,13.7,353,0.0,0,0.0,20.0,27.0,12,344,Winter
26.1,16.0,20.7,1017.0,67,26,18.1,286,0.0,3,0.0,19.2,41.0,12,345,Winter
28.3,16.5,21.9,1019.7,45,88,12.5,51,0.0,3,0.0,20.7,67.0,12,346,Winter
28.8,16.7,22.4,1020.8,31,85,13.7,44,0.0,3,0.0,21.9,45.0,12,347,Winter
29.1,16.7,22.3,1019.6,38,10,15.2,28,0.0,3,0.0,22.4,31.0,12,348,Winter
29.7,14.5,21.9,1017.1,47,5,10.7,38,0.0,1,0.0,22.3,38.0,12,349,Winter
28.8,14.5,21.6,1015.9,56,19,12.5,334,0.0,3,0.0,21.9,47.0,12,350,Winter
27.0,15.9,21.5,1014.5,75,27,13.1,294,0.0,3,0.0,21.6,56.0,12,351,Winter
26.7,17.6,22.0,1013.0,83,33,20.0,273,0.0,3,0.0,21.5,75.0,12,352,Winter
27.4,21.2,23.7,1011.4,80,49,20.6,267,0.0,3,0.0,22.0,83.0,12,353,Winter
27.4,21.3,23.6,1012.1,74,20,23.7,272,0.0,2,0.0,23.7,80.0,12,354,Winter
27.1,17.7,22.1,1013.7,67,0,17.7,290,0.0,0,0.0,23.6,74.0,12,355,Winter
25.8,15.3,20.9,1014.0,74,4,17.6,271,0.0,0,0.0,22.1,67.0,12,356,Winter
25.1,18.7,21.9,1012.8,82,40,22.0,281,1.0,55,0.0,20.9,74.0,12,357,Winter
26.4,17.7,21.9,1013.0,63,3,11.1,333,0.0,1,1.0,21.9,82.0,12,358,Winter
24.6,16.2,20.2,1015.7,54,4,24.1,76,0.0,0,0.0,21.9,63.0,12,359,Winter
23.1,16.4,19.6,1017.4,53,37,16.3,81,0.0,2,0.0,20.2,54.0,12,360,Winter
24.7,15.0,19.9,1017.8,61,2,11.9,43,0.0,0,0.0,19.6,53.0,12,361,Winter
23.9,14.8,19.6,1016.8,74,3,15.0,304,0.0,0,0.0,19.9,61.0,12,362,Winter
24.1,16.3,20.1,1014.7,66,8,19.2,268,0.0,1,0.0,19.6,74.0,12,363,Winter
24.6,14.0,19.8,1014.2,56,4,14.6,11,0.0,1,0.0,20.1,66.0,12,364,Winter
23.1,12.7,18.2,1017.4,56,0,13.9,324,0.0,0,0.0,19.8,56.0,12,365,Winter
22.6,12.9,18.9,1017.4,63,2,14.4,228,0.0,0,0.0,18.2,56.0,1,1,Winter
22.7,14.8,18.8,1018.5,60,13,13.5,18,0.0,1,0.0,18.9,63.0,1,2,Winter
23.8,14.4,18.7,1021.3,46,0,21.7,51,0.0,0,0.0,18.8,60.0,1,3,Winter
23.1,13.2,17.9,1020.7,45,0,24.0,59,0.0,0,0.0,18.7,46.0,1,4,Winter
23.3,12.9,18.0,1019.1,49,0,15.3,16,0.0,0,0.0,17.9,45.0,1,5,Winter
25.5,14.5,20.0,1018.9,68,1,15.1,301,0.0,0,0.0,18.0,49.0,1,6,Winter
25.6,14.8,20.0,1020.1,55,0,11.4,46,0.0,0,0.0,20.0,68.0,1,7,Winter
24.9,13.3,19.2,1018.8,55,0,11.2,9,0.0,0,0.0,20.0,55.0,1,8,Winter
25.7,13.6,19.6,1017.9,60,0,11.0,36,0.0,0,0.0,19.2,55.0,1,9,Winter
24.0,15.7,19.3,1020.3,45,0,29.7,51,0.0,0,0.0,19.6,60.0,1,10,Winter
25.2,13.2,18.9,1020.1,48,15,18.4,42,0.0,2,0.0,19.3,45.0,1,11,Winter
25.5,11.9,19.0,1019.7,57,0,12.6,37,0.0,0,0.0,18.9,48.0,1,12,Winter
25.9,14.6,19.7,1020.8,42,0,17.0,52,0.0,0,0.0,19.0,57.0,1,13,Winter
25.4,13.0,19.0,1020.5,40,0,14.3,48,0.0,0,0.0,19.7,42.0,1,14,Winter
25.3,11.9,18.7,1019.9,40,0,12.8,53,0.0,0,0.0,19.0,40.0,1,15,Winter
26.4,13.8,19.5,1019.1,33,4,23.2,59,0.0,2,0.0,18.7,40.0,1,16,Winter
27.0,16.5,20.9,1018.4,31,79,29.8,62,0.0,3,0.0,19.5,33.0,1,17,Winter
27.4,16.3,21.2,1018.6,30,22,27.0,69,0.0,3,0.0,20.9,31.0,1,18,Winter
26.2,15.9,20.6,1018.2,33,1,26.2,56,0.0,0,0.0,21.2,30.0,1,19,Winter
26.2,14.7,20.3,1017.8,39,15,15.6,51,0.0,3,0.0,20.6,33.0,1,20,Winter
25.0,13.2,19.4,1017.1,58,18,16.2,314,0.0,3,0.0,20.3,39.0,1,21,Winter
26.8,15.4,21.1,1015.3,66,10,14.1,284,0.0,3,0.0,19.4,58.0,1,22,Winter
27.7,15.8,21.9,1012.5,66,17,12.1,275,0.0,2,0.0,21.1,66.0,1,23,Winter
28.2,18.1,22.5,1010.7,64,3,14.8,276,0.0,1,0.0,21.9,66.0,1,24,Winter
27.8,18.4,22.8,1010.9,75,56,22.4,253,0.0,3,0.0,22.5,64.0,1,25,Winter
26.6,18.9,22.8,1013.9,78,88,14.1,277,0.1,51,0.0,22.8,75.0,1,26,Winter
24.1,19.4,21.5,1015.7,65,52,21.7,19,0.3,51,0.1,22.8,78.0,1,27,Winter
24.4,15.6,20.0,1016.2,74,5,16.7,250,0.0,0,0.3,21.5,65.0,1,28,Winter
24.7,16.3,20.6,1016.6,76,35,19.3,276,0.0,3,0.0,20.0,74.0,1,29,Winter
25.9,20.9,23.1,1013.9,73,41,32.5,263,0.3,51,0.0,20.6,76.0,1,30,Winter
25.8,19.2,22.4,1013.5,71,43,24.8,294,2.3,53,0.3,23.1,73.0,1,31,Winter
24.0,14.6,19.5,1015.6,62,0,12.4,338,0.0,0,2.3,22.4,71.0,2,32,Winter
25.0,15.5,20.0,1019.6,47,15,25.8,58,0.0,1,0.0,19.5,62.0,2,33,Winter
23.9,14.1,18.8,1020.9,46,0,25.9,52,0.0,0,0.0,20.0,47.0,2,34,Winter
25.4,12.6,18.9,1019.5,48,0,13.4,47,0.0,0,0.0,18.8,46.0,2,35,Winter
26.8,13.4,20.0,1018.4,43,0,17.0,52,0.0,0,0.0,18.9,48.0,2,36,Winter
26.0,12.5,19.5,1015.2,65,0,18.5,282,0.0,0,0.0,20.0,43.0,2,37,Winter
30.0,17.8,23.2,1012.1,59,5,14.8,303,0.0,1,0.0,19.5,65.0,2,38,Winter
27.6,13.6,21.2,1010.9,59,1,15.3,319,0.0,1,0.0,23.2,59.0,2,39,Winter
27.7,16.5,21.8,1011.6,42,0,17.7,41,0.0,0,0.0,21.2,59.0,2,40,Winter
27.8,16.8,22.1,1012.9,34,0,23.0,52,0.0,0,0.0,21.8,42.0,2,41,Winter
28.5,17.0,22.5,1014.6,31,0,22.1,65,0.0,0,0.0,22.1,34.0,2,42,Winter
27.9,14.9,21.6,1015.1,43,21,14.8,1,0.0,3,0.0,22.5,31.0,2,43,Winter
27.7,15.8,21.9,1014.2,66,14,16.1,289,0.0,3,0.0,21.6,43.0,2,44,Winter
28.7,16.9,22.3,1012.7,74,15,19.7,268,0.0,1,0.0,21.9,66.0,2,45,Winter
27.5,17.8,22.1,1012.7,79,33,19.7,269,0.0,3,0.0,22.3,74.0,2,46,Winter
25.6,19.2,22.3,1012.0,78,85,18.8,257,0.0,3,0.0,22.1,79.0,2,47,Winter
24.4,20.4,22.5,1007.5,81,79,29.1,237,2.7,53,0.0,22.3,78.0,2,48,Winter
24.5,18.3,22.0,1004.7,59,16,41.4,261,0.0,1,2.7,22.5,81.0,2,49,Winter
23.1,13.1,18.8,1010.8,40,0,26.4,279,0.0,0,0.0,22.0,59.0,2,50,Winter
25.9,16.2,21.4,1015.3,56,4,15.5,295,0.0,1,0.0,18.8,40.0,2,51,Winter
27.2,17.0,22.2,1018.5,40,16,25.5,53,0.0,2,0.0,21.4,56.0,2,52,Winter
26.3,16.7,21.6,1016.6,61,72,22.1,243,0.0,3,0.0,22.2,40.0,2,53,Winter
27.8,21.0,23.5,1013.1,80,71,24.9,267,0.0,3,0.0,21.6,61.0,2,54,Winter
30.5,18.6,24.1,1013.8,68,37,16.2,347,0.0,3,0.0,23.5,80.0,2,55,Winter
28.1,19.9,23.8,1012.8,80,11,23.9,266,0.0,1,0.0,24.1,68.0,2,56,Winter
29.2,22.3,25.1,1010.8,71,3,25.1,259,0.0,0,0.0,23.8,80.0,2,57,Winter
29.9,21.4,25.2,1010.7,74,1,25.9,257,0.0,0,0.0,25.1,71.0,2,58,Winter
30.8,22.8,25.8,1010.8,67,14,26.8,264,0.0,3,0.0,25.2,74.0,2,59,Winter
28.8,22.9,25.1,1009.3,67,0,34.4,258,0.0,0,0.0,25.8,67.0,3,60,HotDry
29.1,21.0,24.5,1010.8,39,0,29.1,291,0.0,0,0.0,25.1,67.0,3,61,HotDry
25.6,15.3,20.4,1017.5,16,0,32.7,341,0.0,0,0.0,24.5,39.0,3,62,HotDry
25.8,11.8,19.6,1017.4,24,0,17.2,30,0.0,0,0.0,20.4,16.0,3,63,HotDry
26.9,12.9,20.3,1015.7,41,0,17.5,308,0.0,0,0.0,19.6,24.0,3,64,HotDry
31.0,15.8,22.9,1014.4,54,0,14.5,301,0.0,0,0.0,20.3,41.0,3,65,HotDry
31.2,14.6,23.2,1014.3,55,3,15.5,292,0.0,1,0.0,22.9,54.0,3,66,HotDry
29.6,17.1,23.1,1012.2,64,0,21.0,249,0.0,0,0.0,23.2,55.0,3,67,HotDry
29.7,20.0,24.2,1010.6,72,10,19.6,263,0.0,3,0.0,23.1,64.0,3,68,HotDry
34.6,18.2,26.2,1011.1,48,28,19.5,313,0.0,3,0.0,24.2,72.0,3,69,HotDry
31.5,18.4,25.1,1010.8,43,3,15.9,124,0.0,1,0.0,26.2,48.0,3,70,HotDry
32.4,17.5,25.3,1011.8,50,19,14.8,111,0.0,3,0.0,25.1,43.0,3,71,HotDry
32.9,18.6,25.5,1014.1,50,21,20.7,187,0.0,3,0.0,25.3,50.0,3,72,HotDry
30.9,17.8,24.3,1014.5,59,89,18.5,273,0.0,3,0.0,25.5,50.0,3,73,HotDry
28.5,20.9,24.2,1011.0,77,41,20.8,264,0.0,3,0.0,24.3,59.0,3,74,HotDry
29.0,20.1,24.4,1009.5,76,18,21.9,257,0.0,2,0.0,24.2,77.0,3,75,HotDry
29.5,18.6,23.8,1011.4,74,12,24.1,255,0.0,3,0.0,24.4,76.0,3,76,HotDry
29.4,20.0,24.3,1012.7,68,8,23.7,276,0.0,2,0.0,23.8,74.0,3,77,HotDry
30.6,18.3,24.5,1013.2,70,0,21.8,276,0.0,0,0.0,24.3,68.0,3,78,HotDry
31.6,20.0,25.2,1012.2,69,23,23.2,275,0.0,3,0.0,24.5,70.0,3,79,HotDry
29.9,18.8,24.3,1010.8,76,33,23.5,265,0.0,3,0.0,25.2,69.0,3,80,HotDry
29.4,20.9,25.1,1011.7,79,51,24.7,257,0.0,3,0.0,24.3,76.0,3,81,HotDry
32.0,22.0,26.6,1012.5,77,24,21.1,266,0.0,2,0.0,25.1,79.0,3,82,HotDry
32.5,21.9,27.1,1013.2,69,20,25.6,280,0.0,3,0.0,26.6,77.0,3,83,HotDry
35.0,23.5,28.7,1011.8,57,0,28.2,294,0.0,0,0.0,27.1,69.0,3,84,HotDry
34.1,22.6,27.6,1012.6,62,8,21.7,273,0.0,3,0.0,28.7,57.0,3,85,HotDry
32.2,22.1,26.6,1011.8,72,43,25.0,266,0.0,3,0.0,27.6,62.0,3,86,HotDry
29.2,22.9,25.7,1009.7,76,32,29.3,263,0.0,3,0.0,26.6,72.0,3,87,HotDry
30.5,24.2,26.7,1007.5,72,15,27.9,262,0.0,1,0.0,25.7,76.0,3,88,HotDry
32.0,22.8,26.7,1008.7,65,0,27.0,267,0.0,0,0.0,26.7,72.0,3,89,HotDry
32.2,23.7,27.2,1010.3,67,0,25.9,265,0.0,0,0.0,26.7,65.0,3,90,HotDry
37.7,20.3,29.0,1008.6,53,0,24.6,282,0.0,0,0.0,27.2,67.0,4,91,HotDry
36.2,25.9,30.4,1005.3,49,0,30.2,268,0.0,0,0.0,29.0,53.0,4,92,HotDry
38.6,25.6,31.4,1003.9,35,0,27.3,302,0.0,0,0.0,30.4,49.0,4,93,HotDry
36.7,25.1,30.7,1005.2,22,0,21.1,324,0.0,0,0.0,31.4,35.0,4,94,HotDry
36.1,21.1,29.3,1008.3,36,1,26.8,57,0.0,0,0.0,30.7,22.0,4,95,HotDry
37.6,24.3,30.9,1011.2,22,3,26.2,49,0.0,1,0.0,29.3,36.0,4,96,HotDry
38.1,23.5,31.1,1013.3,23,0,21.9,28,0.0,0,0.0,30.9,22.0,4,97,HotDry
37.5,22.6,30.2,1010.8,36,0,22.2,273,0.0,0,0.0,31.1,23.0,4,98,HotDry
35.9,22.8,28.5,1008.3,61,0,22.7,262,0.0,0,0.0,30.2,36.0,4,99,HotDry
36.2,21.2,28.0,1008.2,69,12,19.8,256,0.0,3,0.0,28.5,61.0,4,100,HotDry
31.7,22.4,26.7,1010.2,76,11,20.8,246,0.0,2,0.0,28.0,69.0,4,101,HotDry
31.0,24.1,27.1,1010.3,70,13,31.8,251,0.0,1,0.0,26.7,76.0,4,102,HotDry
30.0,24.7,27.2,1007.9,70,43,31.7,252,0.0,2,0.0,27.1,70.0,4,103,HotDry
31.0,25.5,27.7,1008.2,72,27,32.8,257,0.0,3,0.0,27.2,70.0,4,104,HotDry
30.7,24.8,27.4,1008.9,77,71,35.0,262,0.0,3,0.0,27.7,72.0,4,105,HotDry
33.0,25.4,28.5,1009.6,73,61,26.0,268,0.0,3,0.0,27.4,77.0,4,106,HotDry
33.3,24.8,28.3,1009.3,74,58,26.8,264,0.0,3,0.0,28.5,73.0,4,107,HotDry
31.9,25.2,27.8,1007.3,69,57,42.8,258,0.0,3,0.0,28.3,74.0,4,108,HotDry
32.9,24.3,28.0,1006.2,61,0,33.2,264,0.0,0,0.0,27.8,69.0,4,109,HotDry
34.8,24.2,29.4,1006.3,32,3,22.0,301,0.0,1,0.0,28.0,61.0,4,110,HotDry
36.4,21.1,29.4,1009.2,42,13,20.9,322,0.0,2,0.0,29.4,32.0,4,111,HotDry
37.2,22.8,30.0,1009.5,41,19,24.7,286,0.0,3,0.0,29.4,42.0,4,112,HotDry
33.0,24.0,28.1,1009.4,62,45,29.8,267,0.0,3,0.0,30.0,41.0,4,113,HotDry
31.2,23.8,27.3,1007.1,76,18,34.1,258,0.0,2,0.0,28.1,62.0,4,114,HotDry
37.5,26.2,30.8,1003.8,54,0,29.8,265,0.0,0,0.0,27.3,76.0,4,115,HotDry
39.4,25.7,32.1,1003.3,37,0,28.8,287,0.0,0,0.0,30.8,54.0,4,116,HotDry
39.1,22.7,30.6,1003.7,52,0,26.2,270,0.0,0,0.0,32.1,37.0,4,117,HotDry
35.2,24.7,29.7,1005.0,57,0,28.8,258,0.0,0,0.0,30.6,52.0,4,118,HotDry
34.3,24.6,29.2,1006.7,61,0,28.1,265,0.0,0,0.0,29.7,57.0,4,119,HotDry
34.5,24.6,29.0,1006.7,63,0,29.0,262,0.0,0,0.0,29.2,61.0,4,120,HotDry
32.5,24.2,28.0,1003.5,72,6,28.9,255,0.0,1,0.0,29.0,63.0,5,121,HotDry
37.6,25.1,30.8,1001.9,51,0,26.3,269,0.0,0,0.0,28.0,72.0,5,122,HotDry
35.3,24.5,29.7,1004.4,25,0,26.6,293,0.0,0,0.0,30.8,51.0,5,123,HotDry
36.7,24.4,30.0,1003.5,30,0,24.9,287,0.0,0,0.0,29.7,25.0,5,124,HotDry
39.4,23.8,31.1,1003.4,42,0,28.6,282,0.0,0,0.0,30.0,30.0,5,125,HotDry
38.6,24.8,31.0,1005.0,41,0,25.0,274,0.0,0,0.0,31.1,42.0,5,126,HotDry
33.3,23.6,28.0,1006.8,69,6,29.0,254,0.0,1,0.0,31.0,41.0,5,127,HotDry
32.3,24.4,27.9,1007.8,75,15,22.3,259,0.0,2,0.0,28.0,69.0,5,128,HotDry
33.3,24.5,28.2,1008.6,71,17,22.0,269,0.0,2,0.0,27.9,75.0,5,129,HotDry
32.8,25.0,28.1,1008.8,75,18,25.4,269,0.0,2,0.0,28.2,71.0,5,130,HotDry
33.2,25.1,28.5,1006.6,78,17,24.5,264,0.0,2,0.0,28.1,75.0,5,131,HotDry
33.1,25.6,28.8,1004.6,78,27,26.0,253,0.0,3,0.0,28.5,78.0,5,132,HotDry
36.6,25.1,29.8,1004.4,74,13,23.4,248,0.0,3,0.0,28.8,78.0,5,133,HotDry
34.4,25.0,29.1,1005.3,76,20,25.5,261,0.0,2,0.0,29.8,74.0,5,134,HotDry
33.1,25.6,28.9,1005.4,77,17,29.5,263,0.0,2,0.0,29.1,76.0,5,135,HotDry
32.7,26.2,29.1,1005.5,78,25,33.2,261,0.0,2,0.0,28.9,77.0,5,136,HotDry
33.4,26.7,29.6,1003.8,77,16,32.7,257,0.0,1,0.0,29.1,78.0,5,137,HotDry
33.4,26.9,29.6,1002.7,78,12,36.0,258,0.0,2,0.0,29.6,77.0,5,138,HotDry
32.6,27.3,29.4,1004.2,77,29,37.6,259,0.0,2,0.0,29.6,78.0,5,139,HotDry
32.7,27.0,29.5,1006.0,76,33,37.3,259,0.0,2,0.0,29.4,77.0,5,140,HotDry
32.4,27.2,29.4,1006.8,75,47,37.4,257,0.0,3,0.0,29.5,76.0,5,141,HotDry
32.4,27.2,29.5,1004.6,76,31,34.9,253,0.0,2,0.0,29.4,75.0,5,142,HotDry
32.8,26.8,29.3,1004.0,79,29,34.5,256,0.0,2,0.0,29.5,76.0,5,143,HotDry
32.1,27.0,29.0,1005.9,75,31,34.1,255,0.0,2,0.0,29.3,79.0,5,144,HotDry
32.3,26.7,29.1,1007.5,73,37,27.7,243,0.0,2,0.0,29.0,75.0,5,145,HotDry
32.4,26.5,29.1,1007.7,77,34,26.6,251,0.1,51,0.0,29.1,73.0,5,146,HotDry
31.7,26.4,28.6,1005.6,76,27,29.7,255,0.0,1,0.1,29.1,77.0,5,147,HotDry
32.8,26.1,28.9,1004.3,77,14,32.0,256,0.0,1,0.0,28.6,76.0,5,148,HotDry
32.4,26.0,28.8,1006.5,78,26,30.8,258,0.0,1,0.0,28.9,77.0,5,149,HotDry
31.8,26.6,28.9,1007.3,75,25,33.1,260,0.0,2,0.0,28.8,78.0,5,150,HotDry
32.2,26.7,29.1,1007.4,77,20,35.5,264,0.0,2,0.0,28.9,75.0,5,151,HotDry
33.0,26.8,29.5,1004.7,78,25,34.6,261,0.0,2,0.0,29.1,77.0,6,152,Monsoon
33.8,27.0,29.8,1002.5,77,9,32.5,254,0.0,1,0.0,29.5,78.0,6,153,Monsoon
33.0,26.9,29.5,1002.0,79,21,34.4,250,0.0,2,0.0,29.8,77.0,6,154,Monsoon
33.2,26.9,29.6,1000.4,80,13,33.5,248,0.0,2,0.0,29.5,79.0,6,155,Monsoon
33.6,26.9,29.7,998.6,80,12,27.4,235,0.0,2,0.0,29.6,80.0,6,156,Monsoon
33.0,26.9,29.5,998.4,81,23,31.7,236,0.0,2,0.0,29.7,80.0,6,157,Monsoon
32.3,27.2,29.3,999.2,80,55,34.8,245,0.0,3,0.0,29.5,81.0,6,158,Monsoon
31.6,27.4,29.1,1000.2,81,58,34.3,245,0.1,51,0.0,29.3,80.0,6,159,Monsoon
31.9,27.0,29.1,1001.2,81,55,30.8,248,0.1,51,0.1,29.1,81.0,6,160,Monsoon
32.1,27.4,29.3,1000.5,79,56,32.8,247,0.2,51,0.1,29.1,81.0,6,161,Monsoon
32.2,27.0,29.3,999.4,80,51,32.3,246,0.0,3,0.2,29.3,79.0,6,162,Monsoon
32.8,27.5,29.8,999.8,81,56,29.2,246,0.0,3,0.0,29.3,80.0,6,163,Monsoon
33.7,27.7,30.3,999.5,80,33,27.0,243,0.0,3,0.0,29.8,81.0,6,164,Monsoon
33.7,27.7,30.4,999.5,80,34,22.9,224,0.0,3,0.0,30.3,80.0,6,165,Monsoon
33.6,27.6,30.4,998.3,75,28,21.3,208,0.0,2,0.0,30.4,80.0,6,166,Monsoon
33.7,27.4,30.4,997.5,72,17,21.1,202,0.0,1,0.0,30.4,75.0,6,167,Monsoon
34.5,27.8,30.9,997.7,70,20,20.7,229,0.0,3,0.0,30.4,72.0,6,168,Monsoon
34.8,28.2,31.1,998.9,72,27,21.7,237,0.0,2,0.0,30.9,70.0,6,169,Monsoon
33.6,28.1,30.5,998.4,73,42,20.4,253,0.0,3,0.0,31.1,72.0,6,170,Monsoon
33.6,28.3,30.5,996.0,72,27,24.2,251,0.0,2,0.0,30.5,73.0,6,171,Monsoon
33.4,28.2,30.4,995.0,75,36,27.4,251,0.0,2,0.0,30.5,72.0,6,172,Monsoon
32.9,27.8,30.0,996.1,76,44,30.7,251,0.0,2,0.0,30.4,75.0,6,173,Monsoon
32.2,28.0,29.8,996.6,76,56,33.8,247,0.0,3,0.0,30.0,76.0,6,174,Monsoon
32.6,27.3,29.6,998.0,76,53,23.5,240,0.0,2,0.0,29.8,76.0,6,175,Monsoon
32.5,27.6,29.6,998.5,75,69,26.3,244,0.0,3,0.0,29.6,76.0,6,176,Monsoon
32.3,27.5,29.6,997.8,76,56,28.7,243,0.0,3,0.0,29.6,75.0,6,177,Monsoon
32.3,27.3,29.5,998.2,77,54,30.4,248,0.0,3,0.0,29.6,76.0,6,178,Monsoon
31.7,27.7,29.4,998.4,76,80,34.3,252,0.0,3,0.0,29.5,77.0,6,179,Monsoon
31.8,27.6,29.4,996.7,78,52,36.8,250,0.0,2,0.0,29.4,76.0,6,180,Monsoon
32.1,28.0,29.8,995.7,78,53,32.8,243,0.0,3,0.0,29.4,78.0,6,181,Monsoon
33.0,27.6,30.0,997.5,79,44,22.7,219,0.0,3,0.0,29.8,78.0,7,182,Monsoon
35.6,27.2,30.9,1000.4,73,27,23.8,222,0.0,2,0.0,30.0,79.0,7,183,Monsoon
34.4,28.2,30.9,1001.3,73,84,24.7,258,0.0,3,0.0,30.9,73.0,7,184,Monsoon
34.2,28.2,30.8,998.6,74,67,25.0,244,0.0,3,0.0,30.9,73.0,7,185,Monsoon
34.1,28.7,31.1,997.8,74,99,19.6,235,0.0,3,0.0,30.8,74.0,7,186,Monsoon
32.2,27.9,29.8,999.7,80,100,22.6,82,14.3,63,0.0,31.1,74.0,7,187,Monsoon
30.2,26.3,28.3,999.7,85,98,19.3,119,14.1,61,14.3,29.8,80.0,7,188,Monsoon
29.5,26.8,28.0,998.8,88,92,25.0,232,12.0,63,14.1,28.3,85.0,7,189,Monsoon
29.6,27.1,28.3,998.1,86,96,25.8,249,1.9,53,12.0,28.0,88.0,7,190,Monsoon
30.4,27.1,28.6,999.0,87,74,20.3,243,0.5,51,1.9,28.3,86.0,7,191,Monsoon
31.3,27.4,29.1,998.8,85,41,17.1,242,0.0,3,0.5,28.6,87.0,7,192,Monsoon
31.3,27.5,29.1,998.2,84,30,20.2,237,0.0,2,0.0,29.1,85.0,7,193,Monsoon
31.7,27.8,29.5,998.4,83,61,21.2,239,0.0,3,0.0,29.1,84.0,7,194,Monsoon
32.8,27.9,30.0,998.9,80,62,21.5,243,0.0,3,0.0,29.5,83.0,7,195,Monsoon
33.2,28.1,30.3,999.4,77,85,19.5,245,0.0,3,0.0,30.0,80.0,7,196,Monsoon
33.5,28.6,30.8,999.2,77,99,24.2,268,1.1,51,0.0,30.3,77.0,7,197,Monsoon
30.0,27.5,28.7,999.2,87,100,21.1,31,79.3,65,1.1,30.8,77.0,7,198,Monsoon
32.0,27.3,28.7,1002.1,85,95,23.4,94,10.0,61,79.3,28.7,87.0,7,199,Monsoon
30.8,27.1,28.8,1001.4,87,69,20.1,207,0.1,51,10.0,28.7,85.0,7,200,Monsoon
31.0,28.0,29.3,1000.0,83,73,28.7,250,0.5,51,0.1,28.8,87.0,7,201,Monsoon
30.6,28.0,29.1,1000.6,84,75,33.7,253,1.2,51,0.5,29.3,83.0,7,202,Monsoon
30.7,27.9,29.0,1000.5,84,97,28.0,259,0.3,51,1.2,29.1,84.0,7,203,Monsoon
30.0,27.8,28.7,998.7,86,95,28.7,257,0.2,51,0.3,29.0,84.0,7,204,Monsoon
30.3,27.7,28.7,997.0,88,95,29.2,263,0.2,51,0.2,28.7,86.0,7,205,Monsoon
29.7,27.5,28.3,995.8,89,100,28.6,275,10.8,61,0.2,28.7,88.0,7,206,Monsoon
30.2,27.3,28.3,994.6,91,97,31.0,284,24.8,63,10.8,28.3,89.0,7,207,Monsoon
32.2,27.1,29.1,996.0,84,88,40.7,68,3.4,61,24.8,28.3,91.0,7,208,Monsoon
32.7,27.0,28.6,997.6,87,100,22.2,97,19.7,63,3.4,29.1,84.0,7,209,Monsoon
28.1,26.3,27.1,999.2,89,100,29.2,138,14.0,63,19.7,28.6,87.0,7,210,Monsoon
28.8,26.5,27.4,1001.6,84,70,29.6,212,1.7,53,14.0,27.1,89.0,7,211,Monsoon
29.0,26.4,27.5,1001.5,82,39,34.0,249,2.3,51,1.7,27.4,84.0,7,212,Monsoon
29.5,26.5,27.7,1001.5,84,69,32.1,249,1.0,51,2.3,27.5,82.0,8,213,Monsoon
29.6,26.8,28.0,1002.2,84,62,22.7,251,0.2,51,1.0,27.7,84.0,8,214,Monsoon
29.8,26.6,27.8,1002.8,86,51,27.7,255,0.3,51,0.2,28.0,84.0,8,215,Monsoon
29.0,26.6,27.5,1003.1,86,89,29.5,260,0.8,51,0.3,27.8,86.0,8,216,Monsoon
29.4,26.2,27.5,1003.1,86,70,23.9,268,0.0,3,0.8,27.5,86.0,8,217,Monsoon
29.7,26.0,27.7,1001.3,86,91,20.2,268,0.0,3,0.0,27.5,86.0,8,218,Monsoon
31.3,26.6,28.6,1001.0,85,40,15.0,260,0.0,3,0.0,27.7,86.0,8,219,Monsoon
30.9,27.0,28.7,1001.3,86,83,16.1,241,0.0,3,0.0,28.6,85.0,8,220,Monsoon
30.8,27.0,28.6,1000.4,84,62,20.1,235,0.0,3,0.0,28.7,86.0,8,221,Monsoon
30.1,27.0,28.3,1000.4,83,69,22.5,238,0.0,3,0.0,28.6,84.0,8,222,Monsoon
30.6,26.6,28.4,1002.3,81,36,19.1,239,0.0,2,0.0,28.3,83.0,8,223,Monsoon
30.3,26.7,28.2,1003.1,80,36,22.6,248,0.0,2,0.0,28.4,81.0,8,224,Monsoon
30.2,26.4,28.1,1002.7,78,47,25.7,250,0.0,3,0.0,28.2,80.0,8,225,Monsoon
30.2,26.4,28.1,1002.8,78,49,28.3,253,0.1,51,0.0,28.1,78.0,8,226,Monsoon
30.6,26.5,28.2,1002.8,77,39,28.8,257,0.0,2,0.1,28.1,78.0,8,227,Monsoon
30.8,26.5,28.3,1004.3,78,40,26.6,250,0.0,2,0.0,28.2,77.0,8,228,Monsoon
30.7,26.6,28.4,1004.7,76,42,28.5,253,0.0,3,0.0,28.3,78.0,8,229,Monsoon
30.4,26.8,28.3,1002.2,77,75,36.0,253,0.0,3,0.0,28.4,76.0,8,230,Monsoon
30.5,26.9,28.4,998.5,78,65,37.4,251,0.0,3,0.0,28.3,77.0,8,231,Monsoon
31.1,27.0,28.8,996.9,80,68,23.7,236,0.0,3,0.0,28.4,78.0,8,232,Monsoon
31.2,26.5,28.5,999.5,81,54,20.0,212,0.0,3,0.0,28.8,80.0,8,233,Monsoon
31.4,26.7,28.6,1003.0,80,43,18.8,231,0.0,3,0.0,28.5,81.0,8,234,Monsoon
32.5,26.2,28.7,1003.7,79,27,24.5,250,0.0,3,0.0,28.6,80.0,8,235,Monsoon
31.8,26.1,28.3,1001.2,81,67,25.6,265,0.0,3,0.0,28.7,79.0,8,236,Monsoon
29.2,26.0,27.3,1001.2,83,100,26.5,262,0.0,3,0.0,28.3,81.0,8,237,Monsoon
29.4,25.6,27.2,1001.2,81,94,27.9,257,0.0,3,0.0,27.3,83.0,8,238,Monsoon
29.7,25.5,27.1,1001.6,80,88,23.5,253,0.0,3,0.0,27.2,81.0,8,239,Monsoon
29.5,25.4,27.2,1003.1,81,78,22.4,255,0.0,3,0.0,27.1,80.0,8,240,Monsoon
30.0,25.4,27.2,1003.8,79,49,23.9,255,0.0,3,0.0,27.2,81.0,8,241,Monsoon
29.3,25.5,27.0,1003.7,78,78,23.7,254,0.0,3,0.0,27.2,79.0,8,242,Monsoon
29.9,25.7,27.2,1003.4,78,64,23.9,251,0.0,3,0.0,27.0,78.0,8,243,Monsoon
29.6,25.6,27.3,1003.1,76,69,29.7,252,0.0,3,0.0,27.2,78.0,9,244,Monsoon
29.5,25.8,27.4,1001.8,77,74,31.7,256,0.0,3,0.0,27.3,76.0,9,245,Monsoon
29.3,25.7,27.2,1002.0,80,92,26.4,246,0.1,51,0.0,27.4,77.0,9,246,Monsoon
30.1,25.2,27.3,1003.0,78,72,24.0,245,0.0,3,0.1,27.2,80.0,9,247,Monsoon
29.8,25.5,27.2,1003.2,77,54,24.6,250,0.0,3,0.0,27.3,78.0,9,248,Monsoon
30.3,25.3,27.3,1004.3,74,43,22.6,255,0.0,2,0.0,27.2,77.0,9,249,Monsoon
30.3,25.2,27.3,1005.9,73,23,24.5,258,0.0,1,0.0,27.3,74.0,9,250,Monsoon
29.7,25.3,27.2,1005.7,75,37,30.9,261,0.0,2,0.0,27.3,73.0,9,251,Monsoon
29.9,25.1,27.1,1004.7,79,48,30.6,260,0.0,2,0.0,27.2,75.0,9,252,Monsoon
29.3,25.4,27.1,1004.1,79,53,29.6,255,0.0,3,0.0,27.1,79.0,9,253,Monsoon
29.8,25.5,27.2,1004.6,78,43,29.3,257,0.0,3,0.0,27.1,79.0,9,254,Monsoon
29.5,25.4,27.1,1003.7,75,45,30.5,256,0.0,3,0.0,27.2,78.0,9,255,Monsoon
29.1,25.3,27.0,1004.1,77,55,24.6,253,0.2,51,0.0,27.1,75.0,9,256,Monsoon
29.5,25.2,27.1,1005.0,77,40,20.4,247,0.0,3,0.2,27.0,77.0,9,257,Monsoon
29.5,25.3,27.2,1005.0,75,34,21.4,245,0.0,2,0.0,27.1,77.0,9,258,Monsoon
30.0,25.2,27.4,1005.5,75,39,19.1,249,0.0,3,0.0,27.2,75.0,9,259,Monsoon
30.6,25.1,27.4,1006.3,75,22,19.7,251,0.0,1,0.0,27.4,75.0,9,260,Monsoon
30.6,25.7,27.7,1007.9,73,32,18.3,249,0.0,3,0.0,27.4,75.0,9,261,Monsoon
30.7,25.4,27.7,1009.0,74,26,21.3,256,0.0,2,0.0,27.7,73.0,9,262,Monsoon
30.1,25.6,27.6,1008.4,75,55,22.7,257,0.0,3,0.0,27.7,74.0,9,263,Monsoon
30.0,25.0,27.2,1008.9,75,37,20.2,256,0.0,2,0.0,27.6,75.0,9,264,Monsoon
29.9,25.3,27.1,1008.7,74,43,24.5,257,0.0,2,0.0,27.2,75.0,9,265,Monsoon
29.0,25.0,26.8,1006.9,77,55,31.0,255,0.0,3,0.0,27.1,74.0,9,266,Monsoon
29.0,25.2,26.8,1005.6,78,59,27.0,247,0.2,51,0.0,26.8,77.0,9,267,Monsoon
29.3,24.8,26.8,1007.8,78,55,20.1,240,0.0,3,0.2,26.8,78.0,9,268,Monsoon
31.0,24.4,27.0,1009.3,78,28,19.8,262,0.0,2,0.0,26.8,78.0,9,269,Monsoon
32.0,24.2,27.4,1007.0,75,5,19.5,269,0.0,1,0.0,27.0,78.0,9,270,Monsoon
38.0,21.7,29.3,1003.8,54,9,21.7,291,0.0,2,0.0,27.4,75.0,9,271,Monsoon
36.1,22.0,29.4,1004.7,41,0,15.9,346,0.0,0,0.0,29.3,54.0,9,272,Monsoon
36.0,26.0,30.8,1007.0,47,1,18.3,359,0.0,0,0.0,29.4,41.0,9,273,Monsoon
37.1,24.2,30.9,1007.8,42,0,17.9,337,0.0,0,0.0,30.8,47.0,10,274,PostMonsoon
37.0,23.6,30.3,1008.7,43,0,20.1,290,0.0,0,0.0,30.9,42.0,10,275,PostMonsoon
34.9,23.7,28.7,1009.7,59,0,19.2,271,0.0,0,0.0,30.3,43.0,10,276,PostMonsoon
35.7,21.6,28.1,1010.1,67,3,18.8,278,0.0,1,0.0,28.7,59.0,10,277,PostMonsoon
36.5,22.8,28.7,1008.4,60,0,20.2,290,0.0,0,0.0,28.1,67.0,10,278,PostMonsoon
35.8,22.1,28.3,1006.9,62,0,19.8,290,0.0,0,0.0,28.7,60.0,10,279,PostMonsoon
36.4,22.3,28.7,1007.2,58,0,19.3,290,0.0,0,0.0,28.3,62.0,10,280,PostMonsoon
36.6,22.4,29.0,1007.5,60,0,19.6,270,0.0,0,0.0,28.7,58.0,10,281,PostMonsoon
34.1,23.7,28.3,1007.4,69,0,21.7,249,0.0,0,0.0,29.0,60.0,10,282,PostMonsoon
35.1,23.0,28.4,1006.4,62,0,25.3,259,0.0,0,0.0,28.3,69.0,10,283,PostMonsoon
32.3,22.7,27.2,1007.0,70,5,21.2,256,0.0,2,0.0,28.4,62.0,10,284,PostMonsoon
30.9,23.9,26.6,1010.1,76,37,19.3,242,0.0,3,0.0,27.2,70.0,10,285,PostMonsoon
33.0,22.4,26.8,1012.6,70,6,14.8,279,0.0,1,0.0,26.6,76.0,10,286,PostMonsoon
34.3,21.6,27.5,1013.4,62,6,20.2,287,0.0,2,0.0,26.8,70.0,10,287,PostMonsoon
32.8,23.5,27.5,1012.1,65,0,23.4,269,0.0,0,0.0,27.5,62.0,10,288,PostMonsoon
31.9,22.9,27.1,1011.5,75,1,15.8,245,0.0,0,0.0,27.5,65.0,10,289,PostMonsoon
35.6,21.7,28.4,1011.9,63,22,17.5,309,0.0,3,0.0,27.1,75.0,10,290,PostMonsoon
36.0,23.1,29.4,1011.9,50,0,19.9,291,0.0,0,0.0,28.4,63.0,10,291,PostMonsoon
36.1,22.5,28.7,1011.5,51,0,18.7,287,0.0,0,0.0,29.4,50.0,10,292,PostMonsoon
34.1,22.0,27.7,1012.0,52,0,11.6,330,0.0,0,0.0,28.7,51.0,10,293,PostMonsoon
33.8,21.0,27.2,1011.4,51,0,18.5,277,0.0,0,0.0,27.7,52.0,10,294,PostMonsoon
33.9,20.5,26.7,1011.9,62,0,16.6,288,0.0,0,0.0,27.2,51.0,10,295,PostMonsoon
33.4,20.5,26.2,1012.9,68,7,18.8,286,0.0,1,0.0,26.7,62.0,10,296,PostMonsoon
30.4,22.3,26.2,1010.7,79,17,18.3,259,0.0,2,0.0,26.2,68.0,10,297,PostMonsoon
30.3,23.7,26.7,1010.3,79,24,15.6,249,0.0,2,0.0,26.2,79.0,10,298,PostMonsoon
30.9,23.4,26.3,1011.7,80,22,16.8,264,0.0,2,0.0,26.7,79.0,10,299,PostMonsoon
32.2,21.2,26.2,1013.3,72,17,15.9,283,0.0,3,0.0,26.3,80.0,10,300,PostMonsoon
34.9,21.7,28.5,1015.5,48,0,14.7,336,0.0,0,0.0,26.2,72.0,10,301,PostMonsoon
35.8,24.7,29.9,1015.4,31,0,24.2,47,0.0,0,0.0,28.5,48.0,10,302,PostMonsoon
34.0,22.4,28.0,1014.1,42,0,17.3,339,0.0,0,0.0,29.9,31.0,10,303,PostMonsoon
32.0,22.2,26.6,1011.9,66,0,20.7,247,0.0,0,0.0,28.0,42.0,10,304,PostMonsoon
30.8,22.6,26.3,1011.1,72,2,19.5,256,0.0,0,0.0,26.6,66.0,11,305,PostMonsoon
30.9,20.8,25.2,1013.5,80,23,18.0,275,0.0,3,0.0,26.3,72.0,11,306,PostMonsoon
33.2,20.5,26.5,1014.5,66,7,17.3,305,0.0,2,0.0,25.2,80.0,11,307,PostMonsoon
31.8,20.8,26.1,1013.3,64,67,17.9,286,0.0,3,0.0,26.5,66.0,11,308,PostMonsoon
32.1,20.3,25.8,1011.7,72,17,15.3,271,0.0,3,0.0,26.1,64.0,11,309,PostMonsoon
31.7,20.9,26.3,1011.3,73,50,14.5,224,0.0,3,0.0,25.8,72.0,11,310,PostMonsoon
31.7,20.3,25.9,1010.3,63,1,16.3,268,0.0,0,0.0,26.3,73.0,11,311,PostMonsoon
31.3,20.0,25.2,1011.0,63,0,16.5,266,0.0,0,0.0,25.9,63.0,11,312,PostMonsoon
32.8,19.3,26.2,1013.5,43,0,15.0,54,0.0,0,0.0,25.2,63.0,11,313,PostMonsoon
33.0,21.3,26.8,1015.3,34,0,18.6,42,0.0,0,0.0,26.2,43.0,11,314,PostMonsoon
31.4,19.8,25.0,1014.3,61,0,15.8,274,0.0,0,0.0,26.8,34.0,11,315,PostMonsoon
29.9,20.3,24.8,1014.0,71,8,12.7,218,0.0,2,0.0,25.0,61.0,11,316,PostMonsoon
29.8,18.0,24.0,1014.1,66,39,12.6,308,0.0,3,0.0,24.8,71.0,11,317,PostMonsoon
30.2,18.4,24.3,1015.1,63,18,14.4,248,0.0,2,0.0,24.0,66.0,11,318,PostMonsoon
27.3,19.0,23.6,1015.2,73,28,16.9,275,0.0,3,0.0,24.3,63.0,11,319,PostMonsoon
28.5,22.7,25.2,1013.7,73,15,16.9,277,0.1,51,0.0,23.6,73.0,11,320,PostMonsoon
29.4,19.3,24.1,1012.5,54,6,16.3,320,0.0,1,0.1,25.2,73.0,11,321,PostMonsoon
28.6,19.3,23.4,1014.8,33,0,24.0,54,0.0,0,0.0,24.1,54.0,11,322,PostMonsoon
27.0,18.0,22.1,1017.3,34,0,25.3,54,0.0,0,0.0,23.4,33.0,11,323,PostMonsoon
27.3,16.6,21.5,1018.0,37,0,19.2,55,0.0,0,0.0,22.1,34.0,11,324,PostMonsoon
27.1,15.0,21.0,1017.3,44,0,14.5,353,0.0,0,0.0,21.5,37.0,11,325,PostMonsoon
27.9,16.2,22.0,1017.0,66,0,10.5,7,0.0,0,0.0,21.0,44.0,11,326,PostMonsoon
28.1,16.4,22.4,1016.9,53,31,10.5,29,0.0,3,0.0,22.0,66.0,11,327,PostMonsoon
28.5,18.2,22.9,1018.7,43,76,23.5,50,0.0,3,0.0,22.4,53.0,11,328,PostMonsoon
28.6,18.4,22.8,1020.1,33,56,25.8,45,0.0,3,0.0,22.9,43.0,11,329,PostMonsoon
27.5,14.0,20.7,1015.8,54,15,13.8,316,0.0,2,0.0,22.8,33.0,11,330,PostMonsoon
28.1,13.4,21.1,1013.0,52,47,16.6,70,0.0,3,0.0,20.7,54.0,11,331,PostMonsoon
28.2,17.7,22.2,1013.8,34,28,22.5,53,0.0,3,0.0,21.1,52.0,11,332,PostMonsoon
28.2,16.6,21.6,1016.1,34,0,22.3,51,0.0,0,0.0,22.2,34.0,11,333,PostMonsoon
28.0,16.5,21.5,1016.8,33,0,17.8,46,0.0,0,0.0,21.6,34.0,11,334,PostMonsoon
27.4,13.7,20.4,1016.5,53,17,11.1,9,0.0,3,0.0,21.5,33.0,12,335,Winter
27.7,14.3,20.9,1015.8,59,24,10.6,354,0.0,3,0.0,20.4,53.0,12,336,Winter
27.7,15.0,21.1,1014.1,71,3,14.5,327,0.0,1,0.0,20.9,59.0,12,337,Winter
27.5,16.2,21.8,1013.8,74,14,8.7,322,0.0,2,0.0,21.1,71.0,12,338,Winter
28.9,17.3,22.8,1015.5,64,15,9.5,13,0.0,3,0.0,21.8,74.0,12,339,Winter
31.0,17.8,24.0,1016.8,51,5,12.2,40,0.0,1,0.0,22.8,64.0,12,340,Winter
30.0,16.9,23.2,1016.4,62,39,18.0,299,0.0,3,0.0,24.0,51.0,12,341,Winter
29.5,21.2,24.7,1014.2,71,34,24.8,271,0.0,3,0.0,23.2,62.0,12,342,Winter
31.2,21.4,25.7,1013.0,62,53,17.7,342,0.0,3,0.0,24.7,71.0,12,343,Winter
28.9,19.5,23.5,1015.9,45,5,23.2,65,0.0,2,0.0,25.7,62.0,12,344,Winter
26.9,17.9,22.0,1015.3,44,0,22.4,62,0.0,0,0.0,23.5,45.0,12,345,Winter
26.1,16.1,21.1,1015.4,53,0,13.5,360,0.0,0,0.0,22.0,44.0,12,346,Winter
25.4,15.9,20.7,1016.5,56,0,14.5,317,0.0,0,0.0,21.1,53.0,12,347,Winter
24.3,14.6,19.8,1016.5,40,0,17.8,359,0.0,0,0.0,20.7,56.0,12,348,Winter
24.3,16.4,19.9,1017.2,41,3,17.7,11,0.0,0,0.0,19.8,40.0,12,349,Winter
23.6,13.2,18.4,1017.1,49,0,11.1,34,0.0,0,0.0,19.9,41.0,12,350,Winter
23.7,12.8,18.1,1018.0,41,0,11.6,76,0.0,0,0.0,18.4,49.0,12,351,Winter
23.7,11.9,17.9,1018.2,47,0,10.7,52,0.0,0,0.0,18.1,41.0,12,352,Winter
24.9,13.7,18.8,1019.6,43,14,21.5,59,0.0,3,0.0,17.9,47.0,12,353,Winter
25.3,15.1,19.6,1021.0,39,22,22.8,60,0.0,3,0.0,18.8,43.0,12,354,Winter
24.8,13.8,19.1,1020.4,45,39,12.8,36,0.0,3,0.0,19.6,39.0,12,355,Winter
24.1,12.4,18.5,1019.1,66,29,12.1,327,0.0,2,0.0,19.1,45.0,12,356,Winter
27.0,14.6,20.2,1018.0,62,4,14.8,354,0.0,1,0.0,18.5,66.0,12,357,Winter
24.3,16.1,19.5,1019.5,46,42,25.8,60,0.0,3,0.0,20.2,62.0,12,358,Winter
23.1,13.8,18.2,1018.8,53,1,16.4,41,0.0,1,0.0,19.5,46.0,12,359,Winter
23.2,12.2,17.7,1016.6,68,0,9.9,34,0.0,0,0.0,18.2,53.0,12,360,Winter
23.4,14.1,18.4,1018.5,49,0,19.0,59,0.0,0,0.0,17.7,68.0,12,361,Winter
22.3,13.6,17.5,1021.8,46,38,24.4,66,0.0,3,0.0,18.4,49.0,12,362,Winter
23.7,12.9,17.9,1021.7,45,76,14.5,41,0.0,3,0.0,17.5,46.0,12,363,Winter
24.4,12.4,18.3,1020.6,52,55,11.0,41,0.0,3,0.0,17.9,45.0,12,364,Winter
24.1,13.2,18.8,1018.8,69,29,12.8,336,0.0,3,0.0,18.3,52.0,12,365,Winter
25.1,14.8,20.0,1017.4,65,42,13.4,327,0.0,3,0.0,18.8,69.0,1,1,Winter
24.3,14.1,18.9,1018.5,39,9,16.2,54,0.0,2,0.0,20.0,65.0,1,2,Winter
23.8,13.9,18.3,1019.8,43,1,20.9,52,0.0,0,0.0,18.9,39.0,1,3,Winter
24.0,13.3,18.3,1019.0,45,45,17.6,55,0.0,3,0.0,18.3,43.0,1,4,Winter
23.8,14.3,18.7,1018.6,45,20,20.9,47,0.0,3,0.0,18.3,45.0,1,5,Winter
23.6,15.1,18.7,1019.3,44,0,32.6,44,0.0,0,0.0,18.7,45.0,1,6,Winter
23.5,14.7,18.5,1020.4,42,1,33.2,52,0.0,0,0.0,18.7,44.0,1,7,Winter
25.3,14.7,19.4,1020.7,40,21,21.7,63,0.0,3,0.0,18.5,42.0,1,8,Winter
26.4,14.8,20.2,1020.2,38,64,19.8,62,0.0,3,0.0,19.4,40.0,1,9,Winter
25.5,12.7,19.1,1019.2,53,25,13.6,327,0.0,3,0.0,20.2,38.0,1,10,Winter
26.6,13.7,20.2,1018.2,70,24,10.6,329,0.0,3,0.0,19.1,53.0,1,11,Winter
25.2,15.1,20.2,1016.0,83,74,19.1,277,0.0,3,0.0,20.2,70.0,1,12,Winter
29.3,16.8,21.9,1013.6,73,41,10.5,40,0.0,3,0.0,20.2,83.0,1,13,Winter
26.8,14.6,20.6,1012.9,68,40,13.7,311,0.0,3,0.0,21.9,73.0,1,14,Winter
26.2,15.8,20.6,1013.3,82,84,14.9,279,0.0,3,0.0,20.6,68.0,1,15,Winter
25.5,17.2,21.2,1013.8,80,46,21.6,277,0.0,3,0.0,20.6,82.0,1,16,Winter
26.9,17.4,22.1,1012.5,56,11,22.9,299,0.0,3,0.0,21.2,80.0,1,17,Winter
26.2,13.0,20.3,1013.7,51,25,19.1,82,0.0,3,0.0,22.1,56.0,1,18,Winter
24.9,16.1,20.3,1013.5,44,73,13.5,13,0.0,3,0.0,20.3,51.0,1,19,Winter
19.0,16.1,17.5,1012.5,71,100,15.5,64,3.7,53,0.0,20.3,44.0,1,20,Winter
20.9,14.6,17.5,1011.5,71,26,13.6,13,0.4,51,3.7,17.5,71.0,1,21,Winter
20.7,14.1,17.1,1013.0,75,20,13.3,20,0.0,2,0.4,17.5,71.0,1,22,Winter
21.9,13.2,17.0,1013.5,69,6,18.4,239,0.0,1,0.0,17.1,75.0,1,23,Winter
23.1,11.2,17.5,1015.6,58,26,12.0,50,0.0,2,0.0,17.0,69.0,1,24,Winter
22.7,13.2,17.9,1016.3,57,1,15.1,340,0.0,0,0.0,17.5,58.0,1,25,Winter
24.2,13.8,19.0,1015.7,75,1,13.5,284,0.0,0,0.0,17.9,57.0,1,26,Winter
25.2,14.3,19.6,1015.0,64,3,12.7,71,0.0,1,0.0,19.0,75.0,1,27,Winter
24.6,15.5,20.0,1013.0,64,14,17.3,291,0.0,2,0.0,19.6,64.0,1,28,Winter
22.7,16.4,19.6,1011.8,79,44,17.6,271,1.9,61,0.0,20.0,64.0,1,29,Winter
22.1,15.9,18.9,1013.1,69,22,16.8,8,1.8,53,1.9,19.6,79.0,1,30,Winter
21.9,14.4,17.9,1014.4,52,0,21.6,317,0.0,0,1.8,18.9,69.0,1,31,Winter
23.2,12.4,17.5,1016.7,44,0,19.1,56,0.0,0,0.0,17.9,52.0,2,32,Winter
23.5,13.4,18.1,1018.2,39,0,22.3,60,0.0,0,0.0,17.5,44.0,2,33,Winter
23.6,12.7,18.1,1017.5,43,0,14.0,18,0.0,0,0.0,18.1,39.0,2,34,Winter
24.7,14.3,19.3,1014.5,65,0,17.7,290,0.0,0,0.0,18.1,43.0,2,35,Winter
28.5,13.0,20.7,1014.4,58,0,16.0,312,0.0,0,0.0,19.3,65.0,2,36,Winter
27.7,14.4,20.8,1016.6,49,0,13.3,115,0.0,0,0.0,20.7,58.0,2,37,Winter
27.3,14.8,20.8,1017.9,73,12,18.2,277,0.0,2,0.0,20.8,49.0,2,38,Winter
25.6,17.4,21.4,1016.9,79,27,23.1,264,0.0,2,0.0,20.8,73.0,2,39,Winter
26.2,19.4,22.3,1015.1,43,3,24.7,295,0.0,1,0.0,21.4,79.0,2,40,Winter
26.7,13.8,20.8,1018.1,38,0,23.2,55,0.0,0,0.0,22.3,43.0,2,41,Winter
26.6,15.4,20.8,1020.1,41,0,16.6,32,0.0,0,0.0,20.8,38.0,2,42,Winter
27.4,14.6,20.9,1019.3,46,0,17.8,26,0.0,0,0.0,20.8,41.0,2,43,Winter
27.9,14.0,21.0,1017.7,48,0,12.6,1,0.0,0,0.0,20.9,46.0,2,44,Winter
29.1,14.4,21.9,1016.5,50,0,10.3,23,0.0,0,0.0,21.0,48.0,2,45,Winter
29.6,15.1,22.4,1015.1,49,1,17.0,325,0.0,0,0.0,21.9,50.0,2,46,Winter
28.1,15.8,21.8,1014.9,63,29,19.6,283,0.0,3,0.0,22.4,49.0,2,47,Winter
25.7,17.6,21.4,1012.2,76,41,26.7,265,0.0,3,0.0,21.8,63.0,2,48,Winter
28.5,19.2,23.0,1009.2,75,22,17.0,270,0.0,3,0.0,21.4,76.0,2,49,Winter
28.7,16.2,22.6,1011.1,75,7,17.0,205,0.0,1,0.0,23.0,75.0,2,50,Winter
27.7,17.0,22.2,1013.4,74,53,17.9,256,0.0,3,0.0,22.6,75.0,2,51,Winter
27.0,17.2,21.9,1014.9,78,53,21.6,285,0.0,3,0.0,22.2,74.0,2,52,Winter
31.5,16.4,24.1,1015.2,65,38,13.9,2,0.0,3,0.0,21.9,78.0,2,53,Winter
31.0,18.6,24.4,1014.3,62,42,20.3,289,0.0,3,0.0,24.1,65.0,2,54,Winter
28.9,18.0,23.4,1014.5,76,82,17.1,269,0.0,3,0.0,24.4,62.0,2,55,Winter
28.3,18.0,22.8,1013.7,81,38,18.5,265,0.0,3,0.0,23.4,76.0,2,56,Winter
29.7,19.7,23.9,1010.3,77,23,19.3,256,0.0,3,0.0,22.8,81.0,2,57,Winter
32.0,19.9,25.1,1009.6,61,0,18.8,277,0.0,0,0.0,23.9,77.0,2,58,Winter
30.8,18.6,24.3,1011.2,59,26,17.1,257,0.0,2,0.0,25.1,61.0,2,59,Winter
30.8,17.4,24.3,1013.0,58,8,18.1,281,0.0,1,0.0,24.3,59.0,2,60,Winter
31.3,17.5,24.7,1013.6,47,0,15.2,311,0.0,0,0.0,24.3,58.0,3,61,HotDry
32.3,18.3,25.3,1013.2,44,0,18.4,311,0.0,0,0.0,24.7,47.0,3,62,HotDry
31.8,18.3,24.7,1012.6,52,4,19.3,290,0.0,1,0.0,25.3,44.0,3,63,HotDry
31.2,17.5,23.8,1012.6,68,0,19.4,282,0.0,0,0.0,24.7,52.0,3,64,HotDry
33.4,17.0,25.0,1012.3,64,1,16.6,290,0.0,1,0.0,23.8,68.0,3,65,HotDry
35.4,19.4,26.5,1013.2,51,0,18.0,294,0.0,0,0.0,25.0,64.0,3,66,HotDry
32.5,19.4,25.4,1012.9,61,0,18.1,273,0.0,0,0.0,26.5,51.0,3,67,HotDry
31.1,19.5,24.4,1014.1,78,26,16.3,243,0.0,3,0.0,25.4,61.0,3,68,HotDry
34.5,18.2,25.9,1014.2,60,8,18.6,277,0.0,1,0.0,24.4,78.0,3,69,HotDry
34.7,19.2,26.5,1011.4,52,0,18.8,287,0.0,0,0.0,25.9,60.0,3,70,HotDry
31.4,19.4,25.1,1011.3,72,0,22.2,268,0.0,0,0.0,26.5,52.0,3,71,HotDry
30.6,20.7,25.0,1012.0,73,4,23.7,267,0.0,1,0.0,25.1,72.0,3,72,HotDry
31.4,20.4,25.3,1013.1,73,2,21.1,276,0.0,0,0.0,25.0,73.0,3,73,HotDry
32.5,20.9,25.7,1013.4,75,18,22.8,280,0.0,3,0.0,25.3,73.0,3,74,HotDry
33.5,21.1,26.7,1012.4,64,0,21.3,282,0.0,0,0.0,25.7,75.0,3,75,HotDry
36.0,22.7,28.8,1011.3,47,0,23.7,289,0.0,0,0.0,26.7,64.0,3,76,HotDry
33.7,23.1,28.1,1010.7,57,0,24.5,273,0.0,0,0.0,28.8,47.0,3,77,HotDry
35.8,23.6,29.1,1010.6,54,0,23.2,274,0.0,0,0.0,28.1,57.0,3,78,HotDry
37.9,21.9,29.5,1009.4,51,0,21.2,272,0.0,0,0.0,29.1,54.0,3,79,HotDry
38.1,23.5,29.8,1006.5,52,0,22.7,275,0.0,0,0.0,29.5,51.0,3,80,HotDry
35.6,25.4,30.0,1005.5,46,0,26.6,273,0.0,0,0.0,29.8,52.0,3,81,HotDry
35.8,25.6,29.9,1006.5,46,1,28.6,272,0.0,1,0.0,30.0,46.0,3,82,HotDry
35.2,23.6,28.8,1007.9,46,0,25.1,270,0.0,0,0.0,29.9,46.0,3,83,HotDry
31.7,21.7,26.3,1008.6,28,0,26.0,295,0.0,0,0.0,28.8,46.0,3,84,HotDry
31.8,17.5,25.2,1007.0,55,0,23.3,253,0.0,0,0.0,26.3,28.0,3,85,HotDry
32.5,19.2,25.3,1009.0,61,0,26.3,273,0.0,0,0.0,25.2,55.0,3,86,HotDry
33.9,19.7,26.4,1011.6,57,0,24.5,293,0.0,0,0.0,25.3,61.0,3,87,HotDry
35.0,19.4,27.0,1011.4,52,19,25.6,290,0.0,2,0.0,26.4,57.0,3,88,HotDry
33.5,21.7,26.6,1009.8,62,40,25.1,274,0.0,3,0.0,27.0,52.0,3,89,HotDry
31.5,21.4,25.9,1009.4,73,37,23.7,264,0.0,3,0.0,26.6,62.0,3,90,HotDry
29.9,21.9,25.5,1009.4,76,92,23.6,257,0.0,3,0.0,25.9,73.0,3,91,HotDry
30.4,23.9,26.3,1009.9,77,40,28.2,251,0.0,3,0.0,25.5,76.0,4,92,HotDry
30.9,23.7,26.4,1011.3,78,17,27.1,257,0.0,2,0.0,26.3,77.0,4,93,HotDry
31.8,23.7,26.9,1010.9,75,47,26.3,267,0.0,3,0.0,26.4,78.0,4,94,HotDry
33.9,23.8,28.1,1011.4,60,33,26.1,269,0.0,3,0.0,26.9,75.0,4,95,HotDry
33.5,23.5,27.9,1009.3,63,0,29.6,268,0.0,0,0.0,28.1,60.0,4,96,HotDry
31.4,23.8,27.2,1007.5,71,2,33.2,260,0.0,1,0.0,27.9,63.0,4,97,HotDry
33.8,25.0,28.6,1006.0,64,0,25.8,257,0.0,0,0.0,27.2,71.0,4,98,HotDry
33.4,24.3,28.4,1005.5,62,0,23.7,246,0.0,0,0.0,28.6,64.0,4,99,HotDry
34.2,23.9,28.5,1003.9,64,0,18.1,243,0.0,0,0.0,28.4,62.0,4,100,HotDry
34.6,23.4,28.4,1005.7,66,3,20.0,194,0.0,1,0.0,28.5,64.0,4,101,HotDry
33.6,24.2,28.0,1008.2,68,4,22.9,241,0.0,1,0.0,28.4,66.0,4,102,HotDry
36.3,24.1,29.5,1006.9,61,19,21.9,262,0.0,3,0.0,28.0,68.0,4,103,HotDry
37.4,25.3,30.6,1004.9,57,10,24.8,266,0.0,2,0.0,29.5,61.0,4,104,HotDry
35.4,26.3,30.1,1004.4,56,0,26.7,263,0.0,0,0.0,30.6,57.0,4,105,HotDry
34.2,26.9,30.2,1003.6,53,2,33.5,264,0.0,0,0.0,30.1,56.0,4,106,HotDry
32.4,25.8,28.7,1004.2,52,46,40.9,260,0.0,3,0.0,30.2,53.0,4,107,HotDry
32.3,24.7,28.1,1003.8,59,37,35.3,264,0.0,3,0.0,28.7,52.0,4,108,HotDry
32.0,24.2,27.9,1003.3,63,10,37.1,262,0.0,3,0.0,28.1,59.0,4,109,HotDry
32.4,25.6,28.8,1003.4,53,16,34.1,261,0.0,3,0.0,27.9,63.0,4,110,HotDry
33.6,25.9,29.3,1006.4,49,7,36.1,266,0.0,2,0.0,28.8,53.0,4,111,HotDry
33.7,24.7,28.8,1006.6,57,17,32.2,269,0.0,3,0.0,29.3,49.0,4,112,HotDry
35.0,25.4,29.5,1004.1,61,1,27.7,266,0.0,0,0.0,28.8,57.0,4,113,HotDry
37.8,23.8,30.1,1004.7,58,0,24.5,253,0.0,0,0.0,29.5,61.0,4,114,HotDry
36.8,23.7,29.7,1004.9,57,0,26.8,260,0.0,0,0.0,30.1,58.0,4,115,HotDry
33.1,24.2,28.1,1005.8,74,1,24.7,253,0.0,1,0.0,29.7,57.0,4,116,HotDry
32.6,24.4,27.7,1007.1,77,27,23.1,257,0.0,3,0.0,28.1,74.0,4,117,HotDry
32.2,24.9,28.0,1006.2,79,25,27.7,252,0.0,3,0.0,27.7,77.0,4,118,HotDry
33.0,24.6,28.6,1003.5,77,29,27.1,240,0.0,3,0.0,28.0,79.0,4,119,HotDry
33.9,25.4,29.2,1001.6,72,10,20.3,246,0.0,2,0.0,28.6,77.0,4,120,HotDry
35.5,25.7,30.1,1003.4,23,0,27.0,300,0.0,0,0.0,29.2,72.0,4,121,HotDry
36.5,19.9,28.5,1005.4,49,3,25.0,269,0.0,2,0.0,30.1,23.0,5,122,HotDry
34.8,22.0,27.9,1007.5,64,68,22.9,265,0.0,3,0.0,28.5,49.0,5,123,HotDry
34.4,23.3,28.3,1007.3,67,9,21.7,273,0.0,1,0.0,27.9,64.0,5,124,HotDry
35.1,24.4,28.9,1005.4,73,18,22.1,268,0.0,3,0.0,28.3,67.0,5,125,HotDry
36.4,23.9,29.8,1004.1,65,1,24.8,270,0.0,0,0.0,28.9,73.0,5,126,HotDry
36.8,23.9,30.1,1003.1,61,0,25.8,274,0.0,0,0.0,29.8,65.0,5,127,HotDry
37.3,24.7,30.1,1002.6,67,0,22.2,269,0.0,0,0.0,30.1,61.0,5,128,HotDry
35.8,24.4,29.2,1003.3,73,36,27.9,266,0.0,3,0.0,30.1,67.0,5,129,HotDry
35.6,25.6,29.7,1004.3,70,13,24.8,250,0.0,2,0.0,29.2,73.0,5,130,HotDry
35.5,25.7,29.6,1004.9,71,39,32.5,247,0.0,3,0.0,29.7,70.0,5,131,HotDry
34.3,26.4,29.8,1004.3,68,90,22.2,245,0.0,3,0.0,29.6,71.0,5,132,HotDry
32.5,26.9,29.3,1002.1,72,38,29.5,253,0.0,3,0.0,29.8,68.0,5,133,HotDry
32.3,27.0,29.2,1001.1,70,31,30.0,248,0.0,2,0.0,29.3,72.0,5,134,HotDry
32.3,27.2,29.4,1001.5,73,23,33.2,253,0.0,2,0.0,29.2,70.0,5,135,HotDry
32.8,26.9,29.5,1001.6,75,30,32.5,255,0.0,2,0.0,29.4,73.0,5,136,HotDry
33.4,26.8,29.5,1002.9,74,14,27.9,250,0.0,1,0.0,29.5,75.0,5,137,HotDry
33.4,25.1,29.0,1004.3,70,2,30.6,263,0.0,0,0.0,29.5,74.0,5,138,HotDry
33.1,26.2,29.3,1002.8,71,0,32.5,250,0.0,0,0.0,29.0,70.0,5,139,HotDry
33.1,26.5,29.4,999.3,75,6,34.6,253,0.0,1,0.0,29.3,71.0,5,140,HotDry
35.0,27.1,30.1,998.2,71,0,37.5,248,0.0,0,0.0,29.4,75.0,5,141,HotDry
33.9,26.9,29.8,999.0,75,3,34.0,240,0.0,0,0.0,30.1,71.0,5,142,HotDry
35.5,27.0,30.6,997.6,71,0,25.2,235,0.0,0,0.0,29.8,75.0,5,143,HotDry
39.6,26.1,32.0,997.7,59,5,27.6,236,0.0,1,0.0,30.6,71.0,5,144,HotDry
36.7,26.9,30.7,1000.4,70,5,28.6,226,0.0,1,0.0,32.0,59.0,5,145,HotDry
32.4,27.1,29.3,1003.5,75,61,29.9,242,0.0,3,0.0,30.7,70.0,5,146,HotDry
32.1,27.0,29.2,1004.5,74,40,31.1,248,0.0,3,0.0,29.3,75.0,5,147,HotDry
32.3,27.0,29.3,1006.1,71,38,32.2,252,0.0,2,0.0,29.2,74.0,5,148,HotDry
32.3,27.1,29.3,1007.5,72,35,30.1,253,0.0,2,0.0,29.3,71.0,5,149,HotDry
32.3,27.2,29.2,1006.4,73,22,32.7,260,0.0,1,0.0,29.3,72.0,5,150,HotDry
32.5,26.7,29.2,1004.7,74,14,35.9,257,0.0,1,0.0,29.2,73.0,5,151,HotDry
32.7,27.6,29.6,1004.9,76,27,37.2,256,0.0,2,0.0,29.2,74.0,5,152,HotDry
33.0,27.3,29.7,1005.5,77,16,35.2,256,0.0,1,0.0,29.6,76.0,6,153,Monsoon
32.5,26.6,29.3,1006.2,77,18,33.0,260,0.0,1,0.0,29.7,77.0,6,154,Monsoon
32.3,27.1,29.3,1004.0,76,25,38.1,256,0.0,2,0.0,29.3,77.0,6,155,Monsoon
32.1,26.8,29.1,1002.6,78,28,39.7,257,0.0,2,0.0,29.3,76.0,6,156,Monsoon
31.9,26.9,29.0,1002.8,76,50,36.2,253,0.0,2,0.0,29.1,78.0,6,157,Monsoon
31.8,26.7,28.9,1002.1,76,44,35.0,249,0.0,2,0.0,29.0,76.0,6,158,Monsoon
31.3,27.1,28.8,1001.3,78,66,31.8,239,0.2,51,0.0,28.9,76.0,6,159,Monsoon
32.1,27.1,29.1,1001.6,75,60,26.4,237,0.4,51,0.2,28.8,78.0,6,160,Monsoon
33.0,27.2,29.6,1002.2,75,27,18.4,250,0.1,51,0.4,29.1,75.0,6,161,Monsoon
35.7,26.2,30.6,1000.7,70,7,23.4,266,0.0,1,0.1,29.6,75.0,6,162,Monsoon
40.6,28.2,33.6,998.7,55,10,25.1,267,0.0,1,0.0,30.6,70.0,6,163,Monsoon
37.1,28.5,32.6,999.8,65,12,20.5,220,0.0,2,0.0,33.6,55.0,6,164,Monsoon
37.3,28.6,32.1,998.9,70,9,25.0,253,0.0,1,0.0,32.6,65.0,6,165,Monsoon
35.8,28.2,31.7,996.3,70,15,25.1,262,0.0,2,0.0,32.1,70.0,6,166,Monsoon
34.7,28.6,31.3,996.0,74,40,27.3,244,0.0,3,0.0,31.7,70.0,6,167,Monsoon
33.5,28.5,30.5,996.8,78,97,23.3,252,0.0,3,0.0,31.3,74.0,6,168,Monsoon
33.5,27.3,30.0,993.1,77,43,23.5,243,0.0,3,0.0,30.5,78.0,6,169,Monsoon
33.3,28.0,30.7,993.2,65,14,40.9,249,0.0,3,0.0,30.0,77.0,6,170,Monsoon
32.6,26.6,29.3,995.4,79,5,34.4,240,0.0,1,0.0,30.7,65.0,6,171,Monsoon
32.8,27.3,29.5,997.4,77,5,41.1,249,0.0,1,0.0,29.3,79.0,6,172,Monsoon
32.1,26.9,29.1,1000.2,81,44,41.4,249,0.0,3,0.0,29.5,77.0,6,173,Monsoon
32.0,27.4,29.3,1002.0,76,51,39.7,245,0.0,2,0.0,29.1,81.0,6,174,Monsoon
31.3,27.4,29.1,1000.5,78,57,39.7,249,0.7,51,0.0,29.3,76.0,6,175,Monsoon
31.4,27.3,29.0,999.3,80,58,42.1,244,1.5,51,0.7,29.1,78.0,6,176,Monsoon
31.2,27.3,29.0,1000.8,82,57,36.4,242,1.3,51,1.5,29.0,80.0,6,177,Monsoon
31.2,27.3,28.9,1001.1,81,61,29.6,240,0.6,51,1.3,29.0,82.0,6,178,Monsoon
31.2,27.1,28.9,1002.2,82,61,22.9,238,0.0,3,0.6,28.9,81.0,6,179,Monsoon
31.5,26.9,28.9,1002.5,78,42,22.0,227,0.0,2,0.0,28.9,82.0,6,180,Monsoon
31.8,27.0,29.1,1002.3,77,46,24.0,235,0.0,2,0.0,28.9,78.0,6,181,Monsoon
32.0,27.3,29.3,1000.3,78,49,26.6,235,0.0,3,0.0,29.1,77.0,6,182,Monsoon
32.4,27.1,29.3,999.8,81,27,29.8,237,0.0,2,0.0,29.3,78.0,7,183,Monsoon
32.8,26.8,29.3,998.2,81,30,27.4,235,0.0,3,0.0,29.3,81.0,7,184,Monsoon
33.2,26.9,29.6,997.8,79,31,24.0,229,0.0,2,0.0,29.3,81.0,7,185,Monsoon
32.6,27.3,29.8,999.4,75,42,21.9,238,0.0,2,0.0,29.6,79.0,7,186,Monsoon
32.7,27.9,30.0,1000.0,72,90,24.4,235,0.0,3,0.0,29.8,75.0,7,187,Monsoon
32.3,28.0,29.8,1001.0,74,97,27.3,239,0.0,3,0.0,30.0,72.0,7,188,Monsoon
31.5,27.9,29.4,1000.3,76,89,31.6,243,0.5,51,0.0,29.8,74.0,7,189,Monsoon
31.0,27.5,28.8,1000.4,78,66,38.6,247,0.5,51,0.5,29.4,76.0,7,190,Monsoon
30.3,26.9,28.3,1000.2,78,56,39.3,250,0.0,3,0.5,28.8,78.0,7,191,Monsoon
30.3,26.5,28.0,999.8,80,65,34.9,251,0.3,51,0.0,28.3,78.0,7,192,Monsoon
29.7,26.1,27.6,1000.3,81,68,36.8,252,1.2,51,0.3,28.0,80.0,7,193,Monsoon
28.7,25.9,27.1,1000.6,84,74,36.0,247,2.2,51,1.2,27.6,81.0,7,194,Monsoon
29.1,25.6,27.1,1001.2,85,63,32.2,244,1.7,51,2.2,27.1,84.0,7,195,Monsoon
29.2,25.7,27.3,999.8,84,66,27.7,240,1.0,51,1.7,27.1,85.0,7,196,Monsoon
29.9,26.1,27.8,998.8,83,50,22.1,235,0.0,3,1.0,27.3,84.0,7,197,Monsoon
30.7,26.1,28.1,999.7,82,47,20.4,225,0.0,2,0.0,27.8,83.0,7,198,Monsoon
30.8,26.3,28.3,1000.3,81,77,19.0,215,0.0,3,0.0,28.1,82.0,7,199,Monsoon
30.5,26.0,28.0,1000.0,80,53,22.3,234,0.0,3,0.0,28.3,81.0,7,200,Monsoon
30.6,26.3,28.1,998.6,77,48,30.5,241,0.0,3,0.0,28.0,80.0,7,201,Monsoon
30.9,26.3,28.2,999.3,79,43,30.8,242,0.0,3,0.0,28.1,77.0,7,202,Monsoon
30.8,26.1,28.0,1000.7,77,45,32.3,247,0.0,2,0.0,28.2,79.0,7,203,Monsoon
30.4,26.2,27.9,1001.7,76,48,34.5,249,0.0,2,0.0,28.0,77.0,7,204,Monsoon
30.7,25.9,27.9,1002.8,77,46,29.9,255,0.0,2,0.0,27.9,76.0,7,205,Monsoon
30.6,25.9,27.9,1002.8,75,50,23.4,251,0.0,3,0.0,27.9,77.0,7,206,Monsoon
30.6,26.0,28.0,1002.0,75,86,26.3,252,0.0,3,0.0,27.9,75.0,7,207,Monsoon
30.7,25.9,28.0,1000.8,72,69,30.7,250,0.0,3,0.0,28.0,75.0,7,208,Monsoon
30.5,26.1,28.0,1000.2,74,81,31.4,252,0.0,3,0.0,28.0,72.0,7,209,Monsoon
31.1,26.2,28.2,1000.0,77,82,29.5,254,0.0,3,0.0,28.0,74.0,7,210,Monsoon
31.4,26.1,28.4,1000.8,76,96,27.6,255,0.0,3,0.0,28.2,77.0,7,211,Monsoon
31.3,26.5,28.5,1002.1,77,94,28.9,255,0.1,51,0.0,28.4,76.0,7,212,Monsoon
31.1,26.5,28.4,1002.0,77,70,36.3,259,0.3,51,0.1,28.5,77.0,7,213,Monsoon
30.6,26.3,28.0,999.8,78,64,40.5,261,0.1,51,0.3,28.4,77.0,8,214,Monsoon
30.1,26.2,27.8,998.2,81,78,36.2,260,0.4,51,0.1,28.0,78.0,8,215,Monsoon
31.5,26.2,28.4,997.7,79,52,23.7,258,0.0,3,0.4,27.8,81.0,8,216,Monsoon
32.0,26.3,28.7,998.0,78,85,19.4,265,0.0,3,0.0,28.4,79.0,8,217,Monsoon
35.1,26.6,29.8,997.0,76,91,27.8,275,0.0,3,0.0,28.7,78.0,8,218,Monsoon
31.4,27.1,28.6,997.9,81,98,28.2,255,2.4,53,0.0,29.8,76.0,8,219,Monsoon
30.4,26.5,28.1,999.5,82,85,30.4,259,2.1,55,2.4,28.6,81.0,8,220,Monsoon
30.2,26.6,28.0,1000.1,82,93,33.1,255,0.0,3,2.1,28.1,82.0,8,221,Monsoon
29.6,26.2,27.7,1000.6,82,89,30.0,247,0.0,3,0.0,28.0,82.0,8,222,Monsoon
30.1,26.1,27.7,1001.2,79,86,26.9,254,0.0,3,0.0,27.7,82.0,8,223,Monsoon
30.1,25.7,27.6,1000.6,79,63,30.2,259,0.0,3,0.0,27.7,79.0,8,224,Monsoon
30.4,25.7,27.7,1001.2,78,54,25.1,252,0.0,3,0.0,27.6,79.0,8,225,Monsoon
30.9,25.9,27.9,1002.1,77,52,23.4,254,0.0,3,0.0,27.7,78.0,8,226,Monsoon
30.8,25.9,27.9,1001.7,76,55,26.6,255,0.0,3,0.0,27.9,77.0,8,227,Monsoon
30.4,25.9,27.8,1000.8,77,68,26.3,250,0.1,51,0.0,27.9,76.0,8,228,Monsoon
30.5,25.9,27.8,1000.3,77,83,26.1,247,0.0,3,0.1,27.8,77.0,8,229,Monsoon
30.8,26.0,28.1,1001.8,79,59,18.8,239,0.0,3,0.0,27.8,77.0,8,230,Monsoon
31.1,26.3,28.2,1003.6,79,47,19.2,240,0.0,2,0.0,28.1,79.0,8,231,Monsoon
30.3,25.8,27.7,1002.2,80,46,29.0,255,0.2,51,0.0,28.2,79.0,8,232,Monsoon
29.5,25.5,27.1,1000.4,81,54,29.6,255,0.2,51,0.2,27.7,80.0,8,233,Monsoon
29.8,25.1,27.2,1002.1,79,46,23.5,252,0.0,2,0.2,27.1,81.0,8,234,Monsoon
29.8,25.2,27.2,1003.6,78,40,23.9,253,0.0,2,0.0,27.2,79.0,8,235,Monsoon
30.1,25.1,27.2,1004.0,78,30,28.8,262,0.0,2,0.0,27.2,78.0,8,236,Monsoon
30.4,25.3,27.4,1004.0,77,41,31.1,260,0.0,2,0.0,27.2,78.0,8,237,Monsoon
30.4,25.5,27.6,1003.8,76,39,30.3,255,0.0,2,0.0,27.4,77.0,8,238,Monsoon
30.7,26.0,27.8,1002.7,77,43,33.2,252,0.0,2,0.0,27.6,76.0,8,239,Monsoon
30.8,25.8,27.9,1001.6,80,28,39.8,253,0.0,3,0.0,27.8,77.0,8,240,Monsoon
30.6,25.5,27.6,1002.4,81,20,37.6,257,0.0,2,0.0,27.9,80.0,8,241,Monsoon
30.0,25.3,27.3,1003.7,79,46,36.3,257,0.0,2,0.0,27.6,81.0,8,242,Monsoon
29.8,25.6,27.2,1003.7,77,48,34.8,254,0.0,2,0.0,27.3,79.0,8,243,Monsoon
29.1,25.3,26.9,1004.2,79,53,32.3,252,0.0,2,0.0,27.2,77.0,8,244,Monsoon
29.0,24.8,26.6,1003.9,78,59,26.2,252,0.0,3,0.0,26.9,79.0,9,245,Monsoon
29.3,24.5,26.5,1006.6,77,45,19.9,245,0.0,3,0.0,26.6,78.0,9,246,Monsoon
29.4,23.5,26.0,1009.3,79,26,23.6,257,0.0,2,0.0,26.5,77.0,9,247,Monsoon
29.1,24.3,26.3,1007.1,76,42,29.5,254,0.0,2,0.0,26.0,79.0,9,248,Monsoon
29.2,24.2,26.3,1005.4,75,45,22.0,246,0.0,3,0.0,26.3,76.0,9,249,Monsoon
30.2,23.9,26.7,1007.0,75,23,16.5,235,0.0,2,0.0,26.3,75.0,9,250,Monsoon
30.7,24.2,26.8,1007.8,75,19,23.1,268,0.0,2,0.0,26.7,75.0,9,251,Monsoon
29.1,24.2,26.2,1005.8,80,25,35.3,260,0.0,2,0.0,26.8,75.0,9,252,Monsoon
29.3,24.4,26.4,1003.7,78,41,38.1,254,0.0,2,0.0,26.2,80.0,9,253,Monsoon
29.1,24.9,26.6,1003.2,81,70,35.3,250,0.6,51,0.0,26.4,78.0,9,254,Monsoon
28.9,25.1,26.7,1003.5,83,69,30.3,251,0.3,51,0.6,26.6,81.0,9,255,Monsoon
29.5,25.4,27.1,1004.1,80,57,22.1,242,0.0,3,0.3,26.7,83.0,9,256,Monsoon
30.2,25.3,27.3,1007.7,79,37,21.8,250,0.0,2,0.0,27.1,80.0,9,257,Monsoon
29.6,25.4,27.1,1007.8,76,54,28.6,254,0.0,2,0.0,27.3,79.0,9,258,Monsoon
29.4,25.6,27.1,1004.2,79,55,30.1,249,0.4,51,0.0,27.1,76.0,9,259,Monsoon
30.0,25.5,27.5,1005.4,80,47,18.0,231,0.4,51,0.4,27.1,79.0,9,260,Monsoon
31.1,25.8,27.9,1008.6,78,53,19.5,247,0.0,3,0.4,27.5,80.0,9,261,Monsoon
31.5,25.4,27.9,1008.6,77,14,21.6,260,0.0,2,0.0,27.9,78.0,9,262,Monsoon
31.3,25.3,27.7,1007.5,78,16,22.2,258,0.0,2,0.0,27.9,77.0,9,263,Monsoon
30.8,25.3,27.6,1008.0,79,16,25.3,262,0.0,1,0.0,27.7,78.0,9,264,Monsoon
30.4,25.0,27.3,1008.1,78,17,26.5,264,0.0,1,0.0,27.6,79.0,9,265,Monsoon
30.8,24.7,27.3,1007.6,78,14,25.3,268,0.0,1,0.0,27.3,78.0,9,266,Monsoon
31.9,24.8,27.7,1008.0,78,17,22.0,272,0.0,3,0.0,27.3,78.0,9,267,Monsoon
33.5,24.4,28.2,1006.7,74,1,18.6,272,0.0,0,0.0,27.7,78.0,9,268,Monsoon
33.4,23.4,28.0,1007.0,75,20,18.1,236,0.0,3,0.0,28.2,74.0,9,269,Monsoon
34.4,24.2,28.9,1009.2,67,59,19.3,225,0.0,3,0.0,28.0,75.0,9,270,Monsoon
34.4,27.2,29.6,1010.0,62,82,16.0,264,1.3,55,0.0,28.9,67.0,9,271,Monsoon
33.0,26.2,28.9,1007.5,69,30,25.3,259,0.0,3,1.3,29.6,62.0,9,272,Monsoon
32.8,25.7,28.5,1007.0,77,15,18.8,236,0.0,1,0.0,28.9,69.0,9,273,Monsoon
31.8,24.9,28.1,1009.8,79,35,17.4,228,0.0,3,0.0,28.5,77.0,9,274,Monsoon
33.1,25.4,28.7,1010.5,72,86,17.1,244,0.0,3,0.0,28.1,79.0,10,275,PostMonsoon
28.4,25.8,27.3,1009.0,70,100,25.5,43,3.1,53,0.0,28.7,72.0,10,276,PostMonsoon
27.9,24.9,25.9,1007.7,78,84,32.4,43,8.2,61,3.1,27.3,70.0,10,277,PostMonsoon
31.0,24.6,27.5,1008.6,73,23,27.7,52,0.0,2,8.2,25.9,78.0,10,278,PostMonsoon
32.6,24.4,27.9,1007.3,73,1,19.9,282,0.0,0,0.0,27.5,73.0,10,279,PostMonsoon
31.1,23.7,26.9,1007.1,83,3,16.0,228,0.0,2,0.0,27.9,73.0,10,280,PostMonsoon
29.6,23.8,26.2,1007.3,84,37,18.4,240,0.0,3,0.0,26.9,83.0,10,281,PostMonsoon
29.8,24.1,26.6,1007.3,81,20,22.6,231,0.0,1,0.0,26.2,84.0,10,282,PostMonsoon
32.5,23.9,27.6,1008.1,65,9,22.4,256,0.0,1,0.0,26.6,81.0,10,283,PostMonsoon
32.0,19.6,26.2,1010.3,28,0,19.8,298,0.0,0,0.0,27.6,65.0,10,284,PostMonsoon
33.2,20.5,26.4,1011.3,50,0,12.7,257,0.0,0,0.0,26.2,28.0,10,285,PostMonsoon
31.6,18.5,25.8,1013.0,51,0,18.4,217,0.0,0,0.0,26.4,50.0,10,286,PostMonsoon
32.5,18.5,25.4,1014.4,60,0,19.4,279,0.0,0,0.0,25.8,51.0,10,287,PostMonsoon
32.3,20.6,25.9,1015.1,71,2,18.1,270,0.0,1,0.0,25.4,60.0,10,288,PostMonsoon
30.8,21.6,25.9,1014.4,78,27,18.2,263,0.0,3,0.0,25.9,71.0,10,289,PostMonsoon
30.0,23.7,26.5,1013.1,79,27,18.6,244,0.0,3,0.0,25.9,78.0,10,290,PostMonsoon
30.6,23.6,26.7,1013.4,77,11,18.7,235,0.0,1,0.0,26.5,79.0,10,291,PostMonsoon
30.7,23.4,26.5,1014.3,76,27,18.8,259,0.0,3,0.0,26.7,77.0,10,292,PostMonsoon
30.8,24.2,26.8,1012.8,77,17,20.4,263,0.0,1,0.0,26.5,76.0,10,293,PostMonsoon
31.3,23.6,26.9,1012.4,79,31,16.3,238,0.0,3,0.0,26.8,77.0,10,294,PostMonsoon
33.2,23.0,27.8,1014.0,70,26,18.1,269,0.0,3,0.0,26.9,79.0,10,295,PostMonsoon
35.5,23.5,29.5,1015.2,53,0,16.9,5,0.0,0,0.0,27.8,70.0,10,296,PostMonsoon
34.6,23.1,28.5,1013.9,59,0,19.1,267,0.0,0,0.0,29.5,53.0,10,297,PostMonsoon
33.1,23.4,27.8,1012.6,70,10,18.2,253,0.0,2,0.0,28.5,59.0,10,298,PostMonsoon
32.4,23.4,27.5,1014.5,76,8,13.2,228,0.0,1,0.0,27.8,70.0,10,299,PostMonsoon
34.0,21.6,27.7,1014.7,65,3,16.3,266,0.0,1,0.0,27.5,76.0,10,300,PostMonsoon
33.7,21.7,27.4,1014.6,66,1,18.1,283,0.0,0,0.0,27.7,65.0,10,301,PostMonsoon
32.4,21.3,26.8,1013.1,69,8,16.6,274,0.0,2,0.0,27.4,66.0,10,302,PostMonsoon
32.8,21.6,26.8,1014.4,49,0,30.8,59,0.0,0,0.0,26.8,69.0,10,303,PostMonsoon
31.9,21.3,26.4,1016.3,36,0,27.1,58,0.0,0,0.0,26.8,49.0,10,304,PostMonsoon
31.4,20.3,25.8,1015.6,41,0,15.6,40,0.0,0,0.0,26.4,36.0,10,305,PostMonsoon
32.3,18.6,25.4,1015.0,52,0,9.4,7,0.0,0,0.0,25.8,41.0,11,306,PostMonsoon
32.7,19.6,26.1,1014.9,42,8,12.2,26,0.0,1,0.0,25.4,52.0,11,307,PostMonsoon
33.1,19.6,26.5,1015.6,31,63,16.7,61,0.0,3,0.0,26.1,42.0,11,308,PostMonsoon
32.8,19.8,26.2,1014.9,31,20,15.5,47,0.0,2,0.0,26.5,31.0,11,309,PostMonsoon
32.7,17.4,25.2,1014.1,42,53,13.6,11,0.0,3,0.0,26.2,31.0,11,310,PostMonsoon
32.8,21.5,26.5,1014.3,32,81,11.4,47,0.0,3,0.0,25.2,42.0,11,311,PostMonsoon
32.6,20.0,26.2,1013.9,30,16,13.9,25,0.0,2,0.0,26.5,32.0,11,312,PostMonsoon
31.1,17.2,24.2,1013.2,48,0,15.4,323,0.0,0,0.0,26.2,30.0,11,313,PostMonsoon
31.6,17.3,24.4,1012.5,55,0,13.6,337,0.0,0,0.0,24.2,48.0,11,314,PostMonsoon
30.9,17.7,24.2,1012.2,61,0,16.2,290,0.0,0,0.0,24.4,55.0,11,315,PostMonsoon
30.6,18.1,24.1,1013.0,77,4,14.7,286,0.0,1,0.0,24.2,61.0,11,316,PostMonsoon
31.2,20.0,25.1,1014.9,70,15,14.1,303,0.0,2,0.0,24.1,77.0,11,317,PostMonsoon
33.3,19.8,26.3,1015.8,54,2,11.7,356,0.0,1,0.0,25.1,70.0,11,318,PostMonsoon
33.1,19.4,26.3,1015.4,43,26,11.5,25,0.0,3,0.0,26.3,54.0,11,319,PostMonsoon
32.6,19.6,26.0,1014.9,48,93,14.9,332,0.0,3,0.0,26.3,43.0,11,320,PostMonsoon
32.4,21.6,26.7,1014.0,54,90,14.6,294,0.0,3,0.0,26.0,48.0,11,321,PostMonsoon
29.3,23.8,26.1,1014.4,68,82,12.6,285,0.0,3,0.0,26.7,54.0,11,322,PostMonsoon
32.3,21.4,26.1,1014.8,69,0,16.6,296,0.0,0,0.0,26.1,68.0,11,323,PostMonsoon
31.6,18.9,25.3,1014.7,63,24,16.2,298,0.0,3,0.0,26.1,69.0,11,324,PostMonsoon
29.9,19.3,24.5,1014.5,71,31,13.6,276,0.0,3,0.0,25.3,63.0,11,325,PostMonsoon
28.4,18.7,23.7,1014.8,81,35,14.7,263,0.0,3,0.0,24.5,71.0,11,326,PostMonsoon
28.9,20.2,24.3,1013.9,78,12,16.0,262,0.0,3,0.0,23.7,81.0,11,327,PostMonsoon
28.2,20.2,23.7,1014.1,77,14,14.2,264,0.0,2,0.0,24.3,78.0,11,328,PostMonsoon
28.2,19.5,23.4,1013.7,76,10,13.9,277,0.0,3,0.0,23.7,77.0,11,329,PostMonsoon
28.5,18.0,23.1,1015.2,74,14,13.4,280,0.0,3,0.0,23.4,76.0,11,330,PostMonsoon
30.7,19.4,25.0,1016.7,63,22,20.9,49,0.0,3,0.0,23.1,74.0,11,331,PostMonsoon
30.7,21.6,25.9,1017.5,54,1,21.9,65,0.0,0,0.0,25.0,63.0,11,332,PostMonsoon
30.4,20.9,25.5,1018.8,54,0,17.3,52,0.0,0,0.0,25.9,54.0,11,333,PostMonsoon
28.8,18.8,23.8,1017.2,70,0,19.3,278,0.0,0,0.0,25.5,54.0,11,334,PostMonsoon
31.2,21.8,25.6,1014.2,63,14,15.4,293,0.0,2,0.0,23.8,70.0,11,335,PostMonsoon
28.8,18.6,23.7,1015.1,48,25,20.6,60,0.0,3,0.0,25.6,63.0,12,336,Winter
27.0,18.7,22.7,1019.2,36,72,29.8,62,0.0,3,0.0,23.7,48.0,12,337,Winter
26.5,17.7,21.8,1021.5,39,94,26.4,59,0.0,3,0.0,22.7,36.0,12,338,Winter
27.9,18.1,22.7,1020.2,42,97,12.5,42,0.0,3,0.0,21.8,39.0,12,339,Winter
28.5,19.1,23.7,1018.7,43,71,10.8,2,0.0,3,0.0,22.7,42.0,12,340,Winter
27.6,18.4,22.9,1018.4,54,78,12.6,319,0.0,3,0.0,23.7,43.0,12,341,Winter
28.3,18.0,22.9,1018.6,55,56,8.7,63,0.0,3,0.0,22.9,54.0,12,342,Winter
29.5,18.1,23.3,1019.2,39,18,20.2,55,0.0,2,0.0,22.9,55.0,12,343,Winter
29.2,18.0,23.2,1017.5,35,87,15.8,47,0.0,3,0.0,23.3,39.0,12,344,Winter
29.4,15.6,22.5,1016.7,46,24,10.2,18,0.0,3,0.0,23.2,35.0,12,345,Winter
29.7,17.6,23.1,1017.3,43,42,12.0,66,0.0,3,0.0,22.5,46.0,12,346,Winter
30.3,18.7,23.7,1018.7,36,4,21.1,59,0.0,1,0.0,23.1,43.0,12,347,Winter
29.9,18.7,23.8,1018.5,33,0,20.5,55,0.0,0,0.0,23.7,36.0,12,348,Winter
28.7,17.0,22.6,1016.2,43,0,13.7,5,0.0,0,0.0,23.8,33.0,12,349,Winter
27.9,15.6,21.9,1014.1,72,16,10.0,310,0.0,2,0.0,22.6,43.0,12,350,Winter
29.1,16.2,22.5,1015.2,58,0,9.7,38,0.0,0,0.0,21.9,72.0,12,351,Winter
28.9,15.0,22.0,1016.6,57,5,10.4,11,0.0,2,0.0,22.5,58.0,12,352,Winter
26.5,15.8,21.1,1015.7,71,0,19.8,285,0.0,0,0.0,22.0,57.0,12,353,Winter
28.0,20.9,23.9,1011.0,49,0,25.1,300,0.0,0,0.0,21.1,71.0,12,354,Winter
25.6,14.4,20.4,1010.0,32,4,17.1,332,0.0,1,0.0,23.9,49.0,12,355,Winter
25.8,16.0,20.2,1011.1,37,13,24.3,71,0.0,2,0.0,20.4,32.0,12,356,Winter
24.9,15.6,20.2,1012.0,42,13,17.3,72,0.0,1,0.0,20.2,37.0,12,357,Winter
25.4,16.2,20.8,1013.3,45,15,15.7,88,0.0,1,0.0,20.2,42.0,12,358,Winter
25.9,17.4,21.3,1016.3,38,16,20.7,69,0.0,1,0.0,20.8,45.0,12,359,Winter
25.6,16.9,20.8,1019.9,39,0,26.4,61,0.0,0,0.0,21.3,38.0,12,360,Winter
25.3,15.3,20.2,1017.4,39,34,17.8,68,0.0,3,0.0,20.8,39.0,12,361,Winter
25.0,14.9,19.8,1014.1,38,36,18.4,84,0.0,3,0.0,20.2,39.0,12,362,Winter
26.1,15.2,20.3,1014.3,38,30,23.1,82,0.0,3,0.0,19.8,38.0,12,363,Winter
24.7,17.0,20.4,1015.3,38,62,19.8,56,0.3,51,0.0,20.3,38.0,12,364,Winter
23.5,16.7,19.3,1014.1,52,43,20.6,23,1.7,53,0.3,20.4,38.0,12,365,Winter
18.9,13.7,16.7,1011.8,52,8,31.4,292,0.7,53,1.7,19.3,52.0,12,366,Winter
21.0,15.0,17.6,1014.1,42,0,27.4,306,0.0,0,0.7,16.7,52.0,1,1,Winter
22.4,12.4,17.0,1017.4,52,0,16.1,24,0.0,0,0.0,17.6,42.0,1,2,Winter
23.4,12.2,17.5,1018.8,57,4,18.3,76,0.0,2,0.0,17.0,52.0,1,3,Winter
23.5,13.7,18.0,1020.9,52,18,24.9,60,0.0,2,0.0,17.5,57.0,1,4,Winter
23.1,13.1,18.0,1019.4,60,19,15.9,26,0.0,2,0.0,18.0,52.0,1,5,Winter
25.1,15.0,19.9,1018.4,64,3,15.8,83,0.0,0,0.0,18.0,60.0,1,6,Winter
25.3,15.6,20.3,1019.2,53,1,16.9,37,0.0,0,0.0,19.9,64.0,1,7,Winter
25.2,14.6,20.2,1017.6,76,0,19.9,276,0.0,0,0.0,20.3,53.0,1,8,Winter
26.9,16.9,21.9,1015.9,59,36,15.9,305,0.0,3,0.0,20.2,76.0,1,9,Winter
26.2,15.8,21.0,1012.8,40,33,21.9,331,0.0,2,0.0,21.9,59.0,1,10,Winter
25.0,14.6,19.5,1014.9,32,0,19.2,85,0.0,0,0.0,21.0,40.0,1,11,Winter
25.4,13.1,19.3,1017.7,32,0,13.8,58,0.0,0,0.0,19.5,32.0,1,12,Winter
24.5,13.9,19.4,1017.0,43,10,13.3,339,0.0,1,0.0,19.3,32.0,1,13,Winter
25.5,16.0,20.8,1015.7,58,27,15.2,22,0.0,2,0.0,19.4,43.0,1,14,Winter
24.8,16.0,20.4,1014.5,39,30,21.5,46,0.0,3,0.0,20.8,58.0,1,15,Winter
23.8,15.8,19.7,1014.9,43,18,16.2,12,0.0,1,0.0,20.4,39.0,1,16,Winter
23.7,13.6,19.0,1015.1,57,0,14.1,312,0.0,0,0.0,19.7,43.0,1,17,Winter
23.4,11.1,17.8,1016.8,45,0,11.0,334,0.0,0,0.0,19.0,57.0,1,18,Winter
24.7,13.0,18.9,1018.6,39,0,16.5,83,0.0,0,0.0,17.8,45.0,1,19,Winter
25.1,14.6,20.0,1018.9,30,37,16.4,66,0.0,3,0.0,18.9,39.0,1,20,Winter
24.2,16.3,20.3,1017.8,59,63,24.9,279,1.1,53,0.0,20.0,30.0,1,21,Winter
25.8,16.3,21.3,1016.4,53,2,15.6,341,0.0,0,1.1,20.3,59.0,1,22,Winter
23.2,13.5,18.6,1016.8,44,71,18.2,107,0.0,3,0.0,21.3,53.0,1,23,Winter
22.9,15.9,19.2,1016.5,43,98,19.0,88,0.4,51,0.0,18.6,44.0,1,24,Winter
20.7,14.1,16.9,1017.1,63,59,26.7,63,5.4,53,0.4,19.2,43.0,1,25,Winter
20.3,13.7,16.9,1014.9,62,53,22.0,65,0.0,3,5.4,16.9,63.0,1,26,Winter
21.6,14.0,17.4,1012.7,51,2,26.0,322,0.0,0,0.0,16.9,62.0,1,27,Winter
21.8,10.8,16.6,1013.5,39,0,18.6,16,0.0,0,0.0,17.4,51.0,1,28,Winter
20.7,12.2,16.2,1016.2,43,24,30.6,51,0.0,2,0.0,16.6,39.0,1,29,Winter
21.9,11.4,16.6,1017.1,46,1,19.8,38,0.0,1,0.0,16.2,43.0,1,30,Winter
23.2,11.9,17.3,1019.5,37,0,22.7,48,0.0,0,0.0,16.6,46.0,1,31,Winter
23.3,11.3,17.4,1020.5,38,0,14.1,39,0.0,0,0.0,17.3,37.0,2,32,Winter
23.5,10.7,17.5,1018.1,53,0,16.0,304,0.0,0,0.0,17.4,38.0,2,33,Winter
24.3,15.7,20.0,1014.5,66,18,26.1,265,0.0,2,0.0,17.5,53.0,2,34,Winter
25.6,19.3,22.4,1013.0,70,32,21.1,259,0.0,2,0.0,20.0,66.0,2,35,Winter
25.5,19.2,22.0,1012.2,77,37,19.7,248,0.0,2,0.0,22.4,70.0,2,36,Winter
25.6,20.3,22.7,1011.0,75,41,28.2,232,0.0,3,0.0,22.0,77.0,2,37,Winter
25.7,20.5,22.8,1012.1,74,92,27.6,247,0.0,3,0.0,22.7,75.0,2,38,Winter
25.9,18.7,22.3,1015.3,74,51,19.9,203,0.0,2,0.0,22.8,74.0,2,39,Winter
27.0,18.7,22.4,1016.2,74,35,17.1,204,0.0,3,0.0,22.3,74.0,2,40,Winter
26.2,18.4,22.0,1016.2,69,60,20.9,67,0.0,3,0.0,22.4,74.0,2,41,Winter
21.2,19.0,20.2,1017.1,83,68,13.2,154,12.3,63,0.0,22.0,69.0,2,42,Winter
24.3,18.6,21.2,1017.2,87,60,12.3,298,0.0,3,12.3,20.2,83.0,2,43,Winter
24.7,17.0,20.9,1016.3,84,33,15.0,291,0.0,3,0.0,21.2,87.0,2,44,Winter
24.3,16.5,20.8,1014.1,84,26,21.9,276,0.0,2,0.0,20.9,84.0,2,45,Winter
25.5,18.9,22.6,1010.9,59,12,29.9,285,0.2,51,0.0,20.8,84.0,2,46,Winter
22.2,15.8,19.1,1010.0,43,7,25.2,293,0.0,1,0.2,22.6,59.0,2,47,Winter
21.5,13.8,17.5,1011.6,32,0,27.9,316,0.0,0,0.0,19.1,43.0,2,48,Winter
18.4,10.5,14.7,1014.5,29,0,27.4,316,0.0,0,0.0,17.5,32.0,2,49,Winter
19.1,9.5,14.4,1017.0,29,0,25.9,318,0.0,0,0.0,14.7,29.0,2,50,Winter
22.4,9.2,16.8,1017.9,39,20,12.6,93,0.0,3,0.0,14.4,29.0,2,51,Winter
23.7,12.4,18.1,1019.1,27,14,18.4,20,0.0,3,0.0,16.8,39.0,2,52,Winter
24.5,10.9,18.3,1018.8,44,0,12.7,9,0.0,0,0.0,18.1,27.0,2,53,Winter
25.6,13.0,19.8,1017.4,52,0,19.6,293,0.0,0,0.0,18.3,44.0,2,54,Winter
27.4,16.2,21.9,1015.7,63,10,18.0,287,0.0,2,0.0,19.8,52.0,2,55,Winter
28.0,18.2,23.2,1015.4,71,26,16.4,261,0.0,3,0.0,21.9,63.0,2,56,Winter
29.5,19.2,23.9,1015.2,51,52,18.3,59,0.3,51,0.0,23.2,71.0,2,57,Winter
29.3,18.2,23.8,1013.2,48,64,17.4,1,0.0,3,0.3,23.9,51.0,2,58,Winter
30.4,19.4,24.4,1012.0,52,83,13.8,24,0.0,3,0.0,23.8,48.0,2,59,Winter
28.0,19.2,24.0,1012.9,54,71,19.1,49,0.2,51,0.0,24.4,52.0,3,60,HotDry
26.6,20.1,22.7,1013.8,65,59,31.3,104,0.2,51,0.2,24.0,54.0,3,61,HotDry
25.2,19.0,21.8,1015.4,71,61,17.5,275,1.0,53,0.2,22.7,65.0,3,62,HotDry
26.1,17.3,21.8,1015.7,67,27,22.1,278,0.0,3,1.0,21.8,71.0,3,63,HotDry
27.0,17.6,22.3,1017.0,66,9,19.9,278,0.0,3,0.0,21.8,67.0,3,64,HotDry
28.4,19.3,23.3,1016.9,66,76,22.2,317,0.0,3,0.0,22.3,66.0,3,65,HotDry
27.8,17.8,22.9,1015.7,67,40,23.5,284,0.0,3,0.0,23.3,66.0,3,66,HotDry
28.1,19.0,23.4,1015.6,66,87,28.2,297,0.0,3,0.0,22.9,67.0,3,67,HotDry
25.6,19.2,22.6,1015.3,62,22,23.2,273,0.1,51,0.0,23.4,66.0,3,68,HotDry
28.2,18.9,23.2,1015.6,71,8,22.7,280,0.0,2,0.1,22.6,62.0,3,69,HotDry
27.8,19.7,23.4,1014.2,80,2,22.2,252,0.0,0,0.0,23.2,71.0,3,70,HotDry
28.8,20.2,24.0,1014.1,79,26,19.4,262,0.0,3,0.0,23.4,80.0,3,71,HotDry
30.1,19.4,24.1,1014.0,76,17,22.9,268,0.0,3,0.0,24.0,79.0,3,72,HotDry
29.1,19.3,23.9,1012.6,78,81,22.1,263,0.0,3,0.0,24.1,76.0,3,73,HotDry
28.9,21.4,24.5,1011.1,79,72,27.1,263,0.0,3,0.0,23.9,78.0,3,74,HotDry
29.3,22.5,25.1,1010.6,79,60,23.8,260,0.0,3,0.0,24.5,79.0,3,75,HotDry
28.5,22.2,24.6,1011.6,81,71,26.2,263,0.0,3,0.0,25.1,79.0,3,76,HotDry
28.2,22.0,24.7,1010.4,80,39,27.5,263,0.0,3,0.0,24.6,81.0,3,77,HotDry
29.7,22.5,25.4,1009.8,77,11,27.1,258,0.0,2,0.0,24.7,80.0,3,78,HotDry
29.6,22.5,25.4,1010.0,75,1,31.1,260,0.0,0,0.0,25.4,77.0,3,79,HotDry
31.5,22.8,26.1,1008.4,71,6,30.4,266,0.0,1,0.0,25.4,75.0,3,80,HotDry
32.0,21.4,26.5,1007.6,53,0,27.9,276,0.0,0,0.0,26.1,71.0,3,81,HotDry
33.2,20.5,26.5,1007.3,54,0,25.9,278,0.0,0,0.0,26.5,53.0,3,82,HotDry
30.3,20.2,25.0,1008.9,76,13,21.9,248,0.0,2,0.0,26.5,54.0,3,83,HotDry
30.2,20.3,25.2,1010.0,77,11,23.6,239,0.0,2,0.0,25.0,76.0,3,84,HotDry
29.6,23.8,25.8,1009.3,73,30,26.8,255,0.0,3,0.0,25.2,77.0,3,85,HotDry
32.0,22.1,26.3,1008.9,63,2,21.3,269,0.0,1,0.0,25.8,73.0,3,86,HotDry
35.5,21.0,28.0,1009.2,45,0,21.6,293,0.0,0,0.0,26.3,63.0,3,87,HotDry
35.1,19.4,27.5,1009.3,45,0,20.5,295,0.0,0,0.0,28.0,45.0,3,88,HotDry
34.1,19.6,27.6,1010.2,38,0,17.6,8,0.0,0,0.0,27.5,45.0,3,89,HotDry
34.0,20.0,27.4,1011.4,29,0,20.4,331,0.0,0,0.0,27.6,38.0,3,90,HotDry
32.1,19.6,25.9,1010.4,56,0,20.9,269,0.0,0,0.0,27.4,29.0,4,91,HotDry
33.0,20.2,26.0,1010.4,68,0,19.1,256,0.0,0,0.0,25.9,56.0,4,92,HotDry
35.3,19.8,27.5,1011.6,60,0,23.5,281,0.0,0,0.0,26.0,68.0,4,93,HotDry
37.1,21.8,29.0,1010.6,52,0,21.8,284,0.0,0,0.0,27.5,60.0,4,94,HotDry
34.6,21.7,28.1,1009.3,54,0,27.0,270,0.0,0,0.0,29.0,52.0,4,95,HotDry
32.2,24.3,27.8,1006.4,58,0,32.8,252,0.0,0,0.0,28.1,54.0,4,96,HotDry
33.3,24.1,27.9,1005.7,27,0,27.4,297,0.0,0,0.0,27.8,58.0,4,97,HotDry
31.8,21.3,26.4,1009.2,27,0,25.9,293,0.0,0,0.0,27.9,27.0,4,98,HotDry
31.2,21.6,26.0,1011.9,25,0,27.7,312,0.0,0,0.0,26.4,27.0,4,99,HotDry
31.2,19.3,25.5,1012.6,21,0,22.6,323,0.0,0,0.0,26.0,25.0,4,100,HotDry
33.1,17.2,26.1,1013.5,39,0,15.5,338,0.0,0,0.0,25.5,21.0,4,101,HotDry
34.8,20.2,27.5,1012.7,33,0,23.2,304,0.0,0,0.0,26.1,39.0,4,102,HotDry
32.6,20.3,26.5,1012.2,59,0,26.6,273,0.0,0,0.0,27.5,33.0,4,103,HotDry
34.6,22.8,27.6,1012.0,66,1,23.4,261,0.0,0,0.0,26.5,59.0,4,104,HotDry
37.0,22.1,29.0,1012.0,51,13,22.3,275,0.0,2,0.0,27.6,66.0,4,105,HotDry
35.4,22.5,28.4,1011.9,53,9,25.0,262,0.0,2,0.0,29.0,51.0,4,106,HotDry
34.4,21.3,27.5,1011.8,62,0,25.4,263,0.0,0,0.0,28.4,53.0,4,107,HotDry
32.8,21.9,26.8,1011.4,66,0,29.1,266,0.0,0,0.0,27.5,62.0,4,108,HotDry
31.5,22.1,26.4,1011.5,76,63,25.7,262,0.0,3,0.0,26.8,66.0,4,109,HotDry
33.2,23.3,27.7,1011.1,74,95,25.3,252,0.0,3,0.0,26.4,76.0,4,110,HotDry
34.3,24.6,28.7,1009.3,68,87,29.9,261,0.0,3,0.0,27.7,74.0,4,111,HotDry
30.9,25.2,27.8,1008.1,73,81,25.0,257,0.0,3,0.0,28.7,68.0,4,112,HotDry
31.9,25.0,27.9,1008.2,77,29,23.7,243,0.0,3,0.0,27.8,73.0,4,113,HotDry
31.5,24.8,27.7,1009.5,76,21,21.4,241,0.0,3,0.0,27.9,77.0,4,114,HotDry
31.1,24.8,27.6,1008.2,75,29,25.1,249,0.0,2,0.0,27.7,76.0,4,115,HotDry
33.0,24.8,28.3,1007.4,76,16,22.6,251,0.0,2,0.0,27.6,75.0,4,116,HotDry
32.8,25.0,28.5,1006.0,75,13,29.6,251,0.0,2,0.0,28.3,76.0,4,117,HotDry
33.1,25.8,29.2,1005.2,69,29,28.8,250,0.0,3,0.0,28.5,75.0,4,118,HotDry
32.0,25.3,28.3,1004.8,76,14,32.1,254,0.0,2,0.0,29.2,69.0,4,119,HotDry
32.4,25.4,28.6,1003.8,74,12,28.8,255,0.0,1,0.0,28.3,76.0,4,120,HotDry
33.2,25.6,29.2,1005.1,69,1,32.2,255,0.0,0,0.0,28.6,74.0,5,121,HotDry
32.7,25.6,28.8,1006.7,75,16,24.6,259,0.0,2,0.0,29.2,69.0,5,122,HotDry
32.3,26.1,28.9,1006.2,71,26,23.0,250,0.2,51,0.0,28.8,75.0,5,123,HotDry
32.4,26.2,28.9,1006.2,70,12,24.8,254,0.1,51,0.2,28.9,71.0,5,124,HotDry
32.2,25.7,28.4,1006.2,70,7,28.0,260,0.0,1,0.1,28.9,70.0,5,125,HotDry
31.8,26.4,28.7,1004.5,72,21,33.2,255,0.0,1,0.0,28.4,70.0,5,126,HotDry
32.5,26.3,28.8,1004.0,72,20,28.1,252,0.0,2,0.0,28.7,72.0,5,127,HotDry
31.6,24.8,27.9,1005.3,67,1,26.6,259,0.0,0,0.0,28.8,72.0,5,128,HotDry
36.0,23.4,28.9,1006.4,64,0,22.7,256,0.0,0,0.0,27.9,67.0,5,129,HotDry
36.3,23.9,29.3,1005.7,62,0,24.5,247,0.0,0,0.0,28.9,64.0,5,130,HotDry
33.1,25.2,28.7,1005.5,65,0,34.0,257,0.0,0,0.0,29.3,62.0,5,131,HotDry
32.5,25.6,28.6,1006.1,65,0,35.3,258,0.0,0,0.0,28.7,65.0,5,132,HotDry
32.8,25.6,28.7,1005.8,71,0,32.4,260,0.0,0,0.0,28.6,65.0,5,133,HotDry
34.3,25.6,29.2,1004.9,72,16,32.3,260,0.0,2,0.0,28.7,71.0,5,134,HotDry
33.5,26.0,29.2,1005.6,71,28,33.8,261,0.0,3,0.0,29.2,72.0,5,135,HotDry
32.8,25.8,28.8,1006.9,76,23,34.1,259,0.0,3,0.0,29.2,71.0,5,136,HotDry
32.6,26.2,29.1,1005.9,76,25,27.9,251,0.0,2,0.0,28.8,76.0,5,137,HotDry
33.9,26.6,29.7,1004.8,77,6,27.1,249,0.0,1,0.0,29.1,76.0,5,138,HotDry
34.0,26.5,29.8,1005.0,76,14,28.3,253,0.0,3,0.0,29.7,77.0,5,139,HotDry
34.9,26.9,30.3,1003.8,72,40,27.8,257,0.0,3,0.0,29.8,76.0,5,140,HotDry
33.3,26.5,29.4,1004.2,78,32,31.6,256,0.0,2,0.0,30.3,72.0,5,141,HotDry
33.2,27.0,29.6,1005.1,79,61,30.1,256,0.0,3,0.0,29.4,78.0,5,142,HotDry
34.1,27.1,29.9,1006.2,77,41,26.1,262,0.0,3,0.0,29.6,79.0,5,143,HotDry
33.4,26.8,29.5,1006.8,74,29,26.2,258,0.0,2,0.0,29.9,77.0,5,144,HotDry
32.9,26.3,29.1,1005.9,75,27,28.6,253,0.0,3,0.0,29.5,74.0,5,145,HotDry
34.5,26.9,30.0,1005.2,76,14,23.7,251,0.0,1,0.0,29.1,75.0,5,146,HotDry
34.0,26.7,29.9,1005.9,77,20,24.5,245,0.0,3,0.0,30.0,76.0,5,147,HotDry
33.0,26.7,29.5,1006.0,74,25,24.1,255,0.0,2,0.0,29.9,77.0,5,148,HotDry
33.9,27.2,30.2,1006.5,71,22,23.0,262,0.0,1,0.0,29.5,74.0,5,149,HotDry
34.0,27.3,30.2,1006.6,71,10,24.2,260,0.0,1,0.0,30.2,71.0,5,150,HotDry
34.6,26.9,30.1,1005.9,72,10,24.1,265,0.0,1,0.0,30.2,71.0,5,151,HotDry
33.2,26.8,29.5,1004.2,74,14,29.7,262,0.0,1,0.0,30.1,72.0,6,152,Monsoon
33.0,27.1,29.6,1002.8,74,23,33.6,254,0.0,2,0.0,29.5,74.0,6,153,Monsoon
32.7,27.5,29.6,1003.0,77,26,36.2,256,0.0,2,0.0,29.6,74.0,6,154,Monsoon
32.7,27.1,29.4,1001.8,77,17,38.1,261,0.0,1,0.0,29.6,77.0,6,155,Monsoon
33.6,27.0,29.8,999.9,76,6,35.2,256,0.0,1,0.0,29.4,77.0,6,156,Monsoon
35.7,27.4,30.8,998.4,72,5,31.2,243,0.0,1,0.0,29.8,76.0,6,157,Monsoon
35.7,27.5,31.1,997.8,69,3,25.0,231,0.0,1,0.0,30.8,72.0,6,158,Monsoon
33.3,27.1,29.7,999.3,81,38,25.2,227,0.0,3,0.0,31.1,69.0,6,159,Monsoon
32.7,27.5,29.8,1000.3,76,31,26.9,248,0.0,2,0.0,29.7,81.0,6,160,Monsoon
33.0,27.6,29.8,1001.6,73,35,29.3,250,0.0,2,0.0,29.8,76.0,6,161,Monsoon
32.8,27.4,29.7,1002.9,72,27,32.4,252,0.0,2,0.0,29.8,73.0,6,162,Monsoon
33.0,27.4,29.8,1002.7,74,37,29.1,253,0.0,2,0.0,29.7,72.0,6,163,Monsoon
33.6,27.2,30.0,1002.6,72,10,27.6,255,0.0,1,0.0,29.8,74.0,6,164,Monsoon
33.8,27.7,30.2,1004.0,71,13,26.5,258,0.0,1,0.0,30.0,72.0,6,165,Monsoon
33.3,27.4,30.0,1003.2,73,18,29.1,258,0.0,2,0.0,30.2,71.0,6,166,Monsoon
33.1,27.6,30.1,1001.1,72,30,31.3,250,0.0,2,0.0,30.0,73.0,6,167,Monsoon
33.3,27.9,30.3,999.4,73,29,28.7,246,0.0,2,0.0,30.1,72.0,6,168,Monsoon
33.5,27.9,30.6,997.1,71,32,27.2,241,0.0,2,0.0,30.3,73.0,6,169,Monsoon
34.0,28.3,30.9,996.6,71,26,21.8,246,0.0,2,0.0,30.6,71.0,6,170,Monsoon
35.4,28.7,31.3,996.5,72,32,26.1,253,0.0,2,0.0,30.9,71.0,6,171,Monsoon
38.6,28.3,32.9,996.8,66,56,17.5,280,2.0,55,0.0,31.3,72.0,6,172,Monsoon
40.7,29.9,34.3,997.7,62,61,18.1,266,0.2,51,2.0,32.9,66.0,6,173,Monsoon
36.2,29.5,32.3,998.2,75,22,29.0,248,0.0,3,0.2,34.3,62.0,6,174,Monsoon
34.6,28.8,31.3,997.0,77,20,27.7,237,0.0,2,0.0,32.3,75.0,6,175,Monsoon
34.1,28.5,30.9,996.7,76,52,25.0,232,0.0,2,0.0,31.3,77.0,6,176,Monsoon
33.6,28.4,30.6,996.9,77,73,26.4,240,0.2,51,0.0,30.9,76.0,6,177,Monsoon
33.1,28.5,30.5,995.5,77,73,29.4,244,0.4,51,0.2,30.6,77.0,6,178,Monsoon
32.9,27.8,30.3,995.1,78,96,24.5,244,0.0,3,0.4,30.5,77.0,6,179,Monsoon
33.1,28.4,30.4,995.2,76,89,22.1,233,0.0,3,0.0,30.3,78.0,6,180,Monsoon
33.9,28.3,30.9,995.8,73,94,26.0,234,0.0,3,0.0,30.4,76.0,6,181,Monsoon
33.6,29.0,31.0,996.1,72,67,31.5,246,0.0,3,0.0,30.9,73.0,7,182,Monsoon
32.5,28.7,30.4,997.3,75,84,29.9,246,0.0,3,0.0,31.0,72.0,7,183,Monsoon
32.3,28.4,30.2,997.4,76,91,23.3,234,0.0,3,0.0,30.4,75.0,7,184,Monsoon
33.7,28.5,30.8,995.4,73,74,24.3,238,0.0,3,0.0,30.2,76.0,7,185,Monsoon
33.8,28.5,30.9,994.8,75,9,26.0,237,0.0,1,0.0,30.8,73.0,7,186,Monsoon
32.9,27.9,30.3,998.5,77,39,26.2,236,0.0,2,0.0,30.9,75.0,7,187,Monsoon
33.2,27.9,30.2,1000.8,73,48,25.3,244,0.0,2,0.0,30.3,77.0,7,188,Monsoon
32.5,27.8,29.8,1001.0,70,36,23.9,250,0.0,2,0.0,30.2,73.0,7,189,Monsoon
32.6,27.8,29.7,1000.5,72,38,27.9,255,0.0,2,0.0,29.8,70.0,7,190,Monsoon
32.4,27.6,29.7,999.9,72,67,30.7,251,0.0,3,0.0,29.7,72.0,7,191,Monsoon
32.4,27.7,29.7,1001.4,75,87,30.2,246,0.0,3,0.0,29.7,72.0,7,192,Monsoon
32.0,27.8,29.5,1001.9,77,68,33.2,249,0.4,51,0.0,29.7,75.0,7,193,Monsoon
31.8,27.6,29.4,1001.8,77,76,27.4,248,0.2,51,0.4,29.5,77.0,7,194,Monsoon
32.0,27.7,29.6,1003.2,74,53,27.2,250,0.0,3,0.2,29.4,77.0,7,195,Monsoon
31.5,27.6,29.3,1003.9,76,94,32.3,257,0.0,3,0.0,29.6,74.0,7,196,Monsoon
31.0,27.6,29.0,1002.8,76,74,36.4,258,0.3,51,0.0,29.3,76.0,7,197,Monsoon
30.8,27.4,28.9,1001.5,75,80,34.1,258,0.5,51,0.3,29.0,76.0,7,198,Monsoon
31.3,27.4,29.0,1002.6,76,91,31.6,253,0.4,51,0.5,28.9,75.0,7,199,Monsoon
31.1,27.1,28.8,1004.3,78,59,34.9,257,0.0,3,0.4,29.0,76.0,7,200,Monsoon
30.2,26.8,28.4,1001.7,79,51,39.7,257,0.3,51,0.0,28.8,78.0,7,201,Monsoon
30.5,26.8,28.4,1001.1,80,51,33.4,253,0.2,51,0.3,28.4,79.0,7,202,Monsoon
30.1,26.4,28.1,1000.1,82,43,33.7,253,0.1,51,0.2,28.4,80.0,7,203,Monsoon
31.0,26.2,28.2,999.2,81,61,29.8,247,0.0,3,0.1,28.1,82.0,7,204,Monsoon
30.5,26.2,28.0,1000.1,82,70,29.3,254,0.0,3,0.0,28.2,81.0,7,205,Monsoon
30.3,26.2,27.8,998.9,81,59,36.0,259,0.0,3,0.0,28.0,82.0,7,206,Monsoon
30.3,26.0,27.9,997.4,80,81,31.4,255,0.0,3,0.0,27.8,81.0,7,207,Monsoon
30.9,25.9,28.0,997.6,79,69,25.5,252,0.0,3,0.0,27.9,80.0,7,208,Monsoon
30.4,26.5,28.1,998.5,78,83,27.7,253,0.0,3,0.0,28.0,79.0,7,209,Monsoon
30.1,26.2,27.6,997.7,80,99,28.2,257,0.0,3,0.0,28.1,78.0,7,210,Monsoon
31.5,26.2,28.4,997.0,80,70,21.4,240,0.0,3,0.0,27.6,80.0,7,211,Monsoon
31.3,26.2,28.3,997.3,78,52,22.3,244,0.0,3,0.0,28.4,80.0,7,212,Monsoon
31.6,26.1,28.4,996.6,77,90,22.4,252,0.0,3,0.0,28.3,78.0,8,213,Monsoon
30.6,26.4,28.3,996.8,78,100,18.4,252,0.0,3,0.0,28.4,77.0,8,214,Monsoon
31.8,26.7,28.7,997.5,80,72,27.9,253,0.0,3,0.0,28.3,78.0,8,215,Monsoon
31.1,26.6,28.3,998.8,81,86,25.7,249,1.7,53,0.0,28.7,80.0,8,216,Monsoon
30.8,26.7,28.3,998.7,79,88,33.0,246,0.0,3,1.7,28.3,81.0,8,217,Monsoon
29.7,26.3,27.8,996.8,81,93,33.7,245,0.0,3,0.0,28.3,79.0,8,218,Monsoon
30.1,26.1,27.8,995.4,81,67,28.5,234,0.0,3,0.0,27.8,81.0,8,219,Monsoon
30.0,26.0,27.7,998.8,81,57,23.8,210,0.5,51,0.0,27.8,81.0,8,220,Monsoon
30.3,25.7,27.6,1002.2,82,46,21.1,210,0.0,2,0.5,27.7,81.0,8,221,Monsoon
29.9,25.9,27.5,1001.7,80,45,23.9,239,0.0,2,0.0,27.6,82.0,8,222,Monsoon
29.7,25.7,27.4,1000.1,82,64,26.1,243,0.1,51,0.0,27.5,80.0,8,223,Monsoon
29.7,25.8,27.5,999.6,83,72,22.5,237,0.0,3,0.1,27.4,82.0,8,224,Monsoon
30.3,25.9,27.7,1000.9,83,96,19.5,225,0.0,3,0.0,27.5,83.0,8,225,Monsoon
30.2,26.4,27.7,1000.9,83,87,21.4,237,0.0,3,0.0,27.7,83.0,8,226,Monsoon
29.5,25.8,27.3,998.9,82,91,23.7,238,0.0,3,0.0,27.7,83.0,8,227,Monsoon
29.9,25.8,27.6,999.8,81,80,20.1,220,0.0,3,0.0,27.3,82.0,8,228,Monsoon
30.5,26.0,28.1,1001.3,79,88,20.4,234,0.0,3,0.0,27.6,81.0,8,229,Monsoon
30.7,26.6,28.3,1002.3,79,59,22.6,246,0.2,51,0.0,28.1,79.0,8,230,Monsoon
30.3,26.6,28.2,1001.9,77,48,29.2,252,0.0,3,0.2,28.3,79.0,8,231,Monsoon
31.0,26.4,28.4,1001.2,73,45,30.1,251,0.0,3,0.0,28.2,77.0,8,232,Monsoon
31.2,26.2,28.4,1001.9,73,36,28.7,251,0.0,2,0.0,28.4,73.0,8,233,Monsoon
31.2,26.4,28.4,1003.5,73,52,29.1,251,0.0,2,0.0,28.4,73.0,8,234,Monsoon
30.7,25.9,28.1,1005.0,75,53,31.3,254,0.0,3,0.0,28.4,73.0,8,235,Monsoon
29.8,26.1,27.6,1004.8,79,58,39.1,258,0.3,51,0.0,28.1,75.0,8,236,Monsoon
29.3,25.8,27.2,1004.1,80,48,36.8,254,0.6,51,0.3,27.6,79.0,8,237,Monsoon
29.1,25.6,27.0,1004.9,81,50,31.6,252,0.5,51,0.6,27.2,80.0,8,238,Monsoon
29.3,25.3,27.0,1004.8,82,61,29.9,248,0.1,51,0.5,27.0,81.0,8,239,Monsoon
29.4,25.2,27.1,1005.2,81,54,18.8,234,0.2,51,0.1,27.0,82.0,8,240,Monsoon
30.0,25.5,27.3,1007.2,80,39,19.9,235,0.0,3,0.2,27.1,81.0,8,241,Monsoon
29.8,24.7,27.1,1005.6,75,38,21.4,239,0.0,2,0.0,27.3,80.0,8,242,Monsoon
30.2,25.2,27.5,1004.2,73,47,18.6,238,0.0,3,0.0,27.1,75.0,8,243,Monsoon
31.1,25.0,27.8,1005.5,70,24,19.9,239,0.0,2,0.0,27.5,73.0,9,244,Monsoon
31.0,25.1,27.8,1007.0,71,11,24.6,255,0.0,2,0.0,27.8,70.0,9,245,Monsoon
31.0,25.6,27.9,1005.8,73,14,27.6,259,0.0,1,0.0,27.8,71.0,9,246,Monsoon
30.7,25.6,27.8,1003.5,77,43,26.6,260,0.0,2,0.0,27.9,73.0,9,247,Monsoon
31.2,25.5,28.0,1003.2,76,28,23.7,263,0.0,2,0.0,27.8,77.0,9,248,Monsoon
31.6,25.5,28.1,1003.6,75,22,24.6,266,0.0,3,0.0,28.0,76.0,9,249,Monsoon
32.0,26.0,28.5,1004.7,76,37,24.4,263,0.0,3,0.0,28.1,75.0,9,250,Monsoon
31.6,26.1,28.5,1005.0,77,53,20.9,263,0.0,3,0.0,28.5,76.0,9,251,Monsoon
33.0,26.6,29.2,1004.6,75,76,20.1,269,0.0,3,0.0,28.5,77.0,9,252,Monsoon
31.5,26.9,28.8,1002.5,80,93,16.5,283,5.2,61,0.0,29.2,75.0,9,253,Monsoon
32.1,27.1,29.6,1000.5,80,67,13.1,299,3.1,61,5.2,28.8,80.0,9,254,Monsoon
35.4,27.0,30.7,1000.0,75,46,20.2,350,2.6,53,3.1,29.6,80.0,9,255,Monsoon
36.7,28.8,32.3,1001.2,62,54,29.8,35,0.0,3,2.6,30.7,75.0,9,256,Monsoon
36.4,28.6,32.3,1002.0,59,54,30.5,37,0.0,3,0.0,32.3,62.0,9,257,Monsoon
35.2,28.2,31.6,1002.5,60,94,33.1,46,0.0,3,0.0,32.3,59.0,9,258,Monsoon
34.5,27.9,30.8,1002.9,62,79,24.8,22,0.0,3,0.0,31.6,60.0,9,259,Monsoon
31.2,26.9,28.8,1003.8,75,27,33.8,261,0.0,2,0.0,30.8,62.0,9,260,Monsoon
31.0,26.5,28.4,1005.6,76,42,28.8,258,0.0,2,0.0,28.8,75.0,9,261,Monsoon
33.4,26.5,29.1,1006.9,74,30,24.0,261,0.0,2,0.0,28.4,76.0,9,262,Monsoon
33.9,26.7,29.4,1004.5,75,22,24.1,274,0.0,2,0.0,29.1,74.0,9,263,Monsoon
34.1,26.2,29.3,1004.2,76,20,23.0,273,0.0,2,0.0,29.4,75.0,9,264,Monsoon
33.8,26.0,29.2,1004.7,77,40,26.8,276,0.0,3,0.0,29.3,76.0,9,265,Monsoon
32.0,25.8,28.3,1004.8,78,13,27.3,266,0.0,2,0.0,29.2,77.0,9,266,Monsoon
30.3,25.4,27.4,1005.3,82,64,28.3,252,0.0,3,0.0,28.3,78.0,9,267,Monsoon
30.0,25.5,27.3,1005.7,77,68,27.2,249,0.0,3,0.0,27.4,82.0,9,268,Monsoon
29.6,25.4,27.2,1005.6,75,51,24.4,248,0.0,3,0.0,27.3,77.0,9,269,Monsoon
30.2,25.0,27.3,1007.0,74,44,18.6,235,0.0,2,0.0,27.2,75.0,9,270,Monsoon
31.0,24.5,27.4,1008.8,72,26,18.0,235,0.0,2,0.0,27.3,74.0,9,271,Monsoon
31.0,24.1,27.1,1009.0,72,13,19.7,254,0.0,2,0.0,27.4,72.0,9,272,Monsoon
30.3,24.0,26.9,1009.8,73,13,22.1,251,0.0,1,0.0,27.1,72.0,9,273,Monsoon
30.3,23.8,26.8,1011.4,72,21,21.4,255,0.0,2,0.0,26.9,73.0,10,274,PostMonsoon
30.2,24.7,27.0,1011.2,70,12,22.9,257,0.0,2,0.0,26.8,72.0,10,275,PostMonsoon
30.1,24.4,26.7,1009.7,70,18,24.4,256,0.0,2,0.0,27.0,70.0,10,276,PostMonsoon
30.4,24.6,26.9,1009.9,71,13,22.9,257,0.0,1,0.0,26.7,70.0,10,277,PostMonsoon
30.5,24.6,26.9,1012.1,72,8,22.3,263,0.0,1,0.0,26.9,71.0,10,278,PostMonsoon
30.5,23.8,26.5,1012.8,74,6,22.5,267,0.0,1,0.0,26.9,72.0,10,279,PostMonsoon
30.8,23.9,26.6,1012.0,75,8,24.0,262,0.0,1,0.0,26.5,74.0,10,280,PostMonsoon
30.0,24.5,26.7,1011.3,78,14,26.4,260,0.0,2,0.0,26.6,75.0,10,281,PostMonsoon
30.5,24.5,26.9,1011.9,76,9,26.3,262,0.0,1,0.0,26.7,78.0,10,282,PostMonsoon
31.3,24.4,27.3,1011.2,76,2,25.6,267,0.0,0,0.0,26.9,76.0,10,283,PostMonsoon
30.7,24.4,27.2,1011.4,79,24,18.6,243,0.0,3,0.0,27.3,76.0,10,284,PostMonsoon
32.2,24.1,27.4,1011.9,73,22,14.0,255,0.0,3,0.0,27.2,79.0,10,285,PostMonsoon
35.1,22.9,28.8,1010.9,56,0,18.4,297,0.0,0,0.0,27.4,73.0,10,286,PostMonsoon
36.1,24.2,29.8,1010.3,46,0,18.9,295,0.0,0,0.0,28.8,56.0,10,287,PostMonsoon
36.9,25.6,30.9,1009.7,33,0,22.0,301,0.0,0,0.0,29.8,46.0,10,288,PostMonsoon
37.4,25.0,30.9,1009.8,35,0,18.6,294,0.0,0,0.0,30.9,33.0,10,289,PostMonsoon
36.8,22.8,29.7,1011.3,43,0,18.5,350,0.0,0,0.0,30.9,35.0,10,290,PostMonsoon
36.2,21.5,29.2,1011.7,44,0,20.9,298,0.0,0,0.0,29.7,43.0,10,291,PostMonsoon
35.5,20.3,27.9,1010.8,48,0,17.2,315,0.0,0,0.0,29.2,44.0,10,292,PostMonsoon
35.2,20.5,27.8,1010.7,53,0,17.4,325,0.0,0,0.0,27.9,48.0,10,293,PostMonsoon
35.4,22.2,28.8,1011.8,52,0,17.5,322,0.0,0,0.0,27.8,53.0,10,294,PostMonsoon
33.9,20.8,27.5,1012.0,55,0,18.3,273,0.0,0,0.0,28.8,52.0,10,295,PostMonsoon
32.1,20.8,26.6,1011.3,75,3,17.3,252,0.0,1,0.0,27.5,55.0,10,296,PostMonsoon
34.0,20.9,27.4,1011.6,63,0,17.8,291,0.0,0,0.0,26.6,75.0,10,297,PostMonsoon
33.7,22.8,27.6,1011.3,63,0,17.9,285,0.0,0,0.0,27.4,63.0,10,298,PostMonsoon
34.4,21.7,28.0,1011.3,56,0,18.5,297,0.0,0,0.0,27.6,63.0,10,299,PostMonsoon
35.2,21.9,28.7,1011.8,43,0,17.4,323,0.0,0,0.0,28.0,56.0,10,300,PostMonsoon
35.2,21.6,28.7,1013.0,43,0,17.5,314,0.0,0,0.0,28.7,43.0,10,301,PostMonsoon
35.1,22.3,28.6,1013.2,47,0,19.8,301,0.0,0,0.0,28.7,43.0,10,302,PostMonsoon
34.3,22.3,27.6,1009.8,59,0,19.5,275,0.0,0,0.0,28.6,47.0,10,303,PostMonsoon
34.9,21.1,27.9,1007.7,57,0,13.0,286,0.0,0,0.0,27.6,59.0,10,304,PostMonsoon
33.0,20.2,26.3,1008.8,56,0,17.8,135,0.0,0,0.0,27.9,57.0,11,305,PostMonsoon
31.2,21.1,26.2,1011.2,72,2,15.9,183,0.0,0,0.0,26.3,56.0,11,306,PostMonsoon
31.6,20.5,26.1,1013.3,67,5,16.5,298,0.0,1,0.0,26.2,72.0,11,307,PostMonsoon
32.5,22.4,27.4,1014.2,49,0,17.9,24,0.0,0,0.0,26.1,67.0,11,308,PostMonsoon
32.8,21.7,27.3,1015.2,44,1,14.3,24,0.0,0,0.0,27.4,49.0,11,309,PostMonsoon
32.8,20.8,26.8,1015.0,45,0,14.9,2,0.0,0,0.0,27.3,44.0,11,310,PostMonsoon
32.5,19.2,26.0,1014.0,52,0,17.6,312,0.0,0,0.0,26.8,45.0,11,311,PostMonsoon
31.9,19.6,25.6,1013.3,63,0,17.9,294,0.0,0,0.0,26.0,52.0,11,312,PostMonsoon
32.2,18.6,25.4,1014.4,62,0,16.8,294,0.0,0,0.0,25.6,63.0,11,313,PostMonsoon
30.3,18.8,24.7,1013.9,68,0,18.2,278,0.0,0,0.0,25.4,62.0,11,314,PostMonsoon
29.6,22.1,25.5,1012.9,77,7,20.4,261,0.0,1,0.0,24.7,68.0,11,315,PostMonsoon
30.0,22.0,25.5,1014.4,73,7,16.6,255,0.0,3,0.0,25.5,77.0,11,316,PostMonsoon
31.0,20.7,25.7,1015.7,66,0,17.8,287,0.0,0,0.0,25.5,73.0,11,317,PostMonsoon
31.9,20.8,26.0,1015.4,64,0,17.1,291,0.0,0,0.0,25.7,66.0,11,318,PostMonsoon
30.6,19.7,25.3,1014.5,73,0,14.8,284,0.0,0,0.0,26.0,64.0,11,319,PostMonsoon
32.4,19.3,26.0,1014.1,64,8,12.0,345,0.0,1,0.0,25.3,73.0,11,320,PostMonsoon
32.4,21.2,26.8,1015.1,48,22,13.9,331,0.0,3,0.0,26.0,64.0,11,321,PostMonsoon
31.3,20.0,25.4,1013.8,67,8,20.6,277,0.0,1,0.0,26.8,48.0,11,322,PostMonsoon
30.0,20.3,24.9,1014.3,68,0,18.5,269,0.0,0,0.0,25.4,67.0,11,323,PostMonsoon
29.4,18.5,23.7,1015.7,70,2,11.5,307,0.0,1,0.0,24.9,68.0,11,324,PostMonsoon
30.1,18.5,24.2,1015.8,72,1,14.5,300,0.0,0,0.0,23.7,70.0,11,325,PostMonsoon
30.6,18.5,24.7,1015.4,73,4,15.6,294,0.0,1,0.0,24.2,72.0,11,326,PostMonsoon
31.6,19.7,25.4,1014.5,67,3,10.9,320,0.0,1,0.0,24.7,73.0,11,327,PostMonsoon
32.0,20.1,25.9,1014.4,46,0,13.7,54,0.0,0,0.0,25.4,67.0,11,328,PostMonsoon
31.0,18.7,25.0,1014.1,40,0,14.8,354,0.0,0,0.0,25.9,46.0,11,329,PostMonsoon
30.2,17.3,23.8,1013.6,60,0,15.3,291,0.0,0,0.0,25.0,40.0,11,330,PostMonsoon
30.9,20.0,25.2,1014.3,55,0,12.2,341,0.0,0,0.0,23.8,60.0,11,331,PostMonsoon
27.5,18.2,22.5,1016.9,31,0,23.9,45,0.0,0,0.0,25.2,55.0,11,332,PostMonsoon
26.2,16.9,21.3,1017.4,35,0,20.4,49,0.0,0,0.0,22.5,31.0,11,333,PostMonsoon
25.5,15.3,20.5,1013.9,44,4,13.0,25,0.0,1,0.0,21.3,35.0,11,334,PostMonsoon
26.1,14.7,20.2,1013.9,35,0,15.8,60,0.0,0,0.0,20.5,44.0,12,335,Winter
25.6,15.2,20.0,1017.4,25,0,23.1,46,0.0,0,0.0,20.2,35.0,12,336,Winter
27.0,14.5,20.3,1017.7,27,0,16.1,41,0.0,0,0.0,20.0,25.0,12,337,Winter
26.9,13.0,20.1,1015.9,36,0,11.7,47,0.0,0,0.0,20.3,27.0,12,338,Winter
28.1,14.0,20.7,1014.7,35,0,15.5,44,0.0,0,0.0,20.1,36.0,12,339,Winter
27.3,13.6,20.4,1014.8,53,0,11.4,345,0.0,0,0.0,20.7,35.0,12,340,Winter
28.1,13.4,21.0,1015.3,52,2,10.1,359,0.0,1,0.0,20.4,53.0,12,341,Winter
28.4,13.5,21.0,1014.7,53,0,11.4,339,0.0,0,0.0,21.0,52.0,12,342,Winter
30.1,15.8,22.7,1012.8,52,0,14.7,334,0.0,0,0.0,21.0,53.0,12,343,Winter
28.9,18.6,23.0,1014.9,36,0,24.0,60,0.0,0,0.0,22.7,52.0,12,344,Winter
27.1,17.4,21.8,1016.9,35,0,23.1,59,0.0,0,0.0,23.0,36.0,12,345,Winter
26.7,15.3,20.9,1017.1,30,0,13.9,56,0.0,0,0.0,21.8,35.0,12,346,Winter
26.6,15.2,20.4,1018.0,35,0,14.4,45,0.0,0,0.0,20.9,30.0,12,347,Winter
25.2,13.1,19.3,1016.4,54,10,12.4,5,0.0,2,0.0,20.4,35.0,12,348,Winter
25.8,14.0,19.9,1016.6,47,0,12.4,64,0.0,0,0.0,19.3,54.0,12,349,Winter
26.6,15.1,20.2,1018.8,35,0,20.9,47,0.0,0,0.0,19.9,47.0,12,350,Winter
26.5,14.7,20.0,1018.7,34,0,17.1,44,0.0,0,0.0,20.2,35.0,12,351,Winter
24.7,12.9,18.8,1016.8,51,0,11.6,23,0.0,0,0.0,20.0,34.0,12,352,Winter
25.1,14.1,20.1,1012.7,76,2,15.6,218,0.0,0,0.0,18.8,51.0,12,353,Winter
25.8,16.2,20.8,1012.8,59,0,12.7,44,0.0,0,0.0,20.1,76.0,12,354,Winter
25.5,15.2,20.1,1016.5,41,0,14.1,32,0.0,0,0.0,20.8,59.0,12,355,Winter
24.3,13.6,18.9,1017.1,51,0,11.3,57,0.0,0,0.0,20.1,41.0,12,356,Winter
23.9,13.3,18.7,1016.8,50,0,11.7,53,0.0,0,0.0,18.9,51.0,12,357,Winter
24.6,13.1,18.8,1017.9,44,0,11.8,61,0.0,0,0.0,18.7,50.0,12,358,Winter
25.3,13.6,19.2,1018.2,43,24,13.8,48,0.0,3,0.0,18.8,44.0,12,359,Winter
24.9,12.8,18.8,1016.8,67,0,16.9,290,0.0,0,0.0,19.2,43.0,12,360,Winter
25.6,18.8,21.7,1015.3,77,7,28.3,266,0.0,1,0.0,18.8,67.0,12,361,Winter
28.7,16.6,22.2,1016.8,56,50,13.0,56,0.0,3,0.0,21.7,77.0,12,362,Winter
26.3,14.7,20.5,1017.0,53,30,16.2,331,0.0,3,0.0,22.2,56.0,12,363,Winter
25.3,14.0,19.8,1016.0,61,40,11.9,333,0.0,3,0.0,20.5,53.0,12,364,Winter
25.0,14.0,19.3,1016.3,53,7,17.7,83,0.0,2,0.0,19.8,61.0,12,365,Winter
22.5,15.0,18.5,1016.4,55,23,15.8,1,0.0,2,0.0,19.3,53.0,1,1,Winter
20.7,12.1,16.5,1017.2,34,0,20.1,323,0.0,0,0.0,18.5,55.0,1,2,Winter
20.8,8.6,15.1,1018.6,26,0,22.0,35,0.0,0,0.0,16.5,34.0,1,3,Winter
21.4,10.7,15.7,1020.0,28,32,23.7,42,0.0,3,0.0,15.1,26.0,1,4,Winter
22.3,10.4,16.0,1019.5,32,4,15.3,38,0.0,1,0.0,15.7,28.0,1,5,Winter
22.6,10.9,16.1,1019.3,27,20,18.3,45,0.0,3,0.0,16.0,32.0,1,6,Winter
22.1,11.2,15.9,1019.1,27,8,27.5,48,0.0,2,0.0,16.1,27.0,1,7,Winter
23.1,11.5,16.5,1018.1,27,15,23.8,57,0.0,3,0.0,15.9,27.0,1,8,Winter
22.6,12.6,17.2,1016.4,29,93,19.0,58,0.0,3,0.0,16.5,27.0,1,9,Winter
24.0,10.6,17.1,1016.6,33,66,13.5,43,0.0,3,0.0,17.2,29.0,1,10,Winter
25.5,12.7,18.5,1016.3,36,0,14.3,23,0.0,0,0.0,17.1,33.0,1,11,Winter
24.8,11.4,18.2,1016.1,59,0,13.1,340,0.0,0,0.0,18.5,36.0,1,12,Winter
24.8,12.8,19.0,1015.0,81,0,15.2,266,0.0,0,0.0,18.2,59.0,1,13,Winter
24.3,13.9,19.4,1013.7,85,49,11.8,254,0.0,3,0.0,19.0,81.0,1,14,Winter
25.6,16.2,20.2,1012.2,82,41,17.4,274,0.0,3,0.0,19.4,85.0,1,15,Winter
25.6,18.9,21.8,1011.5,79,34,18.0,262,0.0,3,0.0,20.2,82.0,1,16,Winter
24.4,19.2,21.6,1011.9,65,23,30.6,259,0.0,2,0.0,21.8,79.0,1,17,Winter
24.6,17.8,20.9,1014.0,58,9,26.3,269,0.0,2,0.0,21.6,65.0,1,18,Winter
24.6,18.5,21.1,1016.1,61,44,24.6,271,0.0,3,0.0,20.9,58.0,1,19,Winter
23.7,13.2,18.9,1017.9,61,3,16.7,269,0.0,1,0.0,21.1,61.0,1,20,Winter
23.8,13.6,18.7,1018.8,60,58,15.2,101,0.0,3,0.0,18.9,61.0,1,21,Winter
23.1,12.8,18.7,1016.0,68,20,19.7,275,0.0,3,0.0,18.7,60.0,1,22,Winter
25.0,15.2,20.4,1016.3,45,0,20.5,311,0.0,0,0.0,18.7,68.0,1,23,Winter
24.8,14.0,19.3,1020.0,38,0,16.2,56,0.0,0,0.0,20.4,45.0,1,24,Winter
24.9,11.9,18.8,1019.9,54,0,12.6,311,0.0,0,0.0,19.3,38.0,1,25,Winter
26.8,12.9,20.1,1021.1,51,0,11.1,25,0.0,0,0.0,18.8,54.0,1,26,Winter
27.0,12.9,20.1,1019.0,44,1,13.6,358,0.0,0,0.0,20.1,51.0,1,27,Winter
26.2,13.6,19.8,1016.3,56,51,15.3,300,0.0,3,0.0,20.1,44.0,1,28,Winter
24.6,14.4,19.5,1016.1,76,97,10.9,286,0.0,3,0.0,19.8,56.0,1,29,Winter
27.0,14.5,20.4,1016.6,60,64,15.0,33,0.0,3,0.0,19.5,76.0,1,30,Winter
27.0,15.0,20.6,1017.7,62,33,15.9,318,0.0,3,0.0,20.4,60.0,1,31,Winter
26.9,16.9,21.5,1018.4,60,81,11.8,331,0.0,3,0.0,20.6,62.0,2,32,Winter
29.6,17.0,23.0,1018.6,46,0,18.3,33,0.0,0,0.0,21.5,60.0,2,33,Winter
31.1,17.2,24.0,1019.4,34,0,17.2,54,0.0,0,0.0,23.0,46.0,2,34,Winter
30.7,16.7,23.7,1019.3,37,1,14.8,33,0.0,1,0.0,24.0,34.0,2,35,Winter
28.5,16.2,22.4,1016.8,51,72,18.9,282,0.0,3,0.0,23.7,37.0,2,36,Winter
27.7,19.5,22.9,1015.2,64,66,25.2,266,0.0,3,0.0,22.4,51.0,2,37,Winter
27.2,18.1,22.4,1014.5,77,3,19.3,266,0.0,1,0.0,22.9,64.0,2,38,Winter
29.8,16.7,23.0,1016.3,68,21,11.4,348,0.0,3,0.0,22.4,77.0,2,39,Winter
32.0,18.1,24.9,1018.0,45,0,18.1,41,0.0,0,0.0,23.0,68.0,2,40,Winter
31.1,17.5,24.3,1017.8,43,2,17.3,329,0.0,1,0.0,24.9,45.0,2,41,Winter
29.2,18.7,23.7,1014.7,63,14,20.5,272,0.0,2,0.0,24.3,43.0,2,42,Winter
27.9,17.3,22.7,1013.8,79,61,19.3,261,0.0,3,0.0,23.7,63.0,2,43,Winter
28.1,18.4,22.6,1013.7,79,72,18.0,274,0.0,3,0.0,22.7,79.0,2,44,Winter
27.1,18.2,22.4,1012.2,74,38,28.3,266,0.0,3,0.0,22.6,79.0,2,45,Winter
27.3,21.0,23.5,1009.9,75,28,30.7,264,0.0,3,0.0,22.4,74.0,2,46,Winter
27.9,21.5,23.8,1009.4,77,32,27.6,262,0.0,3,0.0,23.5,75.0,2,47,Winter
28.2,21.2,23.8,1012.6,79,21,22.4,269,0.0,2,0.0,23.8,77.0,2,48,Winter
28.0,20.8,23.5,1014.3,79,83,19.7,276,0.0,3,0.0,23.8,79.0,2,49,Winter
27.5,20.3,23.3,1013.4,79,92,19.3,274,0.0,3,0.0,23.5,79.0,2,50,Winter
30.6,20.5,24.4,1012.3,77,41,20.1,270,0.0,3,0.0,23.3,79.0,2,51,Winter
31.3,18.9,24.7,1011.9,73,29,21.7,272,0.0,3,0.0,24.4,77.0,2,52,Winter
30.9,20.4,25.6,1011.1,63,58,18.2,281,0.0,3,0.0,24.7,73.0,2,53,Winter
31.4,20.3,25.5,1011.9,63,8,20.5,292,0.0,1,0.0,25.6,63.0,2,54,Winter
30.3,19.6,25.1,1011.6,64,2,23.4,278,0.0,1,0.0,25.5,63.0,2,55,Winter
27.9,22.6,24.6,1011.8,58,88,23.1,282,0.0,3,0.0,25.1,64.0,2,56,Winter
29.7,18.5,23.9,1011.7,58,2,20.6,292,0.0,0,0.0,24.6,58.0,2,57,Winter
30.1,16.3,23.8,1012.8,54,0,13.5,340,0.0,0,0.0,23.9,58.0,2,58,Winter
31.2,16.1,24.2,1012.6,42,0,15.1,335,0.0,0,0.0,23.8,54.0,2,59,Winter
29.8,18.1,23.7,1011.7,59,0,20.7,283,0.0,0,0.0,24.2,42.0,3,60,HotDry
29.2,17.4,22.9,1011.5,71,0,19.1,256,0.0,0,0.0,23.7,59.0,3,61,HotDry
29.5,16.3,22.9,1011.7,71,1,21.8,277,0.0,1,0.0,22.9,71.0,3,62,HotDry
28.2,18.0,23.2,1011.5,71,0,23.4,266,0.0,0,0.0,22.9,71.0,3,63,HotDry
28.9,18.9,23.4,1012.1,71,53,21.6,271,0.0,3,0.0,23.2,71.0,3,64,HotDry
28.3,19.4,23.5,1012.4,73,8,22.1,266,0.0,1,0.0,23.4,71.0,3,65,HotDry
28.1,18.2,23.0,1012.4,73,1,21.8,271,0.0,0,0.0,23.5,73.0,3,66,HotDry
29.4,18.7,23.7,1012.3,58,60,30.4,25,0.3,51,0.0,23.0,73.0,3,67,HotDry
28.1,20.0,23.2,1014.0,52,37,30.6,37,1.9,61,0.3,23.7,58.0,3,68,HotDry
29.1,18.9,23.9,1012.9,54,23,21.1,17,0.0,3,1.9,23.2,52.0,3,69,HotDry
29.2,20.1,24.1,1011.7,68,6,25.3,261,0.0,3,0.0,23.9,54.0,3,70,HotDry
28.1,20.4,24.1,1010.3,71,44,26.9,258,0.0,3,0.0,24.1,68.0,3,71,HotDry
28.3,21.8,24.6,1009.2,75,12,23.1,255,0.0,1,0.0,24.1,71.0,3,72,HotDry
31.2,19.1,25.0,1010.1,58,5,22.0,273,0.0,1,0.0,24.6,75.0,3,73,HotDry
29.5,16.3,23.5,1011.3,61,2,17.8,213,0.0,1,0.0,25.0,58.0,3,74,HotDry
30.2,16.7,23.7,1012.2,60,2,20.5,269,0.0,1,0.0,23.5,61.0,3,75,HotDry
31.9,18.4,25.4,1012.8,52,6,16.9,316,0.0,1,0.0,23.7,60.0,3,76,HotDry
32.3,19.2,26.1,1012.3,45,9,24.5,301,0.0,1,0.0,25.4,52.0,3,77,HotDry
31.8,20.4,26.0,1011.5,48,9,22.3,280,0.0,1,0.0,26.1,45.0,3,78,HotDry
31.5,21.0,25.5,1011.2,66,1,23.0,267,0.0,0,0.0,26.0,48.0,3,79,HotDry
31.4,21.4,25.9,1011.4,67,1,22.2,265,0.0,0,0.0,25.5,66.0,3,80,HotDry
29.3,22.3,25.2,1009.7,74,11,25.7,262,0.0,1,0.0,25.9,67.0,3,81,HotDry
29.1,21.2,24.9,1008.1,72,8,26.6,258,0.0,1,0.0,25.2,74.0,3,82,HotDry
30.0,21.0,25.1,1009.2,67,32,24.6,256,0.0,3,0.0,24.9,72.0,3,83,HotDry
28.8,20.9,24.6,1010.2,66,5,34.2,261,0.0,1,0.0,25.1,67.0,3,84,HotDry
32.2,19.1,25.4,1011.7,62,9,25.0,267,0.0,1,0.0,24.6,66.0,3,85,HotDry
32.8,19.9,26.1,1010.4,58,0,24.8,278,0.0,0,0.0,25.4,62.0,3,86,HotDry
33.7,20.4,26.6,1011.7,58,0,20.0,268,0.0,0,0.0,26.1,58.0,3,87,HotDry
34.3,20.2,27.2,1013.4,48,0,21.3,306,0.0,0,0.0,26.6,58.0,3,88,HotDry
33.9,20.1,26.9,1011.8,49,13,22.3,278,0.0,3,0.0,27.2,48.0,3,89,HotDry
29.8,21.8,25.7,1010.8,64,10,32.3,262,0.0,2,0.0,26.9,49.0,3,90,HotDry
34.3,23.6,28.0,1008.9,55,10,27.2,274,0.0,3,0.0,25.7,64.0,4,91,HotDry
34.4,23.2,28.4,1008.8,47,51,28.5,276,0.0,3,0.0,28.0,55.0,4,92,HotDry
31.1,22.9,26.6,1009.1,66,43,30.1,263,0.0,3,0.0,28.4,47.0,4,93,HotDry
31.2,23.3,26.8,1008.4,69,77,24.7,257,0.0,3,0.0,26.6,66.0,4,94,HotDry
33.5,23.4,27.9,1007.3,63,34,22.8,263,0.0,3,0.0,26.8,69.0,4,95,HotDry
33.7,22.6,27.7,1007.6,65,42,22.1,257,0.0,3,0.0,27.9,63.0,4,96,HotDry
32.2,22.2,27.1,1006.7,71,57,25.2,252,0.0,3,0.0,27.7,65.0,4,97,HotDry
33.0,24.2,28.5,1004.4,62,64,34.9,262,0.0,3,0.0,27.1,71.0,4,98,HotDry
35.8,25.9,30.0,1004.5,43,31,34.6,269,0.0,3,0.0,28.5,62.0,4,99,HotDry
34.8,23.9,28.8,1007.1,31,33,20.9,294,0.0,3,0.0,30.0,43.0,4,100,HotDry
35.5,20.1,27.9,1006.5,49,35,21.3,258,0.0,3,0.0,28.8,31.0,4,101,HotDry
34.2,20.9,27.2,1006.0,54,26,22.3,234,0.0,2,0.0,27.9,49.0,4,102,HotDry
32.1,20.2,25.8,1006.1,66,78,20.9,259,0.0,3,0.0,27.2,54.0,4,103,HotDry
31.8,21.1,26.1,1008.0,73,48,21.8,264,0.0,3,0.0,25.8,66.0,4,104,HotDry
31.5,23.3,26.6,1009.0,75,48,20.8,265,0.0,3,0.0,26.1,73.0,4,105,HotDry
31.1,22.1,26.2,1006.0,75,6,25.0,256,0.0,1,0.0,26.6,75.0,4,106,HotDry
31.9,23.2,27.0,1007.2,72,4,23.5,253,0.0,1,0.0,26.2,75.0,4,107,HotDry
30.3,22.8,26.2,1008.5,78,17,30.3,253,0.0,2,0.0,27.0,72.0,4,108,HotDry
30.3,23.8,26.7,1008.9,77,32,32.2,254,0.0,3,0.0,26.2,78.0,4,109,HotDry
30.4,24.4,27.1,1010.3,76,91,26.4,255,0.0,3,0.0,26.7,77.0,4,110,HotDry
31.4,24.5,27.3,1010.8,76,49,22.4,263,0.0,3,0.0,27.1,76.0,4,111,HotDry
31.4,24.3,27.2,1008.9,75,18,24.8,260,0.0,1,0.0,27.3,76.0,4,112,HotDry
30.7,24.5,27.2,1007.8,77,40,30.2,259,0.0,3,0.0,27.2,75.0,4,113,HotDry
30.7,24.5,27.1,1007.1,77,17,29.5,259,0.0,1,0.0,27.2,77.0,4,114,HotDry
30.8,23.9,26.9,1007.0,77,25,31.8,260,0.0,2,0.0,27.1,77.0,4,115,HotDry
30.8,25.0,27.5,1007.1,75,28,32.9,258,0.0,2,0.0,26.9,77.0,4,116,HotDry
31.6,24.9,27.8,1006.5,77,21,31.6,261,0.0,2,0.0,27.5,75.0,4,117,HotDry
32.6,25.2,28.3,1005.2,77,11,32.3,261,0.0,1,0.0,27.8,77.0,4,118,HotDry
32.8,25.1,28.5,1005.2,74,6,29.5,258,0.0,1,0.0,28.3,77.0,4,119,HotDry
32.7,25.0,28.3,1006.7,68,5,27.8,259,0.0,1,0.0,28.5,74.0,4,120,HotDry
32.8,24.2,27.7,1008.3,74,5,28.7,259,0.0,1,0.0,28.3,68.0,5,121,HotDry
31.3,24.3,27.3,1008.1,76,20,26.5,263,0.0,1,0.0,27.7,74.0,5,122,HotDry
31.9,24.8,27.7,1008.2,78,19,28.2,265,0.0,1,0.0,27.3,76.0,5,123,HotDry
32.9,25.0,28.3,1007.9,74,14,29.6,264,0.0,2,0.0,27.7,78.0,5,124,HotDry
33.1,25.5,28.9,1006.5,70,2,30.9,251,0.0,1,0.0,28.3,74.0,5,125,HotDry
33.3,25.7,29.0,1004.9,72,0,30.4,240,0.0,0,0.0,28.9,70.0,5,126,HotDry
33.4,25.6,29.1,1002.5,74,0,30.1,239,0.0,0,0.0,29.0,72.0,5,127,HotDry
33.9,26.5,30.0,1002.2,67,0,35.8,245,0.0,0,0.0,29.1,74.0,5,128,HotDry
33.5,26.5,29.6,1004.4,68,2,38.3,255,0.0,0,0.0,30.0,67.0,5,129,HotDry
33.8,26.0,29.4,1004.4,70,0,36.4,260,0.0,0,0.0,29.6,68.0,5,130,HotDry
33.4,26.3,29.5,1003.7,69,0,39.4,257,0.0,0,0.0,29.4,70.0,5,131,HotDry
33.6,26.7,29.8,1004.5,68,1,37.6,256,0.0,0,0.0,29.5,69.0,5,132,HotDry
33.7,27.0,29.9,1002.9,68,8,34.7,258,0.0,1,0.0,29.8,68.0,5,133,HotDry
33.6,26.8,29.8,1003.0,72,24,30.6,251,0.0,2,0.0,29.9,68.0,5,134,HotDry
33.3,26.6,29.5,1003.5,75,6,31.4,253,0.0,1,0.0,29.8,72.0,5,135,HotDry
33.0,26.4,29.2,1004.1,76,28,35.1,257,0.0,3,0.0,29.5,75.0,5,136,HotDry
32.0,26.5,28.9,1006.9,75,41,26.8,253,0.0,3,0.0,29.2,76.0,5,137,HotDry
32.6,26.3,29.1,1006.2,74,29,24.6,256,0.0,2,0.0,28.9,75.0,5,138,HotDry
32.1,26.7,29.0,1003.2,72,40,33.0,249,0.0,2,0.0,29.1,74.0,5,139,HotDry
32.0,27.2,29.0,1002.2,75,40,37.7,254,0.0,2,0.0,29.0,72.0,5,140,HotDry
32.0,26.9,29.0,1001.9,79,48,36.8,253,0.0,2,0.0,29.0,75.0,5,141,HotDry
31.9,27.1,29.1,1002.5,76,54,31.4,251,0.1,51,0.0,29.0,79.0,5,142,HotDry
32.0,26.8,29.0,1002.2,77,45,28.2,246,0.0,2,0.1,29.1,76.0,5,143,HotDry
32.0,26.7,28.9,1002.2,76,39,28.2,250,0.0,2,0.0,29.0,77.0,5,144,HotDry
31.6,26.0,28.3,1002.3,76,29,29.8,257,0.0,2,0.0,28.9,76.0,5,145,HotDry
32.0,26.1,28.6,1003.5,75,21,32.0,257,0.0,1,0.0,28.3,76.0,5,146,HotDry
32.3,26.5,28.9,1003.1,78,23,31.3,252,0.0,1,0.0,28.6,75.0,5,147,HotDry
32.5,26.5,29.1,1000.6,78,27,27.0,255,0.0,2,0.0,28.9,78.0,5,148,HotDry
33.5,26.6,29.5,997.3,78,19,26.6,254,0.0,2,0.0,29.1,78.0,5,149,HotDry
34.8,26.6,29.9,995.0,78,36,22.7,245,0.0,3,0.0,29.5,78.0,5,150,HotDry
35.6,26.6,30.1,995.8,75,49,27.2,200,0.0,3,0.0,29.9,78.0,5,151,HotDry
34.0,26.2,29.4,997.9,76,24,22.0,181,0.0,3,0.0,30.1,75.0,6,152,Monsoon
33.6,24.8,28.8,998.7,75,27,22.9,223,0.0,3,0.0,29.4,76.0,6,153,Monsoon
32.0,26.2,28.7,999.0,77,35,26.0,246,0.0,2,0.0,28.8,75.0,6,154,Monsoon
31.8,26.4,28.8,1000.2,78,41,27.7,244,0.0,2,0.0,28.7,77.0,6,155,Monsoon
31.8,26.6,28.8,1001.9,76,47,30.0,250,0.0,2,0.0,28.8,78.0,6,156,Monsoon
32.0,26.7,28.9,1002.5,74,52,31.1,251,0.0,3,0.0,28.8,76.0,6,157,Monsoon
31.5,26.8,28.8,1003.5,75,51,31.7,250,0.2,51,0.0,28.9,74.0,6,158,Monsoon
31.7,26.7,28.7,1004.5,77,36,35.2,261,0.0,2,0.2,28.8,75.0,6,159,Monsoon
32.6,26.0,28.7,1002.9,78,8,35.4,263,0.0,1,0.0,28.7,77.0,6,160,Monsoon
31.9,26.0,28.6,1002.3,80,26,38.6,258,0.0,2,0.0,28.7,78.0,6,161,Monsoon
32.2,26.5,29.1,1002.2,80,33,37.5,246,0.0,2,0.0,28.6,80.0,6,162,Monsoon
31.6,27.4,29.3,1002.1,79,67,38.5,245,1.1,51,0.0,29.1,80.0,6,163,Monsoon
31.5,27.1,29.1,1002.6,78,58,34.6,246,0.0,3,1.1,29.3,79.0,6,164,Monsoon
31.4,27.3,29.0,1003.8,77,54,32.5,248,0.3,51,0.0,29.1,78.0,6,165,Monsoon
30.7,27.0,28.6,1004.8,79,54,33.8,249,0.0,3,0.3,29.0,77.0,6,166,Monsoon
30.9,26.5,28.3,1003.5,77,44,38.7,251,0.0,2,0.0,28.6,79.0,6,167,Monsoon
31.1,26.7,28.6,1004.4,78,49,30.9,250,0.0,2,0.0,28.3,77.0,6,168,Monsoon
31.6,26.6,28.7,1005.1,76,29,26.3,255,0.0,2,0.0,28.6,78.0,6,169,Monsoon
31.9,26.6,28.9,1004.1,74,25,27.7,254,0.0,2,0.0,28.7,76.0,6,170,Monsoon
32.3,26.8,29.0,1003.1,73,13,25.5,260,0.0,1,0.0,28.9,74.0,6,171,Monsoon
32.8,26.9,29.3,1002.5,71,12,21.1,260,0.0,1,0.0,29.0,73.0,6,172,Monsoon
36.1,26.8,30.4,1000.6,72,6,22.1,266,0.0,1,0.0,29.3,71.0,6,173,Monsoon
37.1,26.9,31.2,999.2,67,5,26.6,275,0.0,0,0.0,30.4,72.0,6,174,Monsoon
37.7,27.5,31.5,998.1,64,7,30.7,278,0.0,1,0.0,31.2,67.0,6,175,Monsoon
34.9,27.9,30.9,997.8,72,28,23.4,231,0.0,3,0.0,31.5,64.0,6,176,Monsoon
34.5,27.9,30.8,999.0,75,82,23.8,237,0.0,3,0.0,30.9,72.0,6,177,Monsoon
35.7,28.3,31.0,997.7,75,46,22.4,237,0.0,3,0.0,30.8,75.0,6,178,Monsoon
35.2,27.9,30.7,998.7,75,72,21.9,217,0.0,3,0.0,31.0,75.0,6,179,Monsoon
34.5,28.1,30.6,998.3,75,39,23.4,235,0.0,3,0.0,30.7,75.0,6,180,Monsoon
33.5,28.0,30.3,997.7,77,26,25.3,245,0.0,2,0.0,30.6,75.0,6,181,Monsoon
33.6,27.9,30.4,998.6,77,22,21.6,239,0.0,1,0.0,30.3,77.0,7,182,Monsoon
33.4,27.6,30.0,996.7,77,22,24.0,244,0.0,1,0.0,30.4,77.0,7,183,Monsoon
34.3,27.2,30.3,995.8,73,16,23.4,247,0.0,2,0.0,30.0,77.0,7,184,Monsoon
34.8,27.9,30.8,995.9,71,37,26.4,252,0.0,3,0.0,30.3,73.0,7,185,Monsoon
34.0,28.1,30.4,995.1,74,65,28.5,252,0.0,3,0.0,30.8,71.0,7,186,Monsoon
31.1,27.8,29.4,998.0,83,97,26.1,250,2.8,55,0.0,30.4,74.0,7,187,Monsoon
31.7,28.1,29.4,998.4,82,60,31.4,243,0.2,51,2.8,29.4,83.0,7,188,Monsoon
31.7,27.7,29.3,997.5,80,54,32.9,242,0.5,51,0.2,29.4,82.0,7,189,Monsoon
31.4,27.3,29.0,995.9,80,77,36.6,245,0.0,3,0.5,29.3,80.0,7,190,Monsoon
31.0,27.3,28.8,997.2,81,86,35.0,244,0.8,51,0.0,29.0,80.0,7,191,Monsoon
30.6,27.2,28.6,997.8,81,68,33.4,244,0.4,51,0.8,28.8,81.0,7,192,Monsoon
30.5,26.8,28.5,997.1,79,64,32.8,245,0.0,3,0.4,28.6,81.0,7,193,Monsoon
30.6,26.9,28.5,996.3,80,65,34.1,247,0.0,3,0.0,28.5,79.0,7,194,Monsoon
33.7,27.0,29.4,995.8,77,32,30.7,246,0.0,3,0.0,28.5,80.0,7,195,Monsoon
33.5,26.4,29.2,997.2,79,12,27.8,246,0.0,2,0.0,29.4,77.0,7,196,Monsoon
32.3,26.4,28.9,997.8,78,79,19.9,210,0.0,3,0.0,29.2,79.0,7,197,Monsoon
33.0,26.4,29.3,998.1,72,17,19.7,191,0.0,3,0.0,28.9,78.0,7,198,Monsoon
32.7,26.3,29.0,998.3,75,54,22.2,211,0.0,3,0.0,29.3,72.0,7,199,Monsoon
32.8,27.2,29.6,999.4,75,75,22.2,226,0.0,3,0.0,29.0,75.0,7,200,Monsoon
32.7,27.3,29.6,1000.5,76,48,21.7,237,0.0,3,0.0,29.6,75.0,7,201,Monsoon
32.1,27.0,29.1,1000.0,75,51,23.4,251,0.0,3,0.0,29.6,76.0,7,202,Monsoon
32.2,26.8,28.8,999.7,77,64,26.0,263,0.7,53,0.0,29.1,75.0,7,203,Monsoon
34.1,26.8,29.1,998.9,80,63,27.9,262,6.3,61,0.7,28.8,77.0,7,204,Monsoon
30.7,26.9,28.4,1001.1,83,76,26.4,250,1.1,53,6.3,29.1,80.0,7,205,Monsoon
30.3,27.0,28.3,1001.6,81,90,25.7,241,0.1,51,1.1,28.4,83.0,7,206,Monsoon
30.5,26.8,28.2,1001.1,80,99,30.1,244,0.1,51,0.1,28.3,81.0,7,207,Monsoon
30.3,26.7,28.0,999.6,81,97,32.4,250,0.0,3,0.1,28.2,80.0,7,208,Monsoon
29.8,26.3,27.8,996.2,81,95,33.6,254,0.1,51,0.0,28.0,81.0,7,209,Monsoon
30.5,26.2,27.9,996.2,80,79,27.1,257,0.0,3,0.1,27.8,81.0,7,210,Monsoon
30.4,25.9,27.3,999.5,85,99,21.9,268,7.0,61,0.0,27.9,80.0,7,211,Monsoon
29.9,25.5,26.8,999.1,91,100,19.2,291,45.3,65,7.0,27.3,85.0,7,212,Monsoon
28.1,25.5,26.3,999.6,92,99,21.7,259,19.3,63,45.3,26.8,91.0,8,213,Monsoon
27.1,25.3,25.9,998.1,92,97,29.9,263,36.4,65,19.3,26.3,92.0,8,214,Monsoon
29.2,25.3,26.8,998.7,90,90,16.1,232,3.2,53,36.4,25.9,92.0,8,215,Monsoon
28.9,26.0,27.1,1000.3,90,96,16.2,197,2.8,53,3.2,26.8,90.0,8,216,Monsoon
29.6,26.1,27.5,1001.7,88,94,16.5,243,0.0,3,2.8,27.1,90.0,8,217,Monsoon
28.0,26.0,26.7,1002.3,90,100,19.9,272,6.2,55,0.0,27.5,88.0,8,218,Monsoon
28.7,25.6,27.0,1001.0,87,94,18.1,273,1.9,51,6.2,26.7,90.0,8,219,Monsoon
28.8,25.9,27.0,1001.4,88,88,26.4,264,2.3,53,1.9,27.0,87.0,8,220,Monsoon
29.0,25.6,27.0,1001.3,87,80,19.0,252,0.0,3,2.3,27.0,88.0,8,221,Monsoon
29.4,25.4,27.1,999.6,86,77,14.6,260,0.0,3,0.0,27.0,87.0,8,222,Monsoon
29.7,25.5,27.3,999.3,88,99,16.5,271,0.0,3,0.0,27.1,86.0,8,223,Monsoon
31.3,25.9,27.8,998.5,88,99,22.4,274,0.0,3,0.0,27.3,88.0,8,224,Monsoon
29.3,25.9,27.3,998.9,90,100,21.1,255,5.3,61,0.0,27.8,88.0,8,225,Monsoon
29.4,26.0,27.3,998.2,91,99,16.9,275,10.9,63,5.3,27.3,90.0,8,226,Monsoon
30.4,26.5,28.0,998.3,87,64,16.9,252,0.0,3,10.9,27.3,91.0,8,227,Monsoon
29.2,26.4,27.7,998.7,87,100,18.1,256,0.0,3,0.0,28.0,87.0,8,228,Monsoon
32.8,26.6,29.1,998.3,84,99,18.1,359,8.3,63,0.0,27.7,87.0,8,229,Monsoon
33.4,26.7,29.1,1000.6,83,85,21.0,77,4.4,61,8.3,29.1,84.0,8,230,Monsoon
31.0,26.8,28.4,1001.4,90,100,15.3,243,5.1,61,4.4,29.1,83.0,8,231,Monsoon
29.4,26.4,27.9,1001.4,89,87,30.6,251,0.5,51,5.1,28.4,90.0,8,232,Monsoon
27.7,25.9,26.6,1002.3,90,100,29.2,253,0.5,51,0.5,27.9,89.0,8,233,Monsoon
27.7,25.4,26.4,1001.8,88,100,32.1,259,0.0,3,0.5,26.6,90.0,8,234,Monsoon
28.1,25.4,26.5,1002.5,86,99,26.0,259,0.0,3,0.0,26.4,88.0,8,235,Monsoon
28.5,25.2,26.6,1004.1,85,56,25.4,257,0.0,3,0.0,26.5,86.0,8,236,Monsoon
28.6,25.4,26.8,1005.3,82,50,28.6,256,0.0,3,0.0,26.6,85.0,8,237,Monsoon
28.4,25.5,26.8,1004.8,82,46,39.6,261,0.0,3,0.0,26.8,82.0,8,238,Monsoon
28.6,25.7,26.9,1001.0,81,68,41.9,258,0.0,3,0.0,26.8,82.0,8,239,Monsoon
28.8,25.7,27.0,1000.7,83,66,34.4,253,0.4,51,0.0,26.9,81.0,8,240,Monsoon
28.9,25.6,26.9,1003.6,85,63,24.4,252,0.0,3,0.4,27.0,83.0,8,241,Monsoon
28.9,25.2,26.7,1005.5,85,56,19.0,257,0.0,3,0.0,26.9,85.0,8,242,Monsoon
28.9,25.0,26.5,1003.9,83,28,20.2,259,0.0,2,0.0,26.7,85.0,8,243,Monsoon
29.1,24.8,26.6,1002.3,83,30,23.4,256,0.0,2,0.0,26.5,83.0,9,244,Monsoon
29.5,25.1,26.9,1004.3,82,57,25.1,250,0.0,3,0.0,26.6,83.0,9,245,Monsoon
29.7,25.4,27.0,1007.3,83,39,23.6,252,0.0,3,0.0,26.9,82.0,9,246,Monsoon
29.8,25.0,27.0,1007.1,81,19,19.7,264,0.0,2,0.0,27.0,83.0,9,247,Monsoon
31.3,25.3,27.8,1005.9,81,10,21.9,266,0.0,1,0.0,27.0,81.0,9,248,Monsoon
32.2,25.5,28.2,1004.3,80,31,23.2,272,0.0,3,0.0,27.8,81.0,9,249,Monsoon
31.7,25.9,28.1,1003.4,81,83,27.2,270,0.0,3,0.0,28.2,80.0,9,250,Monsoon
27.8,26.2,27.0,1004.7,87,100,21.2,254,0.0,3,0.0,28.1,81.0,9,251,Monsoon
28.8,26.3,27.3,1006.1,83,82,21.0,258,0.0,3,0.0,27.0,87.0,9,252,Monsoon
30.3,26.1,27.7,1006.6,79,44,21.8,252,0.0,2,0.0,27.3,83.0,9,253,Monsoon
30.2,25.9,27.7,1004.3,78,44,24.6,251,0.0,2,0.0,27.7,79.0,9,254,Monsoon
30.4,25.8,27.9,1003.9,78,46,22.6,246,0.0,3,0.0,27.7,78.0,9,255,Monsoon
30.3,25.7,27.7,1005.8,78,48,20.6,248,0.0,3,0.0,27.9,78.0,9,256,Monsoon
30.6,25.6,27.8,1006.1,77,30,20.6,251,0.0,2,0.0,27.7,78.0,9,257,Monsoon
31.5,25.8,28.2,1006.2,76,15,20.2,260,0.0,2,0.0,27.8,77.0,9,258,Monsoon
33.9,25.6,29.2,1007.0,72,4,21.1,276,0.0,0,0.0,28.2,76.0,9,259,Monsoon
36.3,25.8,30.3,1005.4,65,14,21.3,289,0.0,1,0.0,29.2,72.0,9,260,Monsoon
35.9,26.2,30.2,1003.5,66,61,23.0,274,0.0,3,0.0,30.3,65.0,9,261,Monsoon
35.2,25.4,29.5,1003.1,70,49,22.3,268,0.0,3,0.0,30.2,66.0,9,262,Monsoon
35.4,25.0,30.0,1003.9,70,22,15.5,238,0.0,3,0.0,29.5,70.0,9,263,Monsoon
34.4,27.0,30.2,1004.5,75,24,18.1,236,0.0,3,0.0,30.0,70.0,9,264,Monsoon
33.6,27.3,29.9,1004.0,77,13,19.0,248,0.0,2,0.0,30.2,75.0,9,265,Monsoon
33.6,26.7,29.6,1005.5,75,21,17.1,245,0.0,2,0.0,29.9,77.0,9,266,Monsoon
34.3,26.8,30.0,1006.7,72,5,20.0,258,0.0,1,0.0,29.6,75.0,9,267,Monsoon
33.8,27.1,29.7,1007.8,74,35,20.2,243,0.0,2,0.0,30.0,72.0,9,268,Monsoon
32.8,27.4,29.6,1008.0,72,18,17.7,225,0.0,1,0.0,29.7,74.0,9,269,Monsoon
32.2,27.2,29.3,1007.3,72,40,19.6,227,0.0,2,0.0,29.6,72.0,9,270,Monsoon
32.0,27.0,29.1,1008.9,71,26,18.0,237,0.0,2,0.0,29.3,72.0,9,271,Monsoon
32.1,26.1,28.7,1009.7,71,9,20.5,257,0.0,0,0.0,29.1,71.0,9,272,Monsoon
32.6,26.8,29.2,1009.7,71,18,22.3,260,0.0,1,0.0,28.7,71.0,9,273,Monsoon
32.6,26.8,29.1,1009.8,77,20,21.3,268,0.0,1,0.0,29.2,71.0,10,274,PostMonsoon
32.8,26.4,28.9,1008.3,78,20,25.3,273,0.0,2,0.0,29.1,77.0,10,275,PostMonsoon
32.8,26.8,29.1,1007.0,80,22,25.5,263,0.0,2,0.0,28.9,78.0,10,276,PostMonsoon
31.8,26.4,28.6,1007.6,80,52,24.5,255,0.0,3,0.0,29.1,80.0,10,277,PostMonsoon
31.3,26.1,28.3,1006.3,77,30,28.9,255,0.0,2,0.0,28.6,80.0,10,278,PostMonsoon
31.5,26.4,28.4,1005.3,78,35,29.6,248,0.0,2,0.0,28.3,77.0,10,279,PostMonsoon
31.1,26.2,28.2,1006.3,77,53,25.0,245,0.0,3,0.0,28.4,78.0,10,280,PostMonsoon
30.9,26.4,28.1,1008.6,74,51,21.9,246,0.0,3,0.0,28.2,77.0,10,281,PostMonsoon
30.6,26.6,28.1,1010.5,76,41,23.3,255,0.3,51,0.0,28.1,74.0,10,282,PostMonsoon
30.6,26.2,27.9,1011.6,76,30,21.5,258,0.0,2,0.3,28.1,76.0,10,283,PostMonsoon
30.6,26.3,28.0,1013.0,76,29,23.9,261,0.0,2,0.0,27.9,76.0,10,284,PostMonsoon
30.6,26.3,28.0,1011.5,77,22,28.6,258,0.0,2,0.0,28.0,76.0,10,285,PostMonsoon
31.5,26.1,28.3,1011.2,78,19,20.1,238,0.0,2,0.0,28.0,77.0,10,286,PostMonsoon
31.9,25.6,28.2,1014.1,77,40,18.1,211,0.0,3,0.0,28.3,78.0,10,287,PostMonsoon
32.1,24.7,27.8,1014.1,73,2,17.2,264,0.0,0,0.0,28.2,77.0,10,288,PostMonsoon
31.3,23.6,27.1,1014.1,78,14,17.3,264,0.0,3,0.0,27.8,73.0,10,289,PostMonsoon
31.7,23.9,27.1,1014.2,79,28,17.8,260,0.0,3,0.0,27.1,78.0,10,290,PostMonsoon
30.9,25.0,27.4,1013.0,82,24,25.6,258,0.0,3,0.0,27.1,79.0,10,291,PostMonsoon
31.6,25.5,27.9,1009.8,83,26,25.8,253,0.0,3,0.0,27.4,82.0,10,292,PostMonsoon
34.7,25.0,29.3,1010.3,73,26,15.0,136,0.1,51,0.0,27.9,83.0,10,293,PostMonsoon
34.4,26.4,30.0,1013.9,65,9,20.1,47,0.0,3,0.1,29.3,73.0,10,294,PostMonsoon
33.0,25.3,28.7,1013.6,74,25,21.9,269,0.0,3,0.0,30.0,65.0,10,295,PostMonsoon
33.2,24.7,28.6,1014.2,71,16,18.6,281,0.0,1,0.0,28.7,74.0,10,296,PostMonsoon
34.2,25.4,29.4,1014.7,64,29,14.6,298,1.5,53,0.0,28.6,71.0,10,297,PostMonsoon
34.3,25.6,29.8,1015.6,60,8,18.4,293,0.0,2,1.5,29.4,64.0,10,298,PostMonsoon
34.2,24.3,29.1,1015.3,60,0,19.2,285,0.0,0,0.0,29.8,60.0,10,299,PostMonsoon
34.2,23.2,28.5,1014.6,66,8,18.1,277,0.0,1,0.0,29.1,60.0,10,300,PostMonsoon
35.5,24.6,30.1,1013.7,51,14,17.9,30,0.0,2,0.0,28.5,66.0,10,301,PostMonsoon
35.0,25.9,30.4,1013.9,42,5,22.1,45,0.0,1,0.0,30.1,51.0,10,302,PostMonsoon
34.1,24.4,29.2,1014.0,50,1,17.2,340,0.0,0,0.0,30.4,42.0,10,303,PostMonsoon
33.4,24.5,28.4,1013.9,66,2,17.2,271,0.0,0,0.0,29.2,50.0,10,304,PostMonsoon
33.2,22.6,27.6,1012.8,71,7,16.9,281,0.0,1,0.0,28.4,66.0,11,305,PostMonsoon
34.6,22.9,28.9,1012.5,53,3,13.4,345,0.0,0,0.0,27.6,71.0,11,306,PostMonsoon
34.6,24.9,29.5,1013.8,41,2,21.8,47,0.0,0,0.0,28.9,53.0,11,307,PostMonsoon
33.5,23.5,28.5,1014.2,48,0,15.0,6,0.0,0,0.0,29.5,41.0,11,308,PostMonsoon
33.0,22.2,27.6,1014.4,60,1,19.9,271,0.0,0,0.0,28.5,48.0,11,309,PostMonsoon
31.2,23.8,27.2,1012.9,71,11,22.5,266,0.0,1,0.0,27.6,60.0,11,310,PostMonsoon
30.9,24.9,27.6,1011.9,72,26,17.3,248,0.0,2,0.0,27.2,71.0,11,311,PostMonsoon
32.0,23.5,27.5,1013.7,77,12,16.1,262,0.0,2,0.0,27.6,72.0,11,312,PostMonsoon
32.9,23.7,27.9,1016.2,67,14,14.0,297,0.0,3,0.0,27.5,77.0,11,313,PostMonsoon
33.2,22.4,28.0,1017.2,53,47,15.1,316,0.0,3,0.0,27.9,67.0,11,314,PostMonsoon
33.2,22.1,27.5,1016.8,51,54,16.6,303,0.0,3,0.0,28.0,53.0,11,315,PostMonsoon
31.9,21.4,26.3,1015.1,60,0,14.2,285,0.0,0,0.0,27.5,51.0,11,316,PostMonsoon
31.8,20.0,25.9,1015.0,63,42,13.7,287,0.0,3,0.0,26.3,60.0,11,317,PostMonsoon
32.0,20.5,26.5,1014.4,55,9,12.7,349,0.0,1,0.0,25.9,63.0,11,318,PostMonsoon
32.1,21.5,26.8,1014.4,54,25,17.0,60,0.0,2,0.0,26.5,55.0,11,319,PostMonsoon
31.3,22.3,26.6,1014.1,56,34,18.2,36,0.0,3,0.0,26.8,54.0,11,320,PostMonsoon
30.6,21.3,26.0,1013.2,61,0,13.2,339,0.0,0,0.0,26.6,56.0,11,321,PostMonsoon
30.7,20.7,26.0,1013.9,62,1,13.5,352,0.0,0,0.0,26.0,61.0,11,322,PostMonsoon
30.0,21.8,25.8,1014.6,62,1,13.4,8,0.0,0,0.0,26.0,62.0,11,323,PostMonsoon
29.6,21.0,25.4,1013.9,67,0,16.3,274,0.0,0,0.0,25.8,62.0,11,324,PostMonsoon
29.9,23.4,26.2,1011.8,70,3,23.4,273,0.0,0,0.0,25.4,67.0,11,325,PostMonsoon
31.4,23.0,27.0,1011.0,56,1,16.2,317,0.0,0,0.0,26.2,70.0,11,326,PostMonsoon
29.2,20.6,24.7,1012.4,47,0,13.4,44,0.0,0,0.0,27.0,56.0,11,327,PostMonsoon
28.4,18.6,23.6,1013.0,52,4,13.2,56,0.0,1,0.0,24.7,47.0,11,328,PostMonsoon
28.1,18.3,23.3,1014.0,47,2,13.0,356,0.0,2,0.0,23.6,52.0,11,329,PostMonsoon
27.4,17.5,22.6,1014.0,51,12,11.7,6,0.0,2,0.0,23.3,47.0,11,330,PostMonsoon
27.3,17.9,22.7,1012.8,66,7,19.2,266,0.0,1,0.0,22.6,51.0,11,331,PostMonsoon
28.0,17.7,23.4,1013.0,57,24,15.3,271,0.0,3,0.0,22.7,66.0,11,332,PostMonsoon
27.8,19.0,23.5,1015.4,60,18,11.3,9,0.0,3,0.0,23.4,57.0,11,333,PostMonsoon
27.3,19.4,23.2,1017.3,49,10,18.6,57,0.0,1,0.0,23.5,60.0,11,334,PostMonsoon
26.6,18.6,22.7,1017.5,55,11,12.1,67,0.0,1,0.0,23.2,49.0,12,335,Winter
27.2,18.0,22.6,1015.5,56,14,12.1,29,0.0,1,0.0,22.7,55.0,12,336,Winter
26.7,19.0,22.6,1014.3,57,52,24.0,98,0.0,3,0.0,22.6,56.0,12,337,Winter
20.4,16.6,18.4,1013.8,78,64,28.6,78,19.5,63,0.0,22.6,57.0,12,338,Winter
21.3,14.8,17.7,1016.9,67,2,16.9,344,0.0,0,19.5,18.4,78.0,12,339,Winter
21.0,13.4,16.7,1018.5,69,29,14.7,50,0.0,3,0.0,17.7,67.0,12,340,Winter
21.5,12.9,16.7,1018.9,67,63,16.0,44,0.0,3,0.0,16.7,69.0,12,341,Winter
21.6,12.9,16.8,1019.2,68,70,15.4,53,0.0,3,0.0,16.7,67.0,12,342,Winter
22.9,13.2,17.5,1019.1,64,1,15.6,37,0.0,1,0.0,16.8,68.0,12,343,Winter
25.1,15.5,19.7,1017.0,63,0,18.6,326,0.0,0,0.0,17.5,64.0,12,344,Winter
23.4,13.4,18.4,1016.8,53,0,17.3,18,0.0,0,0.0,19.7,63.0,12,345,Winter
24.2,14.2,18.6,1018.0,50,6,19.5,57,0.0,1,0.0,18.4,53.0,12,346,Winter
25.1,14.2,19.2,1018.5,48,1,14.1,42,0.0,0,0.0,18.6,50.0,12,347,Winter
26.3,15.5,20.2,1019.5,49,15,19.7,52,0.0,2,0.0,19.2,48.0,12,348,Winter
26.4,15.7,20.7,1018.5,50,83,15.8,9,0.0,3,0.0,20.2,49.0,12,349,Winter
28.3,15.3,21.5,1019.8,57,41,15.1,54,0.0,3,0.0,20.7,50.0,12,350,Winter
28.5,18.5,22.7,1019.7,46,28,21.7,46,0.0,3,0.0,21.5,57.0,12,351,Winter
26.8,14.9,20.8,1016.7,61,0,12.9,336,0.0,0,0.0,22.7,46.0,12,352,Winter
26.8,16.0,21.1,1015.2,74,5,13.4,285,0.0,1,0.0,20.8,61.0,12,353,Winter
26.9,16.0,21.3,1015.8,73,1,14.4,303,0.0,0,0.0,21.1,74.0,12,354,Winter
27.4,16.4,21.4,1016.9,55,0,19.5,60,0.0,0,0.0,21.3,73.0,12,355,Winter
25.0,17.4,20.6,1017.3,50,6,35.4,52,0.0,2,0.0,21.4,55.0,12,356,Winter
26.0,16.4,20.7,1016.2,49,1,23.4,56,0.0,1,0.0,20.6,50.0,12,357,Winter
27.1,16.5,21.4,1014.2,52,0,21.7,67,0.0,0,0.0,20.7,49.0,12,358,Winter
25.1,18.3,21.5,1013.5,58,16,20.3,80,0.0,1,0.0,21.4,52.0,12,359,Winter
24.4,16.5,20.4,1015.1,62,16,12.1,29,0.0,1,0.0,21.5,58.0,12,360,Winter
25.2,16.3,20.1,1017.9,58,7,21.8,62,0.0,1,0.0,20.4,62.0,12,361,Winter
24.0,14.7,19.2,1017.7,56,4,16.3,46,0.0,1,0.0,20.1,58.0,12,362,Winter
24.3,14.1,19.4,1017.3,71,1,14.8,303,0.0,0,0.0,19.2,56.0,12,363,Winter
25.2,15.0,20.5,1016.6,76,3,18.4,268,0.0,0,0.0,19.4,71.0,12,364,Winter
25.9,16.9,21.4,1015.5,73,10,21.8,276,0.0,2,0.0,20.5,76.0,12,365,Winter
25.7,16.9,21.8,1016.9,61,5,14.4,314,0.0,1,0.0,21.4,73.0,1,1,Winter
24.6,16.7,20.6,1019.2,55,19,18.8,71,0.0,2,0.0,21.8,61.0,1,2,Winter
23.8,15.2,19.6,1018.7,65,14,11.8,110,0.0,2,0.0,20.6,55.0,1,3,Winter
23.4,15.8,19.6,1018.5,59,15,15.5,331,0.0,1,0.0,19.6,65.0,1,4,Winter
22.6,12.7,17.7,1019.8,37,0,13.6,5,0.0,0,0.0,19.6,59.0,1,5,Winter
23.2,10.8,16.9,1020.2,37,16,16.5,58,0.0,3,0.0,17.7,37.0,1,6,Winter
22.3,13.6,17.3,1020.4,32,43,27.6,54,0.0,3,0.0,16.9,37.0,1,7,Winter
22.1,12.4,17.1,1018.2,37,63,17.6,44,0.0,3,0.0,17.3,32.0,1,8,Winter
23.5,11.9,17.8,1018.5,65,58,12.3,331,0.0,3,0.0,17.1,37.0,1,9,Winter
24.7,15.0,19.4,1020.0,55,67,14.6,79,0.0,3,0.0,17.8,65.0,1,10,Winter
24.1,14.1,19.0,1019.1,48,32,13.8,15,0.0,3,0.0,19.4,55.0,1,11,Winter
25.4,14.6,19.9,1018.4,63,58,12.6,323,0.0,3,0.0,19.0,48.0,1,12,Winter
24.6,14.6,19.4,1018.9,56,60,12.0,52,0.0,3,0.0,19.9,63.0,1,13,Winter
24.9,13.3,19.3,1016.2,68,19,22.6,270,0.0,2,0.0,19.4,56.0,1,14,Winter
25.4,18.8,21.5,1014.0,74,65,18.6,277,0.0,3,0.0,19.3,68.0,1,15,Winter
26.4,15.8,20.8,1015.8,54,13,13.4,52,0.0,1,0.0,21.5,74.0,1,16,Winter
26.3,13.9,20.1,1018.5,58,16,13.0,30,0.0,3,0.0,20.8,54.0,1,17,Winter
25.1,15.0,20.2,1018.5,75,95,17.9,304,0.0,3,0.0,20.1,58.0,1,18,Winter
26.9,17.0,21.7,1018.0,63,89,13.4,329,0.0,3,0.0,20.2,75.0,1,19,Winter
25.0,14.7,19.8,1017.4,56,71,14.1,297,0.0,3,0.0,21.7,63.0,1,20,Winter
25.9,13.8,19.8,1018.1,53,88,16.3,59,0.0,3,0.0,19.8,56.0,1,21,Winter
25.5,14.6,20.0,1019.2,54,90,12.4,20,0.0,3,0.0,19.8,53.0,1,22,Winter
26.0,14.5,20.2,1019.2,71,20,13.8,306,0.0,3,0.0,20.0,54.0,1,23,Winter
26.7,16.7,21.5,1019.0,62,58,10.5,20,0.0,3,0.0,20.2,71.0,1,24,Winter
27.7,16.9,21.8,1017.9,52,1,17.1,13,0.0,0,0.0,21.5,62.0,1,25,Winter
26.6,16.5,21.2,1016.5,48,0,14.5,349,0.0,0,0.0,21.8,52.0,1,26,Winter
26.9,14.3,21.0,1017.0,55,0,12.7,4,0.0,0,0.0,21.2,48.0,1,27,Winter
28.1,15.7,22.0,1017.2,45,0,20.6,53,0.0,0,0.0,21.0,55.0,1,28,Winter
28.0,18.9,22.9,1016.4,37,24,28.5,51,0.0,2,0.0,22.0,45.0,1,29,Winter
29.4,16.8,23.0,1017.4,41,0,17.1,53,0.0,0,0.0,22.9,37.0,1,30,Winter
29.6,17.9,23.4,1019.1,42,0,18.1,48,0.0,0,0.0,23.0,41.0,1,31,Winter
28.6,16.0,22.1,1018.1,52,0,20.2,300,0.0,0,0.0,23.4,42.0,2,32,Winter
27.0,18.2,22.2,1015.6,71,5,21.2,278,0.0,1,0.0,22.1,52.0,2,33,Winter
27.4,18.2,22.2,1014.9,79,18,20.4,273,0.0,2,0.0,22.2,71.0,2,34,Winter
28.7,20.0,23.7,1014.0,75,0,15.3,282,0.0,0,0.0,22.2,79.0,2,35,Winter
27.8,19.1,23.0,1012.6,81,37,26.1,262,0.0,3,0.0,23.7,75.0,2,36,Winter
27.3,21.2,23.8,1012.1,82,22,22.1,275,0.0,2,0.0,23.0,81.0,2,37,Winter
28.9,18.4,22.8,1012.8,81,36,15.2,232,0.0,3,0.0,23.8,82.0,2,38,Winter
28.0,18.7,23.6,1014.2,66,76,12.2,295,0.4,51,0.0,22.8,81.0,2,39,Winter
25.1,19.4,22.6,1012.1,73,70,15.5,267,9.8,63,0.4,23.6,66.0,2,40,Winter
23.2,18.9,20.7,1009.3,70,26,22.0,280,7.3,63,9.8,22.6,73.0,2,41,Winter
23.1,17.1,20.1,1010.6,59,0,26.0,285,0.0,0,7.3,20.7,70.0,2,42,Winter
24.3,18.8,21.3,1011.5,70,14,20.5,273,0.0,3,0.0,20.1,59.0,2,43,Winter
25.2,17.2,21.1,1011.0,64,2,16.8,298,0.0,0,0.0,21.3,70.0,2,44,Winter
25.2,15.1,20.7,1012.3,60,16,16.3,286,0.0,2,0.0,21.1,64.0,2,45,Winter
25.0,18.7,21.6,1013.1,69,8,26.1,266,0.0,1,0.0,20.7,60.0,2,46,Winter
26.3,18.6,22.1,1012.9,75,7,16.5,259,0.0,1,0.0,21.6,69.0,2,47,Winter
25.8,17.5,21.7,1012.8,81,17,15.8,250,0.7,51,0.0,22.1,75.0,2,48,Winter
25.1,18.6,21.8,1013.8,73,17,19.0,267,0.0,2,0.7,21.7,81.0,2,49,Winter
27.8,17.0,22.2,1016.5,62,1,20.9,57,0.0,0,0.0,21.8,73.0,2,50,Winter
28.2,17.8,23.0,1016.7,48,0,27.2,59,0.0,0,0.0,22.2,62.0,2,51,Winter
27.7,18.1,22.8,1015.5,53,25,16.0,303,0.0,1,0.0,23.0,48.0,2,52,Winter
29.4,16.8,23.5,1013.8,57,11,20.1,53,0.0,2,0.0,22.8,53.0,2,53,Winter
29.1,19.5,24.2,1012.2,49,1,27.6,53,0.0,0,0.0,23.5,57.0,2,54,Winter
28.6,18.5,23.5,1011.3,54,1,21.6,314,0.0,0,0.0,24.2,49.0,2,55,Winter
27.2,18.3,22.7,1012.2,73,0,18.1,268,0.0,0,0.0,23.5,54.0,2,56,Winter
26.8,20.1,22.9,1011.0,76,30,21.6,263,0.0,3,0.0,22.7,73.0,2,57,Winter
26.8,22.5,24.1,1009.0,73,39,29.1,252,0.0,2,0.0,22.9,76.0,2,58,Winter
27.3,22.1,24.1,1008.0,76,29,28.9,245,0.4,51,0.0,24.1,73.0,2,59,Winter
27.2,17.9,22.6,1012.2,57,0,18.1,308,0.0,0,0.4,24.1,76.0,3,60,HotDry
27.6,17.0,22.3,1014.0,59,37,18.6,250,0.0,3,0.0,22.6,57.0,3,61,HotDry
27.5,18.5,22.9,1013.7,66,0,22.5,263,0.0,0,0.0,22.3,59.0,3,62,HotDry
29.3,19.5,23.8,1014.3,73,4,19.5,282,0.0,1,0.0,22.9,66.0,3,63,HotDry
30.6,19.3,24.9,1016.4,65,11,16.9,316,0.0,2,0.0,23.8,73.0,3,64,HotDry
30.3,19.5,24.7,1015.0,57,0,21.5,290,0.0,0,0.0,24.9,65.0,3,65,HotDry
29.7,19.4,24.0,1011.7,65,0,21.7,272,0.0,0,0.0,24.7,57.0,3,66,HotDry
27.4,19.4,23.1,1009.8,77,10,25.5,259,0.0,2,0.0,24.0,65.0,3,67,HotDry
27.4,22.1,24.3,1009.4,80,49,23.7,252,0.0,3,0.0,23.1,77.0,3,68,HotDry
28.5,21.1,23.9,1011.1,77,37,18.9,233,0.0,3,0.0,24.3,80.0,3,69,HotDry
25.7,19.9,22.8,1009.8,82,71,24.9,214,18.2,63,0.0,23.9,77.0,3,70,HotDry
24.7,18.4,21.4,1009.1,78,32,19.6,347,0.8,53,18.2,22.8,82.0,3,71,HotDry
26.2,17.4,21.8,1012.2,55,0,14.8,307,0.0,0,0.8,21.4,78.0,3,72,HotDry
27.0,16.5,21.7,1014.2,63,0,11.2,304,0.0,0,0.0,21.8,55.0,3,73,HotDry
27.8,17.6,22.5,1014.7,67,23,11.4,318,0.0,3,0.0,21.7,63.0,3,74,HotDry
28.7,17.2,23.1,1013.0,67,0,12.3,295,0.0,0,0.0,22.5,67.0,3,75,HotDry
29.7,18.5,23.8,1012.0,70,5,17.8,287,0.0,1,0.0,23.1,67.0,3,76,HotDry
26.9,19.0,23.2,1010.0,75,63,23.5,265,0.0,3,0.0,23.8,70.0,3,77,HotDry
26.7,21.7,24.1,1009.4,79,72,41.4,227,3.3,51,0.0,23.2,75.0,3,78,HotDry
27.3,21.6,24.0,1012.0,60,7,29.2,271,0.0,1,3.3,24.1,79.0,3,79,HotDry
26.8,20.7,23.3,1012.4,61,5,26.5,273,0.0,1,0.0,24.0,60.0,3,80,HotDry
30.2,19.7,24.7,1013.5,63,68,19.5,272,0.0,3,0.0,23.3,61.0,3,81,HotDry
32.3,21.7,26.8,1015.4,49,31,21.2,349,0.0,3,0.0,24.7,63.0,3,82,HotDry
32.3,23.4,26.3,1014.9,52,50,22.9,285,0.0,3,0.0,26.8,49.0,3,83,HotDry
31.6,20.7,25.5,1012.5,65,5,22.1,271,0.0,1,0.0,26.3,52.0,3,84,HotDry
33.1,19.4,25.7,1011.3,70,1,23.4,271,0.0,0,0.0,25.5,65.0,3,85,HotDry
33.5,19.8,26.2,1012.1,63,9,19.5,276,0.0,1,0.0,25.7,70.0,3,86,HotDry
32.7,20.3,26.0,1012.4,66,0,20.8,274,0.0,0,0.0,26.2,63.0,3,87,HotDry
30.6,20.0,25.0,1011.0,75,30,19.8,268,0.0,3,0.0,26.0,66.0,3,88,HotDry
30.3,22.3,25.5,1010.2,76,80,23.8,266,0.0,3,0.0,25.0,75.0,3,89,HotDry
30.2,23.1,26.2,1010.4,70,23,29.3,263,0.0,2,0.0,25.5,76.0,3,90,HotDry
33.3,22.4,27.3,1012.1,52,0,25.2,271,0.0,0,0.0,26.2,70.0,4,91,HotDry
33.2,20.3,26.7,1011.9,56,0,21.0,275,0.0,0,0.0,27.3,52.0,4,92,HotDry
34.6,20.9,27.4,1010.9,55,4,19.3,289,0.0,1,0.0,26.7,56.0,4,93,HotDry
36.1,22.2,28.5,1010.1,55,45,24.3,284,0.0,3,0.0,27.4,55.0,4,94,HotDry
36.0,24.6,29.5,1009.9,54,31,25.6,280,0.0,3,0.0,28.5,55.0,4,95,HotDry
37.8,24.7,30.0,1008.5,56,41,22.7,271,0.0,3,0.0,29.5,54.0,4,96,HotDry
33.5,23.5,28.1,1007.8,63,0,25.3,245,0.0,0,0.0,30.0,56.0,4,97,HotDry
33.7,23.9,27.9,1008.0,67,0,25.1,258,0.0,0,0.0,28.1,63.0,4,98,HotDry
33.5,22.0,27.2,1009.4,69,40,23.2,269,0.0,3,0.0,27.9,67.0,4,99,HotDry
32.8,23.1,27.2,1009.9,68,0,28.3,265,0.0,0,0.0,27.2,69.0,4,100,HotDry
30.6,23.7,26.6,1007.8,78,12,27.3,261,0.0,1,0.0,27.2,68.0,4,101,HotDry
32.1,24.2,27.5,1005.8,79,17,22.7,251,0.0,2,0.0,26.6,78.0,4,102,HotDry
33.1,24.2,28.1,1006.2,76,19,18.4,235,0.0,3,0.0,27.5,79.0,4,103,HotDry
33.8,24.4,28.4,1007.9,76,24,20.9,222,0.0,3,0.0,28.1,76.0,4,104,HotDry
37.7,25.5,30.6,1008.4,63,3,27.4,268,0.0,0,0.0,28.4,76.0,4,105,HotDry
34.8,24.7,29.3,1008.3,72,6,20.8,254,0.0,1,0.0,30.6,63.0,4,106,HotDry
32.8,25.2,28.4,1007.1,77,24,20.3,249,0.0,3,0.0,29.3,72.0,4,107,HotDry
32.9,25.7,28.7,1007.2,76,16,21.1,236,0.0,2,0.0,28.4,77.0,4,108,HotDry
33.5,25.2,28.6,1008.1,73,5,24.6,253,0.0,1,0.0,28.7,76.0,4,109,HotDry
34.4,24.5,28.7,1009.0,67,2,23.4,271,0.0,1,0.0,28.6,73.0,4,110,HotDry
32.9,25.1,28.3,1008.2,73,3,29.7,262,0.0,0,0.0,28.7,67.0,4,111,HotDry
32.7,25.6,28.7,1006.8,73,1,30.6,251,0.0,0,0.0,28.3,73.0,4,112,HotDry
32.6,25.3,28.6,1006.2,74,3,25.6,244,0.0,1,0.0,28.7,73.0,4,113,HotDry
32.4,25.4,28.3,1006.8,77,18,25.1,250,0.0,3,0.0,28.6,74.0,4,114,HotDry
32.2,24.9,28.0,1007.0,78,19,26.6,256,0.0,3,0.0,28.3,77.0,4,115,HotDry
31.8,25.1,27.9,1007.8,77,17,26.2,255,0.0,2,0.0,28.0,78.0,4,116,HotDry
32.3,25.2,28.2,1008.8,77,39,27.1,256,0.0,3,0.0,27.9,77.0,4,117,HotDry
32.3,25.4,28.3,1007.7,75,9,31.3,259,0.0,1,0.0,28.2,77.0,4,118,HotDry
32.0,25.4,28.2,1007.6,73,8,31.2,263,0.0,1,0.0,28.3,75.0,4,119,HotDry
32.2,25.1,27.9,1008.7,74,9,28.4,263,0.0,1,0.0,28.2,73.0,4,120,HotDry
32.5,25.2,28.2,1009.7,75,13,26.5,267,0.0,2,0.0,27.9,74.0,5,121,HotDry
32.0,25.4,28.3,1007.6,77,17,24.6,257,0.0,3,0.0,28.2,75.0,5,122,HotDry
32.6,25.9,28.8,1003.3,77,12,23.2,241,0.0,2,0.0,28.3,77.0,5,123,HotDry
33.4,26.2,29.5,1002.9,78,28,16.0,232,0.0,3,0.0,28.8,77.0,5,124,HotDry
36.0,26.5,30.8,1004.9,74,5,21.7,238,0.0,1,0.0,29.5,78.0,5,125,HotDry
35.1,26.6,30.3,1004.3,73,9,23.8,244,0.0,2,0.0,30.8,74.0,5,126,HotDry
34.3,25.7,29.7,1002.2,73,16,23.0,230,0.0,3,0.0,30.3,73.0,5,127,HotDry
38.5,27.9,32.4,1001.0,55,0,28.1,249,0.0,0,0.0,29.7,73.0,5,128,HotDry
40.8,27.7,32.9,1002.7,53,0,31.2,270,0.0,0,0.0,32.4,55.0,5,129,HotDry
34.2,26.5,29.9,1005.4,74,29,32.9,263,0.0,3,0.0,32.9,53.0,5,130,HotDry
32.3,26.7,29.1,1004.3,78,57,33.5,260,0.0,3,0.0,29.9,74.0,5,131,HotDry
32.2,27.2,29.4,1003.6,78,71,36.4,254,0.0,3,0.0,29.1,78.0,5,132,HotDry
32.6,27.0,29.4,1004.2,79,44,34.7,254,0.0,3,0.0,29.4,78.0,5,133,HotDry
32.1,27.2,29.3,1003.8,77,46,38.9,256,0.0,3,0.0,29.4,79.0,5,134,HotDry
32.1,27.4,29.3,1003.3,75,42,38.7,256,0.0,3,0.0,29.3,77.0,5,135,HotDry
32.5,27.2,29.4,1003.8,75,35,35.1,251,0.0,2,0.0,29.3,75.0,5,136,HotDry
32.4,27.2,29.4,1004.7,76,40,29.8,250,0.0,2,0.0,29.4,75.0,5,137,HotDry
32.2,27.2,29.4,1004.1,75,40,29.4,244,0.0,2,0.0,29.4,76.0,5,138,HotDry
32.1,27.3,29.3,1004.8,77,52,25.9,236,0.0,3,0.0,29.4,75.0,5,139,HotDry
32.3,26.8,29.1,1004.5,78,39,25.9,237,0.0,2,0.0,29.3,77.0,5,140,HotDry
33.6,26.8,29.4,1002.6,74,28,26.5,249,0.0,3,0.0,29.1,78.0,5,141,HotDry
35.9,26.5,29.9,1002.4,70,9,31.4,253,0.0,1,0.0,29.4,74.0,5,142,HotDry
34.4,26.2,29.4,1004.5,75,13,27.5,258,0.0,1,0.0,29.9,70.0,5,143,HotDry
35.3,26.4,29.7,1004.4,73,12,32.3,259,0.0,1,0.0,29.4,75.0,5,144,HotDry
36.4,26.7,30.9,1002.1,60,0,35.9,263,0.0,0,0.0,29.7,73.0,5,145,HotDry
40.2,27.3,32.6,1002.2,43,0,30.0,271,0.0,0,0.0,30.9,60.0,5,146,HotDry
34.6,25.7,29.6,1004.1,70,1,19.8,208,0.0,0,0.0,32.6,43.0,5,147,HotDry
32.7,26.2,29.0,1005.0,78,32,23.4,229,0.0,3,0.0,29.6,70.0,5,148,HotDry
33.0,27.0,29.5,1006.0,72,28,21.7,233,0.0,2,0.0,29.0,78.0,5,149,HotDry
32.9,27.3,29.6,1006.8,70,18,24.7,260,0.0,1,0.0,29.5,72.0,5,150,HotDry
34.2,27.3,29.9,1006.5,71,9,23.6,265,0.0,1,0.0,29.6,70.0,5,151,HotDry
34.4,26.9,29.8,1004.8,74,16,23.8,264,0.0,2,0.0,29.9,71.0,6,152,Monsoon
33.8,27.2,29.8,1003.5,76,16,28.7,254,0.0,2,0.0,29.8,74.0,6,153,Monsoon
33.2,27.1,29.8,1003.0,75,17,26.2,232,0.0,2,0.0,29.8,76.0,6,154,Monsoon
36.0,26.5,30.8,1004.8,68,33,27.6,167,0.0,3,0.0,29.8,75.0,6,155,Monsoon
32.9,28.3,30.6,1005.2,72,82,18.9,176,0.1,51,0.0,30.8,68.0,6,156,Monsoon
33.7,28.0,30.6,1004.7,74,58,22.0,224,0.0,3,0.1,30.6,72.0,6,157,Monsoon
33.7,28.5,30.8,1004.7,73,23,24.6,248,0.0,2,0.0,30.6,74.0,6,158,Monsoon
33.3,28.5,30.4,1003.4,73,24,36.5,258,0.0,2,0.0,30.8,73.0,6,159,Monsoon
33.0,28.2,30.2,1001.5,75,12,40.5,258,0.0,1,0.0,30.4,73.0,6,160,Monsoon
33.2,28.2,30.3,998.7,76,19,43.2,255,0.0,1,0.0,30.2,75.0,6,161,Monsoon
33.7,28.6,30.6,996.1,78,17,41.5,249,0.0,2,0.0,30.3,76.0,6,162,Monsoon
33.6,28.5,30.6,995.8,79,26,38.0,242,0.0,2,0.0,30.6,78.0,6,163,Monsoon
33.5,28.7,30.8,997.4,78,44,28.3,239,0.0,3,0.0,30.6,79.0,6,164,Monsoon
33.4,28.8,30.6,997.1,75,51,30.2,239,0.0,3,0.0,30.8,78.0,6,165,Monsoon
32.7,28.7,30.5,995.8,74,60,27.5,234,0.0,3,0.0,30.6,75.0,6,166,Monsoon
34.3,28.3,30.9,996.0,72,44,19.0,225,0.0,2,0.0,30.5,74.0,6,167,Monsoon
36.2,28.8,31.7,995.1,71,25,23.1,232,0.0,2,0.0,30.9,72.0,6,168,Monsoon
35.5,30.0,31.9,996.4,71,22,23.7,174,0.2,51,0.0,31.7,71.0,6,169,Monsoon
34.6,29.1,31.5,997.4,74,31,21.6,186,0.0,2,0.2,31.9,71.0,6,170,Monsoon
34.9,29.3,31.7,997.6,72,28,20.7,223,0.1,51,0.0,31.5,74.0,6,171,Monsoon
37.0,29.9,32.8,998.4,66,43,18.2,258,1.5,53,0.1,31.7,72.0,6,172,Monsoon
40.1,30.3,34.6,997.1,58,39,20.6,327,0.1,51,1.5,32.8,66.0,6,173,Monsoon
43.2,32.6,37.0,995.7,47,45,34.1,47,1.4,55,0.1,34.6,58.0,6,174,Monsoon
40.6,30.6,34.6,995.2,55,69,37.4,47,11.2,63,1.4,37.0,47.0,6,175,Monsoon
32.5,27.7,30.1,993.1,75,94,36.2,78,28.4,63,11.2,34.6,55.0,6,176,Monsoon
29.1,27.5,28.2,994.4,89,98,38.6,171,20.8,63,28.4,30.1,75.0,6,177,Monsoon
29.8,27.2,28.4,998.1,86,90,28.3,207,10.2,55,20.8,28.2,89.0,6,178,Monsoon
30.9,27.9,29.3,996.4,85,78,22.2,223,5.1,55,10.2,28.4,86.0,6,179,Monsoon
31.4,27.8,29.4,996.1,86,86,15.7,205,2.2,51,5.1,29.3,85.0,6,180,Monsoon
33.2,28.1,30.1,997.4,81,84,13.7,98,5.5,63,2.2,29.4,86.0,6,181,Monsoon
33.1,28.7,30.4,995.1,84,93,20.9,274,1.5,53,5.5,30.1,81.0,7,182,Monsoon
32.3,27.7,29.8,993.7,84,90,29.0,265,0.0,3,1.5,30.4,84.0,7,183,Monsoon
31.1,28.3,29.5,995.9,87,97,26.1,253,9.2,63,0.0,29.8,84.0,7,184,Monsoon
31.2,28.4,29.6,997.3,84,97,24.4,254,0.0,3,9.2,29.5,87.0,7,185,Monsoon
31.4,28.2,29.7,997.0,82,81,29.4,254,0.0,3,0.0,29.6,84.0,7,186,Monsoon
31.9,28.3,29.9,996.4,81,79,33.2,255,0.0,3,0.0,29.7,82.0,7,187,Monsoon
31.7,28.8,30.1,996.6,80,71,35.2,254,0.1,51,0.0,29.9,81.0,7,188,Monsoon
31.9,28.5,30.0,996.6,78,74,25.4,245,0.0,3,0.1,30.1,80.0,7,189,Monsoon
33.0,28.6,30.4,998.1,80,59,21.3,242,0.3,51,0.0,30.0,78.0,7,190,Monsoon
33.0,28.5,30.3,997.0,78,63,19.6,246,0.0,3,0.3,30.4,80.0,7,191,Monsoon
32.1,28.5,29.9,997.9,80,97,17.1,237,0.0,3,0.0,30.3,78.0,7,192,Monsoon
32.5,28.4,30.0,997.9,78,74,22.3,238,0.0,3,0.0,29.9,80.0,7,193,Monsoon
32.1,28.1,29.8,996.1,77,66,23.8,235,0.0,3,0.0,30.0,78.0,7,194,Monsoon
32.9,27.5,29.8,994.8,77,57,19.3,219,0.0,3,0.0,29.8,77.0,7,195,Monsoon
32.8,27.5,29.7,994.9,78,36,18.3,205,0.0,2,0.0,29.8,77.0,7,196,Monsoon
33.3,27.6,29.7,997.3,77,36,19.8,178,0.0,3,0.0,29.7,78.0,7,197,Monsoon
34.0,27.9,30.4,998.5,75,42,22.9,198,0.0,2,0.0,29.7,77.0,7,198,Monsoon
33.2,27.5,30.0,1000.1,73,34,21.9,210,0.0,2,0.0,30.4,75.0,7,199,Monsoon
33.0,27.8,30.1,1000.8,70,48,18.7,220,0.0,2,0.0,30.0,73.0,7,200,Monsoon
32.6,27.9,29.9,1000.0,69,73,25.2,231,0.0,3,0.0,30.1,70.0,7,201,Monsoon
31.7,28.2,29.6,998.0,75,70,29.8,232,1.1,51,0.0,29.9,69.0,7,202,Monsoon
32.2,27.9,29.9,998.4,76,43,18.5,218,0.2,51,1.1,29.6,75.0,7,203,Monsoon
34.3,28.1,30.7,1000.0,74,41,16.1,212,0.0,3,0.2,29.9,76.0,7,204,Monsoon
34.6,28.4,31.0,1001.7,73,46,16.5,242,0.4,51,0.0,30.7,74.0,7,205,Monsoon
34.1,28.8,31.1,1001.6,72,16,18.7,240,0.0,2,0.4,31.0,73.0,7,206,Monsoon
34.0,29.3,31.2,1000.6,73,50,32.3,252,0.0,3,0.0,31.1,72.0,7,207,Monsoon
32.5,29.0,30.5,998.8,74,74,40.0,252,0.9,51,0.0,31.2,73.0,7,208,Monsoon
32.7,29.1,30.7,998.6,74,75,33.3,250,0.9,51,0.9,30.5,74.0,7,209,Monsoon
33.3,29.0,31.0,1000.0,73,60,22.9,249,0.0,3,0.9,30.7,74.0,7,210,Monsoon
34.1,29.0,31.2,1001.2,72,88,22.2,237,0.0,3,0.0,31.0,73.0,7,211,Monsoon
34.2,29.3,31.2,1001.5,71,79,20.4,240,0.2,51,0.0,31.2,72.0,7,212,Monsoon
33.3,29.2,30.8,1000.5,73,85,27.5,245,0.1,51,0.2,31.2,71.0,8,213,Monsoon
31.8,28.6,30.0,998.6,77,77,31.3,252,0.1,51,0.1,30.8,73.0,8,214,Monsoon
31.8,28.1,29.7,999.2,76,77,23.9,248,0.0,3,0.1,30.0,77.0,8,215,Monsoon
32.2,28.0,29.9,998.1,74,53,22.2,252,0.0,3,0.0,29.7,76.0,8,216,Monsoon
32.5,28.3,30.0,997.5,74,95,26.2,261,0.0,3,0.0,29.9,74.0,8,217,Monsoon
32.7,27.9,29.8,998.3,73,63,28.1,263,0.0,3,0.0,30.0,74.0,8,218,Monsoon
33.1,28.0,29.9,998.9,72,94,24.5,271,0.0,3,0.0,29.8,73.0,8,219,Monsoon
33.3,28.2,29.8,996.9,77,100,27.0,271,0.2,51,0.0,29.9,72.0,8,220,Monsoon
30.0,27.5,28.6,995.1,84,100,38.2,257,15.1,63,0.2,29.8,77.0,8,221,Monsoon
30.0,26.3,27.5,995.8,86,93,28.2,300,27.6,63,15.1,28.6,84.0,8,222,Monsoon
28.6,26.3,27.5,998.4,89,87,22.1,255,2.5,51,27.6,27.5,86.0,8,223,Monsoon
30.0,27.5,28.5,998.0,85,52,37.5,253,0.0,2,2.5,27.5,89.0,8,224,Monsoon
29.8,27.1,28.2,997.4,85,83,39.0,249,0.2,51,0.0,28.5,85.0,8,225,Monsoon
29.7,27.0,28.2,999.0,84,61,32.2,247,0.0,3,0.2,28.2,85.0,8,226,Monsoon
29.7,26.7,28.0,1000.6,82,55,33.4,255,0.0,2,0.0,28.2,84.0,8,227,Monsoon
29.5,26.5,27.7,1000.8,82,60,34.9,257,0.0,3,0.0,28.0,82.0,8,228,Monsoon
29.3,26.1,27.5,1001.6,82,50,34.9,256,0.0,2,0.0,27.7,82.0,8,229,Monsoon
29.3,26.3,27.5,1002.5,81,61,34.5,259,0.0,3,0.0,27.5,82.0,8,230,Monsoon
29.1,26.0,27.4,1002.4,80,58,29.6,257,0.0,3,0.0,27.5,81.0,8,231,Monsoon
29.9,25.6,27.5,1003.8,79,42,19.1,253,0.0,3,0.0,27.4,80.0,8,232,Monsoon
29.8,25.5,27.5,1002.7,81,82,19.6,265,0.0,3,0.0,27.5,79.0,8,233,Monsoon
30.2,26.4,27.6,1001.2,85,97,18.4,276,3.5,55,0.0,27.5,81.0,8,234,Monsoon
30.6,26.1,28.0,1002.3,86,96,13.0,248,4.5,61,3.5,27.6,85.0,8,235,Monsoon
30.3,26.6,28.2,1003.7,86,97,18.9,238,0.0,3,4.5,28.0,86.0,8,236,Monsoon
30.4,27.0,28.4,1005.0,85,33,17.0,248,1.1,53,0.0,28.2,86.0,8,237,Monsoon
30.3,26.8,28.2,1003.2,85,24,24.0,255,0.0,2,1.1,28.4,85.0,8,238,Monsoon
30.1,26.3,27.8,1002.9,83,66,25.9,258,0.0,3,0.0,28.2,85.0,8,239,Monsoon
30.4,26.2,27.9,1002.7,80,83,26.2,260,0.0,3,0.0,27.8,83.0,8,240,Monsoon
30.6,26.2,28.1,1002.2,80,82,19.8,258,0.0,3,0.0,27.9,80.0,8,241,Monsoon
31.7,26.3,28.4,1001.2,79,89,20.5,266,0.0,3,0.0,28.1,80.0,8,242,Monsoon
31.6,26.3,28.5,1000.4,78,75,23.1,264,0.0,3,0.0,28.4,79.0,8,243,Monsoon
32.5,26.3,28.7,1000.1,78,93,24.3,258,0.0,3,0.0,28.5,78.0,9,244,Monsoon
32.2,26.9,29.1,1000.3,78,73,19.0,256,0.0,3,0.0,28.7,78.0,9,245,Monsoon
32.5,26.9,29.3,1000.9,79,60,21.9,263,0.0,3,0.0,29.1,78.0,9,246,Monsoon
32.3,27.3,29.2,1000.1,79,66,26.9,256,0.0,3,0.0,29.3,79.0,9,247,Monsoon
31.1,27.0,28.8,998.1,79,62,34.7,252,0.0,3,0.0,29.2,79.0,9,248,Monsoon
31.6,27.1,28.9,996.7,80,54,29.6,246,0.0,3,0.0,28.8,79.0,9,249,Monsoon
31.7,26.8,28.9,998.6,78,41,21.1,242,0.0,3,0.0,28.9,80.0,9,250,Monsoon
31.9,26.9,29.0,1002.0,76,35,25.0,253,0.0,2,0.0,28.9,78.0,9,251,Monsoon
31.5,27.2,29.1,1004.3,71,31,26.9,260,0.0,2,0.0,29.0,76.0,9,252,Monsoon
31.3,27.0,28.8,1004.6,73,29,30.3,259,0.0,2,0.0,29.1,71.0,9,253,Monsoon
31.2,27.1,28.7,1004.5,73,39,28.8,259,0.0,2,0.0,28.8,73.0,9,254,Monsoon
31.2,26.3,28.4,1004.4,73,35,25.9,256,0.0,3,0.0,28.7,73.0,9,255,Monsoon
30.9,26.9,28.5,1004.8,72,36,28.4,256,0.0,2,0.0,28.4,73.0,9,256,Monsoon
30.8,26.8,28.5,1005.7,72,41,30.5,258,0.0,2,0.0,28.5,72.0,9,257,Monsoon
30.5,26.6,28.3,1004.0,74,39,27.6,257,0.0,2,0.0,28.5,72.0,9,258,Monsoon
31.0,26.3,28.4,1003.1,75,35,18.9,249,0.0,3,0.0,28.3,74.0,9,259,Monsoon
31.3,26.7,28.8,1005.1,74,29,21.1,258,0.0,2,0.0,28.4,75.0,9,260,Monsoon
31.6,26.7,28.8,1005.3,76,35,20.0,264,0.0,3,0.0,28.8,74.0,9,261,Monsoon
31.7,26.9,28.8,1003.9,76,43,19.6,258,0.0,3,0.0,28.8,76.0,9,262,Monsoon
31.8,26.8,28.7,1004.0,77,50,22.6,261,0.0,3,0.0,28.8,76.0,9,263,Monsoon
31.6,26.7,28.7,1003.8,78,36,21.0,262,0.0,3,0.0,28.7,77.0,9,264,Monsoon
33.4,26.4,29.3,1001.5,77,14,20.5,271,0.0,2,0.0,28.7,78.0,9,265,Monsoon
36.1,27.5,31.1,1001.4,64,23,29.5,60,1.8,53,0.0,29.3,77.0,9,266,Monsoon
36.7,28.2,31.5,1001.6,56,12,20.5,38,1.5,53,1.8,31.1,64.0,9,267,Monsoon
36.7,28.0,32.0,1002.5,57,17,16.6,302,0.6,51,1.5,31.5,56.0,9,268,Monsoon
36.7,27.7,31.3,1003.7,58,0,21.6,260,0.0,0,0.6,32.0,57.0,9,269,Monsoon
34.5,25.5,29.3,1004.4,69,0,18.3,234,0.0,0,0.0,31.3,58.0,9,270,Monsoon
34.3,24.3,28.8,1004.3,61,0,17.8,226,0.0,0,0.0,29.3,69.0,9,271,Monsoon
32.3,23.4,27.8,1007.3,69,0,17.3,218,0.0,0,0.0,28.8,61.0,9,272,Monsoon
32.1,22.9,27.5,1010.7,69,6,14.7,250,0.0,1,0.0,27.8,69.0,9,273,Monsoon
33.6,24.5,28.2,1009.3,67,0,23.8,276,0.0,0,0.0,27.5,69.0,10,274,PostMonsoon
32.3,25.1,28.1,1007.7,70,0,26.7,263,0.0,0,0.0,28.2,67.0,10,275,PostMonsoon
34.2,24.7,28.8,1006.0,54,2,25.7,268,0.0,1,0.0,28.1,70.0,10,276,PostMonsoon
35.6,21.1,28.2,1005.6,56,0,18.0,278,0.0,0,0.0,28.8,54.0,10,277,PostMonsoon
33.9,24.5,28.4,1006.8,63,0,22.3,228,0.0,0,0.0,28.2,56.0,10,278,PostMonsoon
33.7,22.7,27.8,1006.9,68,0,23.7,259,0.0,0,0.0,28.4,63.0,10,279,PostMonsoon
33.8,22.1,27.9,1006.2,54,0,18.3,268,0.0,0,0.0,27.8,68.0,10,280,PostMonsoon
32.9,22.1,27.0,1006.7,58,0,14.7,242,0.0,0,0.0,27.9,54.0,10,281,PostMonsoon
31.4,21.0,26.4,1007.8,64,0,19.7,234,0.0,0,0.0,27.0,58.0,10,282,PostMonsoon
31.8,22.8,26.8,1007.6,72,8,16.6,217,0.0,2,0.0,26.4,64.0,10,283,PostMonsoon
31.8,20.6,26.4,1010.2,71,8,18.9,203,0.0,2,0.0,26.8,72.0,10,284,PostMonsoon
32.6,21.0,26.5,1012.7,68,0,18.4,273,0.0,0,0.0,26.4,71.0,10,285,PostMonsoon
32.3,22.7,27.1,1012.8,66,0,20.7,273,0.0,0,0.0,26.5,68.0,10,286,PostMonsoon
31.8,21.8,26.5,1011.0,69,0,18.0,253,0.0,0,0.0,27.1,66.0,10,287,PostMonsoon
32.4,21.3,26.0,1012.0,71,1,19.6,280,0.0,0,0.0,26.5,69.0,10,288,PostMonsoon
34.0,20.9,26.8,1011.8,65,7,19.8,277,0.0,2,0.0,26.0,71.0,10,289,PostMonsoon
33.2,20.9,26.7,1011.6,68,0,18.1,276,0.0,0,0.0,26.8,65.0,10,290,PostMonsoon
33.5,20.9,27.2,1013.6,59,0,19.9,295,0.0,0,0.0,26.7,68.0,10,291,PostMonsoon
34.3,23.0,28.3,1014.6,47,0,21.6,294,0.0,0,0.0,27.2,59.0,10,292,PostMonsoon
31.9,23.5,27.1,1013.0,62,0,25.9,266,0.0,0,0.0,28.3,47.0,10,293,PostMonsoon
30.4,24.4,26.8,1009.7,77,17,22.8,240,0.0,2,0.0,27.1,62.0,10,294,PostMonsoon
30.2,24.6,27.0,1010.7,78,35,16.1,217,0.0,3,0.0,26.8,77.0,10,295,PostMonsoon
31.6,22.9,26.9,1012.2,74,14,20.0,269,0.0,2,0.0,27.0,78.0,10,296,PostMonsoon
33.1,23.2,27.8,1013.0,66,0,18.3,282,0.0,0,0.0,26.9,74.0,10,297,PostMonsoon
35.1,23.4,29.2,1013.1,54,7,15.2,312,0.0,1,0.0,27.8,66.0,10,298,PostMonsoon
36.3,24.6,30.4,1011.9,39,15,14.0,330,0.0,3,0.0,29.2,54.0,10,299,PostMonsoon
37.2,24.3,30.8,1011.6,37,4,12.4,35,0.0,1,0.0,30.4,39.0,10,300,PostMonsoon
36.9,24.1,30.3,1009.7,36,12,16.7,326,0.0,3,0.0,30.8,37.0,10,301,PostMonsoon
36.3,22.2,29.3,1007.9,42,27,11.6,337,0.0,3,0.0,30.3,36.0,10,302,PostMonsoon
37.2,24.2,30.3,1009.4,25,2,20.3,48,0.0,1,0.0,29.3,42.0,10,303,PostMonsoon
36.7,26.2,30.7,1011.0,18,0,30.4,54,0.0,0,0.0,30.3,25.0,10,304,PostMonsoon
35.7,24.6,29.5,1011.3,24,0,21.2,55,0.0,0,0.0,30.7,18.0,11,305,PostMonsoon
34.3,20.1,27.2,1009.8,38,6,14.4,344,0.0,1,0.0,29.5,24.0,11,306,PostMonsoon
33.8,20.4,26.9,1008.6,51,0,17.2,292,0.0,0,0.0,27.2,38.0,11,307,PostMonsoon
33.9,20.4,26.8,1011.2,60,0,16.0,304,0.0,0,0.0,26.9,51.0,11,308,PostMonsoon
33.6,20.5,27.1,1012.4,56,0,16.2,286,0.0,0,0.0,26.8,60.0,11,309,PostMonsoon
31.5,22.8,26.7,1009.9,77,0,22.5,269,0.0,0,0.0,27.1,56.0,11,310,PostMonsoon
31.4,24.8,27.2,1009.0,83,11,16.9,256,0.0,2,0.0,26.7,77.0,11,311,PostMonsoon
33.0,23.2,27.3,1009.9,75,31,14.1,283,0.0,3,0.0,27.2,83.0,11,312,PostMonsoon
33.1,21.9,27.0,1010.5,67,6,18.4,295,0.0,1,0.0,27.3,75.0,11,313,PostMonsoon
31.6,21.2,26.0,1010.6,71,0,17.7,281,0.0,0,0.0,27.0,67.0,11,314,PostMonsoon
30.8,20.7,25.0,1012.6,74,12,16.2,287,0.0,2,0.0,26.0,71.0,11,315,PostMonsoon
30.5,19.5,24.6,1012.8,74,6,18.0,294,0.0,1,0.0,25.0,74.0,11,316,PostMonsoon
29.2,21.1,24.8,1012.3,78,8,21.4,270,0.0,2,0.0,24.6,74.0,11,317,PostMonsoon
29.7,21.1,25.3,1011.7,79,17,18.3,275,0.0,3,0.0,24.8,78.0,11,318,PostMonsoon
30.6,21.4,25.9,1013.6,77,9,18.8,289,0.0,2,0.0,25.3,79.0,11,319,PostMonsoon
32.0,21.1,26.3,1015.7,70,2,17.1,293,0.0,1,0.0,25.9,77.0,11,320,PostMonsoon
31.0,20.7,25.6,1014.1,69,0,17.9,277,0.0,0,0.0,26.3,70.0,11,321,PostMonsoon
30.0,22.3,25.4,1012.9,80,19,19.1,263,0.0,3,0.0,25.6,69.0,11,322,PostMonsoon
29.4,20.6,25.0,1016.0,80,41,13.7,212,0.0,3,0.0,25.4,80.0,11,323,PostMonsoon
31.6,20.6,26.1,1018.9,63,11,13.6,4,0.0,2,0.0,25.0,80.0,11,324,PostMonsoon
30.9,20.5,25.5,1017.1,68,0,20.4,280,0.0,0,0.0,26.1,63.0,11,325,PostMonsoon
30.6,20.3,25.1,1016.2,78,0,18.4,262,0.0,0,0.0,25.5,68.0,11,326,PostMonsoon
30.2,19.4,24.6,1016.4,79,16,16.6,279,0.0,3,0.0,25.1,78.0,11,327,PostMonsoon
29.4,19.4,24.0,1015.1,82,24,17.6,277,0.0,3,0.0,24.6,79.0,11,328,PostMonsoon
30.0,20.2,24.4,1015.8,77,17,15.8,277,0.0,3,0.0,24.0,82.0,11,329,PostMonsoon
30.0,18.9,24.1,1016.4,66,18,12.0,309,0.0,2,0.0,24.4,77.0,11,330,PostMonsoon
29.3,18.8,23.9,1015.2,56,0,14.7,306,0.0,0,0.0,24.1,66.0,11,331,PostMonsoon
26.2,20.0,23.0,1012.7,68,3,18.8,278,0.0,0,0.0,23.9,56.0,11,332,PostMonsoon
28.3,22.3,24.6,1012.5,65,4,22.1,275,0.0,1,0.0,23.0,68.0,11,333,PostMonsoon
28.8,20.2,24.2,1015.0,64,1,14.5,270,0.0,0,0.0,24.6,65.0,11,334,PostMonsoon
27.5,20.8,23.9,1016.2,55,16,21.9,36,0.0,1,0.0,24.2,64.0,12,335,Winter
27.2,18.7,23.0,1016.7,54,4,16.1,42,0.0,0,0.0,23.9,55.0,12,336,Winter
26.6,18.4,22.3,1019.2,49,17,27.4,58,0.0,3,0.0,23.0,54.0,12,337,Winter
26.7,17.6,21.8,1019.1,41,22,19.2,54,0.0,3,0.0,22.3,49.0,12,338,Winter
27.4,16.2,21.6,1019.0,39,39,17.4,59,0.0,3,0.0,21.8,41.0,12,339,Winter
27.6,17.6,22.1,1019.2,40,55,23.7,50,0.0,3,0.0,21.6,39.0,12,340,Winter
27.4,16.5,21.7,1017.6,47,4,16.1,16,0.0,1,0.0,22.1,40.0,12,341,Winter
26.4,15.4,21.2,1015.2,67,1,10.3,7,0.0,1,0.0,21.7,47.0,12,342,Winter
26.3,15.5,21.3,1013.8,67,0,15.5,257,0.0,0,0.0,21.2,67.0,12,343,Winter
26.3,19.4,22.8,1011.5,79,39,21.8,272,3.6,55,0.0,21.3,67.0,12,344,Winter
22.8,16.8,19.7,1013.6,62,25,26.6,59,0.8,53,3.6,22.8,79.0,12,345,Winter
23.3,15.1,18.7,1015.8,60,0,21.4,64,0.0,0,0.8,19.7,62.0,12,346,Winter
23.8,14.3,19.0,1016.2,62,1,13.4,64,0.0,0,0.0,18.7,60.0,12,347,Winter
24.5,14.8,19.3,1017.9,58,0,16.9,70,0.0,0,0.0,19.0,62.0,12,348,Winter
24.2,14.3,19.1,1018.2,51,0,15.6,59,0.0,0,0.0,19.3,58.0,12,349,Winter
25.3,13.7,19.1,1018.3,45,0,15.2,67,0.0,0,0.0,19.1,51.0,12,350,Winter
25.2,14.9,19.3,1018.7,41,0,27.2,55,0.0,0,0.0,19.1,45.0,12,351,Winter
25.3,14.7,19.5,1016.7,37,0,19.9,46,0.0,0,0.0,19.3,41.0,12,352,Winter
25.7,13.8,19.6,1016.2,41,0,13.7,56,0.0,0,0.0,19.5,37.0,12,353,Winter
26.8,14.7,20.5,1017.1,43,0,13.3,49,0.0,0,0.0,19.6,41.0,12,354,Winter
26.6,14.5,20.8,1018.0,50,0,10.4,40,0.0,0,0.0,20.5,43.0,12,355,Winter
27.8,17.0,22.0,1017.7,43,64,25.2,63,0.0,3,0.0,20.8,50.0,12,356,Winter
21.5,17.9,19.8,1016.4,77,91,14.3,271,9.0,61,0.0,22.0,43.0,12,357,Winter
26.1,20.0,22.3,1014.6,75,31,12.6,304,0.0,3,9.0,19.8,77.0,12,358,Winter
24.6,15.4,20.1,1015.2,72,0,10.7,337,0.0,0,0.0,22.3,75.0,12,359,Winter
23.6,13.2,18.9,1015.7,67,0,10.7,333,0.0,0,0.0,20.1,72.0,12,360,Winter
23.5,12.3,18.0,1016.8,61,0,12.4,37,0.0,0,0.0,18.9,67.0,12,361,Winter
23.0,12.2,17.6,1015.5,60,0,13.1,319,0.0,0,0.0,18.0,61.0,12,362,Winter
22.0,12.2,17.0,1015.2,42,0,17.8,351,0.0,0,0.0,17.6,60.0,12,363,Winter
23.0,11.4,16.7,1017.6,43,9,14.0,45,0.0,3,0.0,17.0,42.0,12,364,Winter
22.9,11.3,16.6,1017.7,41,22,13.3,20,0.0,3,0.0,16.7,43.0,12,365,Winter
22.8,10.4,16.8,1017.1,61,0,10.6,42,0.0,0,0.0,16.6,41.0,1,1,Winter
24.1,11.2,17.6,1018.1,53,1,12.4,68,0.0,0,0.0,16.8,61.0,1,2,Winter
24.4,13.5,18.3,1019.8,35,7,20.5,59,0.0,1,0.0,17.6,53.0,1,3,Winter
24.7,13.6,18.7,1019.4,33,8,17.0,58,0.0,2,0.0,18.3,35.0,1,4,Winter
24.1,14.1,18.9,1018.1,36,64,16.8,53,0.0,3,0.0,18.7,33.0,1,5,Winter
24.3,15.3,19.4,1017.8,40,61,25.6,59,0.0,3,0.0,18.9,36.0,1,6,Winter
23.6,15.7,19.1,1016.1,48,57,32.7,71,0.0,3,0.0,19.4,40.0,1,7,Winter
20.4,15.6,17.8,1016.1,72,69,15.8,87,7.6,61,0.0,19.1,48.0,1,8,Winter
21.2,14.7,17.9,1016.6,71,32,23.9,273,0.0,2,7.6,17.8,72.0,1,9,Winter
21.5,15.0,18.3,1016.6,64,9,21.1,289,0.0,1,0.0,17.9,71.0,1,10,Winter
21.9,12.1,16.6,1018.3,62,80,21.7,62,0.0,3,0.0,18.3,64.0,1,11,Winter
21.5,13.9,16.9,1019.2,44,82,26.1,54,0.0,3,0.0,16.6,62.0,1,12,Winter
23.6,12.2,17.6,1018.6,49,15,13.2,55,0.0,3,0.0,16.9,44.0,1,13,Winter
25.6,14.0,19.3,1017.9,46,67,17.3,59,0.0,3,0.0,17.6,49.0,1,14,Winter
27.0,15.5,21.1,1017.1,39,93,14.3,61,0.0,3,0.0,19.3,46.0,1,15,Winter
26.9,17.1,21.6,1017.6,41,96,13.8,41,0.0,3,0.0,21.1,39.0,1,16,Winter
25.1,15.1,20.4,1017.0,59,47,25.5,303,0.0,3,0.0,21.6,41.0,1,17,Winter
21.1,11.3,16.3,1015.2,36,0,23.4,318,0.0,0,0.0,20.4,59.0,1,18,Winter
22.6,11.0,16.8,1013.9,34,64,16.5,8,0.0,3,0.0,16.3,36.0,1,19,Winter
21.9,10.6,16.3,1015.9,40,60,12.8,34,0.0,3,0.0,16.8,34.0,1,20,Winter
22.4,10.6,16.5,1015.7,38,32,15.9,44,0.0,3,0.0,16.3,40.0,1,21,Winter
22.2,12.7,17.4,1013.9,45,31,14.0,7,0.0,3,0.0,16.5,38.0,1,22,Winter
22.5,12.7,17.5,1014.3,52,35,14.9,26,0.0,3,0.0,17.4,45.0,1,23,Winter
21.1,12.0,16.6,1015.0,40,30,19.6,74,0.0,3,0.0,17.5,52.0,1,24,Winter
20.5,12.8,16.7,1014.7,38,45,20.9,66,0.0,3,0.0,16.6,40.0,1,25,Winter
20.2,12.4,16.2,1015.9,42,9,16.9,52,0.0,1,0.0,16.7,38.0,1,26,Winter
21.4,11.7,16.5,1017.1,39,2,16.9,74,0.0,0,0.0,16.2,42.0,1,27,Winter
22.2,12.0,17.6,1015.1,55,14,17.1,210,0.0,2,0.0,16.5,39.0,1,28,Winter
24.2,18.7,21.0,1011.9,69,28,24.5,277,1.5,51,0.0,17.6,55.0,1,29,Winter
22.7,12.9,18.2,1011.6,37,0,23.1,324,0.0,0,1.5,21.0,69.0,1,30,Winter
23.9,11.9,18.1,1013.7,52,0,17.2,107,0.0,0,0.0,18.2,37.0,1,31,Winter
23.6,12.5,18.3,1013.1,57,5,19.4,151,0.0,1,0.0,18.1,52.0,2,32,Winter
22.6,15.8,19.9,1009.4,54,38,38.1,266,4.1,61,0.0,18.3,57.0,2,33,Winter
19.1,10.8,15.2,1013.9,63,0,11.9,352,0.0,0,4.1,19.9,54.0,2,34,Winter
20.3,10.3,15.8,1014.5,62,6,14.9,163,0.0,1,0.0,15.2,63.0,2,35,Winter
19.1,11.7,15.2,1014.8,46,0,32.7,313,0.0,0,0.0,15.8,62.0,2,36,Winter
16.1,7.7,12.1,1016.8,30,0,31.9,316,0.0,0,0.0,15.2,46.0,2,37,Winter
18.7,8.1,13.5,1016.2,34,0,24.1,322,0.0,0,0.0,12.1,30.0,2,38,Winter
21.1,8.3,15.0,1017.1,37,0,14.8,344,0.0,0,0.0,13.5,34.0,2,39,Winter
21.4,9.2,15.5,1019.5,42,0,14.8,352,0.0,0,0.0,15.0,37.0,2,40,Winter
22.1,9.3,16.2,1016.8,58,0,11.8,331,0.0,0,0.0,15.5,42.0,2,41,Winter
25.4,11.4,18.3,1017.0,41,0,13.1,11,0.0,0,0.0,16.2,58.0,2,42,Winter
26.0,12.1,19.1,1018.8,27,0,15.7,48,0.0,0,0.0,18.3,41.0,2,43,Winter
25.1,12.0,18.6,1018.4,34,0,15.3,27,0.0,0,0.0,19.1,27.0,2,44,Winter
24.5,13.5,19.0,1016.7,63,0,18.7,278,0.0,0,0.0,18.6,34.0,2,45,Winter
26.6,14.6,20.3,1016.0,76,0,11.6,280,0.0,0,0.0,19.0,63.0,2,46,Winter
27.5,14.6,20.7,1016.7,67,5,19.1,289,0.0,1,0.0,20.3,76.0,2,47,Winter
29.1,18.0,22.3,1014.8,74,8,14.5,274,0.0,1,0.0,20.7,67.0,2,48,Winter
31.1,15.7,22.9,1013.6,57,0,15.1,289,0.0,0,0.0,22.3,74.0,2,49,Winter
29.5,15.8,22.2,1014.1,58,0,16.5,267,0.0,0,0.0,22.9,57.0,2,50,Winter
28.7,15.8,21.5,1014.2,68,0,16.8,267,0.0,0,0.0,22.2,58.0,2,51,Winter
26.6,16.4,21.0,1013.9,78,23,25.4,256,0.0,3,0.0,21.5,68.0,2,52,Winter
30.2,19.2,23.7,1012.2,59,12,23.1,281,0.0,3,0.0,21.0,78.0,2,53,Winter
27.5,15.6,21.4,1013.6,27,0,21.1,307,0.0,0,0.0,23.7,59.0,2,54,Winter
28.1,13.5,21.0,1015.1,41,0,13.2,331,0.0,0,0.0,21.4,27.0,2,55,Winter
29.4,13.8,21.5,1015.7,45,0,14.2,308,0.0,0,0.0,21.0,41.0,2,56,Winter
30.0,13.3,21.6,1015.6,43,0,16.9,329,0.0,0,0.0,21.5,45.0,2,57,Winter
29.9,14.6,21.9,1015.7,56,0,17.1,290,0.0,0,0.0,21.6,43.0,2,58,Winter
29.6,15.0,21.7,1015.2,69,0,18.9,284,0.0,0,0.0,21.9,56.0,2,59,Winter
28.0,15.4,21.4,1012.6,77,1,20.4,271,0.0,0,0.0,21.7,69.0,2,60,Winter
27.3,18.2,22.0,1010.1,81,36,18.2,256,0.0,3,0.0,21.4,77.0,3,61,HotDry
29.9,18.4,22.9,1010.3,79,42,19.4,273,0.0,3,0.0,22.0,81.0,3,62,HotDry
29.6,18.9,23.0,1011.7,75,16,17.9,264,0.0,2,0.0,22.9,79.0,3,63,HotDry
29.0,16.4,22.4,1010.1,74,13,23.0,264,0.0,1,0.0,23.0,75.0,3,64,HotDry
27.7,19.9,22.8,1010.8,78,40,19.2,266,0.0,3,0.0,22.4,74.0,3,65,HotDry
27.4,20.2,22.9,1012.6,79,36,22.9,269,0.0,3,0.0,22.8,78.0,3,66,HotDry
30.2,17.5,23.6,1013.5,72,22,19.7,276,0.0,3,0.0,22.9,79.0,3,67,HotDry
30.4,18.5,24.1,1013.2,58,40,19.5,280,0.0,3,0.0,23.6,72.0,3,68,HotDry
30.8,17.1,23.9,1012.1,62,3,17.4,286,0.0,1,0.0,24.1,58.0,3,69,HotDry
32.3,18.1,25.0,1012.3,52,20,19.0,312,0.0,1,0.0,23.9,62.0,3,70,HotDry
33.7,24.3,28.3,1011.5,27,30,31.4,25,0.0,2,0.0,25.0,52.0,3,71,HotDry
33.2,22.6,27.9,1010.6,31,4,19.6,52,0.0,0,0.0,28.3,27.0,3,72,HotDry
33.1,20.7,27.3,1010.7,40,0,16.6,14,0.0,0,0.0,27.9,31.0,3,73,HotDry
33.7,20.3,27.2,1011.4,45,0,20.6,295,0.0,0,0.0,27.3,40.0,3,74,HotDry
33.9,20.8,27.2,1010.9,46,0,21.6,288,0.0,0,0.0,27.2,45.0,3,75,HotDry
31.9,21.6,25.9,1010.0,61,0,23.6,273,0.0,0,0.0,27.2,46.0,3,76,HotDry
30.7,20.9,25.1,1008.7,66,0,25.0,263,0.0,0,0.0,25.9,61.0,3,77,HotDry
29.1,20.9,24.4,1006.5,75,3,25.7,261,0.0,1,0.0,25.1,66.0,3,78,HotDry
35.5,16.9,26.5,1005.7,50,7,19.1,295,0.0,2,0.0,24.4,75.0,3,79,HotDry
34.7,20.3,26.6,1006.0,52,0,21.6,256,0.0,0,0.0,26.5,50.0,3,80,HotDry
30.9,20.5,25.2,1006.3,69,0,21.0,258,0.0,0,0.0,26.6,52.0,3,81,HotDry
32.8,20.4,25.7,1006.3,72,7,19.2,273,0.0,2,0.0,25.2,69.0,3,82,HotDry
35.6,19.8,27.7,1007.4,57,5,17.3,307,0.0,1,0.0,25.7,72.0,3,83,HotDry
36.0,21.3,28.7,1007.4,51,10,20.2,287,0.0,1,0.0,27.7,57.0,3,84,HotDry
34.6,22.2,27.9,1007.2,49,2,25.5,286,0.0,1,0.0,28.7,51.0,3,85,HotDry
33.8,21.8,27.3,1008.3,54,0,28.1,282,0.0,0,0.0,27.9,49.0,3,86,HotDry
34.1,22.3,27.7,1008.5,44,0,29.2,279,0.0,0,0.0,27.3,54.0,3,87,HotDry
32.6,22.4,26.7,1008.1,61,27,28.2,269,0.0,3,0.0,27.7,44.0,3,88,HotDry
30.1,22.1,25.7,1008.0,73,8,25.5,249,0.0,1,0.0,26.7,61.0,3,89,HotDry
29.8,22.3,25.6,1007.3,76,28,26.5,244,0.0,3,0.0,25.7,73.0,3,90,HotDry
29.9,22.5,25.9,1005.3,74,4,29.6,248,0.0,1,0.0,25.6,76.0,3,91,HotDry
30.2,23.1,26.0,1006.0,74,46,30.0,248,0.0,3,0.0,25.9,74.0,4,92,HotDry
29.6,22.8,25.6,1008.4,74,11,29.5,258,0.0,1,0.0,26.0,74.0,4,93,HotDry
28.7,23.2,25.7,1008.7,73,49,28.6,247,0.0,3,0.0,25.6,74.0,4,94,HotDry
29.2,23.7,25.7,1006.3,79,28,22.6,234,2.4,53,0.0,25.7,73.0,4,95,HotDry
28.2,22.7,25.0,1008.7,75,41,21.7,222,0.0,3,2.4,25.7,79.0,4,96,HotDry
29.8,21.8,25.5,1013.6,68,60,19.3,238,0.0,3,0.0,25.0,75.0,4,97,HotDry
33.1,22.2,27.0,1013.0,62,10,21.5,286,0.0,2,0.0,25.5,68.0,4,98,HotDry
33.5,21.9,27.0,1010.7,64,27,26.6,278,0.0,3,0.0,27.0,62.0,4,99,HotDry
30.8,22.6,26.1,1010.2,71,2,23.6,266,0.0,0,0.0,27.0,64.0,4,100,HotDry
30.0,23.1,25.9,1011.1,76,26,23.7,265,0.0,3,0.0,26.1,71.0,4,101,HotDry
31.0,23.8,26.8,1007.9,78,16,28.4,263,0.0,2,0.0,25.9,76.0,4,102,HotDry
33.5,24.8,28.4,1005.8,66,0,24.6,262,0.0,0,0.0,26.8,78.0,4,103,HotDry
31.9,24.4,27.6,1006.0,64,4,28.6,259,0.0,1,0.0,28.4,66.0,4,104,HotDry
31.5,24.1,27.4,1004.9,69,40,30.2,254,0.0,3,0.0,27.6,64.0,4,105,HotDry
36.0,24.5,29.3,1005.9,61,68,21.9,262,0.0,3,0.0,27.4,69.0,4,106,HotDry
34.1,25.2,29.6,1008.3,32,77,16.1,310,0.0,3,0.0,29.3,61.0,4,107,HotDry
35.2,19.8,27.8,1009.0,44,10,21.7,274,0.0,3,0.0,29.6,32.0,4,108,HotDry
33.2,20.8,26.9,1007.5,62,0,26.5,270,0.0,0,0.0,27.8,44.0,4,109,HotDry
31.4,21.9,26.5,1007.5,73,1,26.0,256,0.0,0,0.0,26.9,62.0,4,110,HotDry
32.6,24.4,27.6,1007.9,75,16,24.1,264,0.0,2,0.0,26.5,73.0,4,111,HotDry
31.4,24.7,27.3,1007.7,76,30,23.9,262,0.0,3,0.0,27.6,75.0,4,112,HotDry
31.3,23.5,26.9,1008.4,72,17,27.2,259,0.0,2,0.0,27.3,76.0,4,113,HotDry
34.4,23.8,28.5,1008.7,63,9,24.4,267,0.0,2,0.0,26.9,72.0,4,114,HotDry
37.2,23.3,29.8,1007.7,57,13,20.7,242,0.0,2,0.0,28.5,63.0,4,115,HotDry
40.0,24.1,31.2,1006.7,53,0,22.0,268,0.0,0,0.0,29.8,57.0,4,116,HotDry
40.4,24.0,31.7,1005.8,46,0,26.9,281,0.0,0,0.0,31.2,53.0,4,117,HotDry
36.5,25.8,30.4,1003.4,55,27,26.1,267,0.0,3,0.0,31.7,46.0,4,118,HotDry
33.1,24.8,28.5,1001.6,68,53,27.2,246,0.0,3,0.0,30.4,55.0,4,119,HotDry
32.8,24.4,28.1,1002.4,70,12,27.9,245,0.0,1,0.0,28.5,68.0,4,120,HotDry
31.9,24.9,27.8,1005.6,77,20,27.9,257,0.0,2,0.0,28.1,70.0,4,121,HotDry
32.1,25.1,28.0,1005.1,76,25,31.5,261,0.0,3,0.0,27.8,77.0,5,122,HotDry
32.8,25.3,28.4,1002.6,74,2,36.8,260,0.0,0,0.0,28.0,76.0,5,123,HotDry
32.9,25.7,29.0,1001.5,70,0,34.0,255,0.0,0,0.0,28.4,74.0,5,124,HotDry
33.9,26.8,29.8,1002.1,63,0,38.0,253,0.0,0,0.0,29.0,70.0,5,125,HotDry
33.8,26.8,29.6,1002.8,67,0,30.4,258,0.0,0,0.0,29.8,63.0,5,126,HotDry
32.8,25.4,28.5,1002.4,76,5,27.2,248,0.0,2,0.0,29.6,67.0,5,127,HotDry
31.3,25.8,28.4,1003.4,81,70,28.5,228,0.0,3,0.0,28.5,76.0,5,128,HotDry
31.4,26.3,28.6,1006.0,78,56,26.4,234,0.0,3,0.0,28.4,81.0,5,129,HotDry
31.6,26.7,28.8,1006.6,75,37,29.3,252,0.0,2,0.0,28.6,78.0,5,130,HotDry
31.5,26.3,28.4,1006.2,75,22,33.4,260,0.0,2,0.0,28.8,75.0,5,131,HotDry
31.5,25.9,28.3,1005.6,76,31,35.8,258,0.0,2,0.0,28.4,75.0,5,132,HotDry
31.7,26.2,28.5,1004.7,79,33,36.6,253,0.0,2,0.0,28.3,76.0,5,133,HotDry
31.8,26.1,28.6,1005.5,78,37,32.7,252,0.0,2,0.0,28.5,79.0,5,134,HotDry
31.7,26.4,28.6,1006.6,77,41,34.3,253,0.0,3,0.0,28.6,78.0,5,135,HotDry
31.8,26.6,28.7,1006.3,76,30,34.4,254,0.0,2,0.0,28.6,77.0,5,136,HotDry
32.4,26.9,29.0,1006.2,75,28,35.4,256,0.0,2,0.0,28.7,76.0,5,137,HotDry
31.9,26.5,28.9,1005.2,75,41,35.9,257,0.0,3,0.0,29.0,75.0,5,138,HotDry
31.8,26.7,29.0,1001.1,77,34,38.6,251,0.0,2,0.0,28.9,75.0,5,139,HotDry
33.0,27.0,29.4,999.9,77,1,34.9,237,0.0,0,0.0,29.0,77.0,5,140,HotDry
32.3,26.7,29.0,1001.7,80,23,34.5,233,0.0,2,0.0,29.4,77.0,5,141,HotDry
31.7,26.8,28.8,1002.0,79,43,37.5,241,0.0,2,0.0,29.0,80.0,5,142,HotDry
32.2,27.0,29.0,1000.9,77,29,35.5,246,0.0,3,0.0,28.8,79.0,5,143,HotDry
32.6,26.1,28.9,1002.7,77,13,29.4,250,0.0,1,0.0,29.0,77.0,5,144,HotDry
32.0,26.4,28.6,1004.2,75,35,29.1,258,0.0,2,0.0,28.9,77.0,5,145,HotDry
32.6,26.9,29.0,1003.5,72,27,34.0,255,0.0,2,0.0,28.6,75.0,5,146,HotDry
33.1,26.0,29.0,1005.0,76,13,33.7,256,0.0,1,0.0,29.0,72.0,5,147,HotDry
32.8,26.8,29.1,1005.8,77,11,34.3,256,0.0,1,0.0,29.0,76.0,5,148,HotDry
32.3,27.2,29.3,1002.7,76,17,40.3,257,0.0,2,0.0,29.1,77.0,5,149,HotDry
33.2,27.2,29.7,1000.8,76,2,39.5,249,0.0,0,0.0,29.3,76.0,5,150,HotDry
32.8,27.0,29.4,1002.4,79,28,31.3,244,0.0,2,0.0,29.7,76.0,5,151,HotDry
32.7,27.2,29.5,1001.6,79,42,32.5,242,0.0,2,0.0,29.4,79.0,5,152,HotDry
33.2,27.2,29.8,1000.0,79,26,26.9,233,0.0,2,0.0,29.5,79.0,6,153,Monsoon
33.2,27.2,29.8,1000.5,78,31,22.1,206,0.0,2,0.0,29.8,79.0,6,154,Monsoon
33.5,27.7,30.3,1002.8,74,25,21.1,198,0.0,3,0.0,29.8,78.0,6,155,Monsoon
33.6,28.2,30.5,1004.8,72,23,23.7,232,0.0,2,0.0,30.3,74.0,6,156,Monsoon
33.2,28.0,30.1,1002.7,70,16,26.8,241,0.0,2,0.0,30.5,72.0,6,157,Monsoon
33.2,28.1,30.2,998.6,73,36,26.8,238,0.0,2,0.0,30.1,70.0,6,158,Monsoon
33.7,28.2,30.7,997.4,73,24,22.8,235,0.0,2,0.0,30.2,73.0,6,159,Monsoon
34.2,28.4,31.0,998.1,69,20,21.0,254,0.0,2,0.0,30.7,73.0,6,160,Monsoon
36.1,28.2,31.5,997.6,68,70,24.5,278,0.0,3,0.0,31.0,69.0,6,161,Monsoon
38.5,29.8,33.2,997.2,61,100,24.1,105,0.2,51,0.0,31.5,68.0,6,162,Monsoon
35.9,28.8,31.7,998.4,71,47,20.4,176,0.0,3,0.2,33.2,61.0,6,163,Monsoon
34.6,28.6,30.8,998.0,74,38,22.9,187,0.0,3,0.0,31.7,71.0,6,164,Monsoon
35.2,28.8,31.4,995.9,72,89,27.1,249,0.0,3,0.0,30.8,74.0,6,165,Monsoon
32.8,29.1,30.6,993.6,76,95,28.6,239,0.0,3,0.0,31.4,72.0,6,166,Monsoon
33.4,28.3,30.5,992.4,76,31,29.5,234,0.0,2,0.0,30.6,76.0,6,167,Monsoon
33.2,28.3,30.4,993.2,76,84,24.6,230,0.0,3,0.0,30.5,76.0,6,168,Monsoon
32.8,28.1,30.0,994.2,76,87,28.3,235,0.0,3,0.0,30.4,76.0,6,169,Monsoon
32.8,27.6,29.7,994.3,77,72,34.6,239,0.0,3,0.0,30.0,76.0,6,170,Monsoon
32.8,27.9,29.7,995.9,77,73,31.4,240,0.0,3,0.0,29.7,77.0,6,171,Monsoon
31.9,27.6,29.5,998.9,77,89,31.6,237,0.0,3,0.0,29.7,77.0,6,172,Monsoon
31.7,27.9,29.6,1000.2,74,77,32.1,243,0.0,3,0.0,29.5,77.0,6,173,Monsoon
32.1,27.9,29.8,999.5,73,61,30.3,241,0.0,3,0.0,29.6,74.0,6,174,Monsoon
32.7,27.9,29.9,999.4,73,51,24.9,235,0.0,3,0.0,29.8,73.0,6,175,Monsoon
32.3,27.7,29.7,998.7,73,55,27.1,237,0.0,2,0.0,29.9,73.0,6,176,Monsoon
32.5,27.9,30.0,999.2,72,83,20.7,227,0.0,3,0.0,29.7,73.0,6,177,Monsoon
32.8,28.6,30.5,999.5,70,58,22.3,214,0.0,3,0.0,30.0,72.0,6,178,Monsoon
32.6,28.1,30.1,998.5,71,54,23.9,208,0.0,3,0.0,30.5,70.0,6,179,Monsoon
31.9,28.2,29.9,996.7,74,61,22.8,215,0.6,51,0.0,30.1,71.0,6,180,Monsoon
33.8,27.7,30.3,996.7,75,28,24.7,222,0.0,3,0.6,29.9,74.0,6,181,Monsoon
34.0,28.6,30.6,997.7,75,62,22.2,247,0.0,3,0.0,30.3,75.0,6,182,Monsoon
32.8,27.9,29.9,999.4,73,69,28.4,252,0.0,3,0.0,30.6,75.0,7,183,Monsoon
32.4,27.6,29.5,1000.5,71,71,31.1,254,0.0,3,0.0,29.9,73.0,7,184,Monsoon
31.8,27.4,29.4,999.3,71,72,35.3,249,0.0,3,0.0,29.5,71.0,7,185,Monsoon
31.8,27.8,29.5,998.1,73,80,35.3,242,0.1,51,0.0,29.4,71.0,7,186,Monsoon
32.2,27.8,29.5,996.8,74,55,31.5,239,0.0,3,0.1,29.5,73.0,7,187,Monsoon
32.2,27.7,29.4,996.5,77,62,38.0,243,0.0,3,0.0,29.5,74.0,7,188,Monsoon
31.3,27.7,29.1,997.9,74,82,36.4,250,0.0,3,0.0,29.4,77.0,7,189,Monsoon
31.9,27.3,29.2,998.2,71,85,33.9,250,0.0,3,0.0,29.1,74.0,7,190,Monsoon
31.2,27.3,29.0,999.0,72,68,29.4,249,0.0,3,0.0,29.2,71.0,7,191,Monsoon
32.1,27.0,29.2,1000.6,70,75,24.5,244,0.0,3,0.0,29.0,72.0,7,192,Monsoon
31.8,27.5,29.4,998.6,68,81,24.1,246,0.0,3,0.0,29.2,70.0,7,193,Monsoon
30.9,27.5,29.1,996.3,71,86,27.1,237,0.0,3,0.0,29.4,68.0,7,194,Monsoon
32.1,26.8,29.2,998.6,75,70,22.7,227,0.0,3,0.0,29.1,71.0,7,195,Monsoon
31.4,27.3,29.0,1001.2,75,63,25.0,234,0.0,3,0.0,29.2,75.0,7,196,Monsoon
30.9,27.0,28.6,1000.9,76,71,28.6,244,0.0,3,0.0,29.0,75.0,7,197,Monsoon
30.7,26.3,28.2,998.9,74,66,27.8,242,0.0,3,0.0,28.6,76.0,7,198,Monsoon
31.2,26.8,28.7,998.5,72,65,26.5,242,0.0,3,0.0,28.2,74.0,7,199,Monsoon
31.4,26.8,28.7,999.2,72,69,27.3,242,0.0,3,0.0,28.7,72.0,7,200,Monsoon
30.6,26.7,28.5,999.0,72,85,26.1,241,0.0,3,0.0,28.7,72.0,7,201,Monsoon
31.2,26.9,28.8,998.9,72,82,23.4,227,0.0,3,0.0,28.5,72.0,7,202,Monsoon
31.2,27.2,28.9,1000.4,77,60,22.2,226,0.2,51,0.0,28.8,72.0,7,203,Monsoon
31.0,26.6,28.6,999.5,77,59,20.6,236,0.0,3,0.2,28.9,77.0,7,204,Monsoon
31.0,26.6,28.6,999.9,75,62,19.4,242,0.0,3,0.0,28.6,77.0,7,205,Monsoon
31.2,27.0,28.8,999.8,73,82,28.9,252,0.1,51,0.0,28.6,75.0,7,206,Monsoon
30.7,26.9,28.4,997.7,74,68,33.0,252,0.0,3,0.1,28.8,73.0,7,207,Monsoon
30.8,26.6,28.4,997.0,76,62,23.6,246,0.0,3,0.0,28.4,74.0,7,208,Monsoon
31.7,26.6,28.7,998.1,76,63,22.8,247,0.0,3,0.0,28.4,76.0,7,209,Monsoon
32.1,26.5,28.9,997.5,74,81,23.6,259,0.0,3,0.0,28.7,76.0,7,210,Monsoon
31.3,26.8,28.4,996.3,80,99,31.8,277,5.7,61,0.0,28.9,74.0,7,211,Monsoon
31.6,26.5,28.5,996.3,83,91,28.1,269,5.9,61,5.7,28.4,80.0,7,212,Monsoon
31.3,27.3,28.9,997.4,83,92,18.7,251,0.0,3,5.9,28.5,83.0,7,213,Monsoon
31.2,27.3,28.8,999.0,82,97,23.5,238,0.0,3,0.0,28.9,83.0,8,214,Monsoon
30.8,26.7,28.4,999.5,82,99,20.4,257,0.0,3,0.0,28.8,82.0,8,215,Monsoon
28.8,26.8,27.6,999.5,87,98,15.4,260,14.3,61,0.0,28.4,82.0,8,216,Monsoon
30.2,26.5,28.1,1000.6,84,56,16.4,232,0.4,51,14.3,27.6,87.0,8,217,Monsoon
30.0,26.4,28.0,1001.3,83,96,21.6,253,0.0,3,0.4,28.1,84.0,8,218,Monsoon
29.3,26.6,27.7,1001.2,81,90,28.8,255,0.4,51,0.0,28.0,83.0,8,219,Monsoon
29.1,26.3,27.5,998.5,83,59,36.6,255,1.1,51,0.4,27.7,81.0,8,220,Monsoon
30.2,26.2,27.8,997.2,84,46,34.0,255,0.1,51,1.1,27.5,83.0,8,221,Monsoon
30.0,26.3,27.8,997.0,83,67,28.6,251,0.2,51,0.1,27.8,84.0,8,222,Monsoon
30.9,26.2,28.2,996.5,82,54,20.8,257,0.0,3,0.2,27.8,83.0,8,223,Monsoon
31.7,26.4,28.6,994.9,82,77,21.0,255,0.0,3,0.0,28.2,82.0,8,224,Monsoon
31.2,26.9,28.5,995.1,83,98,25.2,246,0.7,53,0.0,28.6,82.0,8,225,Monsoon
29.7,27.0,27.9,998.1,84,100,20.7,251,0.3,51,0.7,28.5,83.0,8,226,Monsoon
30.5,26.6,28.0,999.0,81,84,23.3,249,0.1,51,0.3,27.9,84.0,8,227,Monsoon
30.7,26.1,27.9,998.4,79,73,23.0,243,0.0,3,0.1,28.0,81.0,8,228,Monsoon
30.5,25.7,27.7,999.2,78,56,23.5,244,0.0,3,0.0,27.9,79.0,8,229,Monsoon
30.3,25.8,27.7,1001.8,77,65,23.7,244,0.0,3,0.0,27.7,78.0,8,230,Monsoon
30.5,25.8,27.7,1002.8,75,51,27.9,251,0.0,3,0.0,27.7,77.0,8,231,Monsoon
30.2,25.3,27.4,1003.5,75,46,28.2,249,0.0,2,0.0,27.7,75.0,8,232,Monsoon
30.3,25.4,27.5,1005.0,74,77,32.9,255,0.0,3,0.0,27.4,75.0,8,233,Monsoon
29.5,25.9,27.6,1004.0,74,93,30.7,252,0.0,3,0.0,27.5,74.0,8,234,Monsoon
29.9,26.1,27.8,1003.4,77,79,25.0,249,0.2,51,0.0,27.6,74.0,8,235,Monsoon
30.0,25.7,27.7,1004.3,79,41,20.9,253,0.0,3,0.2,27.8,77.0,8,236,Monsoon
30.5,25.8,27.8,1005.6,76,32,22.7,259,0.0,2,0.0,27.7,79.0,8,237,Monsoon
30.5,26.0,28.1,1005.7,75,34,21.0,254,0.0,3,0.0,27.8,76.0,8,238,Monsoon
31.5,26.7,28.7,1005.0,70,70,22.3,252,0.0,3,0.0,28.1,75.0,8,239,Monsoon
31.1,26.7,28.7,1004.2,70,65,22.7,243,0.0,3,0.0,28.7,70.0,8,240,Monsoon
31.2,26.6,28.6,1003.9,71,49,25.2,246,0.0,3,0.0,28.7,70.0,8,241,Monsoon
30.0,26.4,28.0,1003.1,72,58,27.8,247,0.0,3,0.0,28.6,71.0,8,242,Monsoon
29.5,26.0,27.6,1003.4,72,61,28.1,248,0.0,3,0.0,28.0,72.0,8,243,Monsoon
29.9,25.5,27.4,1005.2,73,46,22.1,250,0.0,2,0.0,27.6,72.0,8,244,Monsoon
30.2,25.5,27.5,1006.8,76,44,22.4,258,0.0,3,0.0,27.4,73.0,9,245,Monsoon
31.5,25.4,27.8,1007.0,75,22,20.9,256,0.0,2,0.0,27.5,76.0,9,246,Monsoon
31.4,25.6,28.1,1006.0,75,17,25.4,260,0.0,2,0.0,27.8,75.0,9,247,Monsoon
31.0,26.1,28.1,1005.8,74,33,28.3,256,0.0,2,0.0,28.1,75.0,9,248,Monsoon
30.2,25.7,27.5,1004.6,74,46,31.6,252,0.0,2,0.0,28.1,74.0,9,249,Monsoon
29.9,25.8,27.5,1003.3,77,52,26.8,246,0.0,3,0.0,27.5,74.0,9,250,Monsoon
31.6,25.7,27.8,1006.2,77,38,21.3,267,0.0,3,0.0,27.5,77.0,9,251,Monsoon
32.4,25.1,28.1,1006.9,74,10,21.6,277,0.0,1,0.0,27.8,77.0,9,252,Monsoon
34.3,25.0,28.7,1006.0,69,3,24.1,281,0.0,1,0.0,28.1,74.0,9,253,Monsoon
34.8,24.5,28.8,1004.3,67,0,23.9,287,0.0,0,0.0,28.7,69.0,9,254,Monsoon
38.7,24.6,30.8,1002.9,54,0,21.1,309,0.0,0,0.0,28.8,67.0,9,255,Monsoon
40.2,27.2,33.1,1001.8,41,19,20.0,354,0.0,2,0.0,30.8,54.0,9,256,Monsoon
39.9,28.7,33.5,1001.1,44,47,19.2,337,0.0,3,0.0,33.1,41.0,9,257,Monsoon
38.4,27.0,31.2,1001.7,63,43,24.7,274,0.0,3,0.0,33.5,44.0,9,258,Monsoon
35.2,26.7,30.0,1001.9,72,89,27.0,275,0.0,3,0.0,31.2,63.0,9,259,Monsoon
32.6,25.8,28.6,1001.2,78,62,25.5,265,0.0,3,0.0,30.0,72.0,9,260,Monsoon
30.9,26.2,28.1,1001.7,80,58,21.3,254,0.0,3,0.0,28.6,78.0,9,261,Monsoon
32.3,25.7,28.3,1003.0,77,39,20.4,262,0.0,3,0.0,28.1,80.0,9,262,Monsoon
34.1,26.1,29.2,1002.7,75,7,23.7,276,0.0,1,0.0,28.3,77.0,9,263,Monsoon
31.0,25.2,27.6,1003.2,82,33,27.6,256,0.0,3,0.0,29.2,75.0,9,264,Monsoon
31.3,25.4,27.7,1004.0,82,33,22.7,237,0.0,2,0.0,27.6,82.0,9,265,Monsoon
30.6,25.1,27.4,1005.2,77,36,21.1,238,0.0,2,0.0,27.7,82.0,9,266,Monsoon
30.6,25.8,27.7,1006.9,69,31,21.4,246,0.0,2,0.0,27.4,77.0,9,267,Monsoon
30.7,25.4,27.6,1008.3,69,32,24.6,255,0.0,2,0.0,27.7,69.0,9,268,Monsoon
30.4,25.8,27.6,1008.8,69,39,29.7,254,0.0,2,0.0,27.6,69.0,9,269,Monsoon
29.6,25.4,27.2,1007.8,74,41,33.0,259,0.0,2,0.0,27.6,69.0,9,270,Monsoon
30.1,25.3,27.4,1006.6,76,43,29.9,250,0.0,3,0.0,27.2,74.0,9,271,Monsoon
29.7,25.7,27.5,1007.3,78,43,26.9,247,0.0,3,0.0,27.4,76.0,9,272,Monsoon
30.4,25.5,27.6,1007.8,78,34,27.4,252,0.0,2,0.0,27.5,78.0,9,273,Monsoon
31.0,25.0,27.5,1007.3,81,17,25.2,264,0.0,1,0.0,27.6,78.0,9,274,Monsoon
32.8,24.3,28.1,1006.4,80,9,15.5,205,0.0,2,0.0,27.5,81.0,10,275,PostMonsoon
31.5,25.0,27.5,1007.4,81,19,19.1,168,0.0,3,0.0,28.1,80.0,10,276,PostMonsoon
32.2,24.0,27.7,1009.9,78,16,17.8,264,0.0,2,0.0,27.5,81.0,10,277,PostMonsoon
32.6,25.4,28.3,1009.1,77,7,22.7,271,0.0,1,0.0,27.7,78.0,10,278,PostMonsoon
31.4,25.7,28.1,1008.3,80,15,29.2,256,0.0,1,0.0,28.3,77.0,10,279,PostMonsoon
31.3,25.6,27.9,1007.6,80,17,28.3,250,0.0,1,0.0,28.1,80.0,10,280,PostMonsoon
31.2,25.5,27.9,1007.6,82,41,25.4,251,0.0,3,0.0,27.9,80.0,10,281,PostMonsoon
31.0,25.5,27.9,1007.8,79,41,20.3,246,0.0,3,0.0,27.9,82.0,10,282,PostMonsoon
31.1,25.5,27.9,1010.0,75,32,20.2,236,0.0,2,0.0,27.9,79.0,10,283,PostMonsoon
30.9,24.2,27.2,1013.2,76,24,15.5,243,0.0,2,0.0,27.9,75.0,10,284,PostMonsoon
33.4,23.7,27.7,1014.1,71,21,16.5,280,0.0,3,0.0,27.2,76.0,10,285,PostMonsoon
35.4,24.2,28.9,1013.3,65,0,20.2,291,0.0,0,0.0,27.7,71.0,10,286,PostMonsoon
33.1,23.6,27.8,1011.6,75,0,22.4,267,0.0,0,0.0,28.9,65.0,10,287,PostMonsoon
31.3,25.4,27.9,1009.9,81,23,20.5,244,0.0,3,0.0,27.8,75.0,10,288,PostMonsoon
31.9,25.2,27.7,1009.3,82,23,20.3,209,0.0,2,0.0,27.9,81.0,10,289,PostMonsoon
35.3,24.1,28.8,1011.8,64,27,20.4,101,0.0,3,0.0,27.7,82.0,10,290,PostMonsoon
35.7,25.6,30.3,1012.3,50,1,18.1,8,0.0,0,0.0,28.8,64.0,10,291,PostMonsoon
36.2,24.5,30.5,1011.8,50,0,18.0,298,0.0,0,0.0,30.3,50.0,10,292,PostMonsoon
36.7,24.5,30.7,1011.5,43,0,19.1,299,0.0,0,0.0,30.5,50.0,10,293,PostMonsoon
36.0,23.5,29.9,1010.1,47,0,20.0,288,0.0,0,0.0,30.7,43.0,10,294,PostMonsoon
35.0,25.0,29.8,1010.7,45,0,18.1,289,0.0,0,0.0,29.9,47.0,10,295,PostMonsoon
35.9,24.6,29.8,1011.2,43,45,21.3,302,0.0,3,0.0,29.8,45.0,10,296,PostMonsoon
36.0,24.9,29.9,1011.0,46,1,19.0,292,0.0,0,0.0,29.8,43.0,10,297,PostMonsoon
34.9,23.9,28.6,1011.0,66,7,19.7,277,0.0,1,0.0,29.9,46.0,10,298,PostMonsoon
35.6,22.6,28.2,1009.3,66,4,21.3,265,0.0,1,0.0,28.6,66.0,10,299,PostMonsoon
33.4,22.1,27.3,1008.8,68,2,14.3,148,0.0,0,0.0,28.2,66.0,10,300,PostMonsoon
31.5,21.3,26.4,1009.3,74,10,17.0,229,0.0,2,0.0,27.3,68.0,10,301,PostMonsoon
29.7,22.0,25.8,1009.7,77,14,21.1,243,0.0,2,0.0,26.4,74.0,10,302,PostMonsoon
29.9,23.8,26.6,1010.4,74,22,21.0,238,0.0,1,0.0,25.8,77.0,10,303,PostMonsoon
30.4,23.8,27.0,1012.7,75,32,19.9,257,0.0,3,0.0,26.6,74.0,10,304,PostMonsoon
31.3,23.4,27.3,1014.5,75,4,20.9,273,0.0,1,0.0,27.0,75.0,10,305,PostMonsoon
31.9,23.5,27.5,1013.5,74,0,23.1,268,0.0,0,0.0,27.3,75.0,11,306,PostMonsoon
31.8,24.0,27.4,1012.6,77,4,18.8,262,0.0,1,0.0,27.5,74.0,11,307,PostMonsoon
32.7,23.2,27.4,1012.8,74,17,17.9,256,0.0,3,0.0,27.4,77.0,11,308,PostMonsoon
32.0,22.9,27.1,1012.2,73,6,19.0,265,0.0,2,0.0,27.4,74.0,11,309,PostMonsoon
30.5,22.9,26.4,1010.4,77,11,21.3,259,0.0,2,0.0,27.1,73.0,11,310,PostMonsoon
30.4,24.0,26.4,1010.2,77,19,17.6,245,0.0,2,0.0,26.4,77.0,11,311,PostMonsoon
32.1,20.9,26.1,1013.1,71,16,14.7,281,0.0,3,0.0,26.4,77.0,11,312,PostMonsoon
33.8,22.6,27.8,1013.9,60,0,19.2,307,0.0,0,0.0,26.1,71.0,11,313,PostMonsoon
33.1,23.2,27.6,1013.1,61,9,17.2,288,0.0,2,0.0,27.8,60.0,11,314,PostMonsoon
33.0,21.0,26.8,1013.0,66,61,14.3,290,0.0,3,0.0,27.6,61.0,11,315,PostMonsoon
32.8,20.9,26.7,1012.0,66,1,19.4,293,0.0,1,0.0,26.8,66.0,11,316,PostMonsoon
32.3,22.2,26.8,1010.6,58,0,16.2,281,0.0,0,0.0,26.7,66.0,11,317,PostMonsoon
31.3,19.6,25.6,1009.8,42,0,14.7,319,0.0,0,0.0,26.8,58.0,11,318,PostMonsoon
29.7,18.0,24.3,1011.4,34,0,13.7,36,0.0,0,0.0,25.6,42.0,11,319,PostMonsoon
29.4,18.7,24.0,1013.1,30,0,17.3,35,0.0,0,0.0,24.3,34.0,11,320,PostMonsoon
28.5,17.7,23.0,1013.5,36,0,15.5,31,0.0,0,0.0,24.0,30.0,11,321,PostMonsoon
29.3,16.6,22.8,1012.5,40,0,14.3,32,0.0,0,0.0,23.0,36.0,11,322,PostMonsoon
30.0,17.4,23.4,1012.6,38,0,13.5,20,0.0,0,0.0,22.8,40.0,11,323,PostMonsoon
30.9,15.8,23.3,1014.3,46,0,13.2,346,0.0,0,0.0,23.4,38.0,11,324,PostMonsoon
29.6,15.8,22.5,1017.2,37,0,15.0,37,0.0,0,0.0,23.3,46.0,11,325,PostMonsoon
29.0,15.6,22.2,1018.0,31,0,20.6,53,0.0,0,0.0,22.5,37.0,11,326,PostMonsoon
28.9,17.9,22.9,1017.3,28,0,19.8,54,0.0,0,0.0,22.2,31.0,11,327,PostMonsoon
29.5,15.5,22.3,1017.1,38,0,12.2,38,0.0,0,0.0,22.9,28.0,11,328,PostMonsoon
29.2,14.5,21.8,1016.0,50,3,12.9,332,0.0,0,0.0,22.3,38.0,11,329,PostMonsoon
27.8,16.1,21.7,1014.3,72,1,14.7,282,0.0,1,0.0,21.8,50.0,11,330,PostMonsoon
29.4,16.2,22.7,1014.8,58,5,14.1,56,0.0,1,0.0,21.7,72.0,11,331,PostMonsoon
30.7,19.6,24.7,1015.3,34,6,23.2,60,0.0,1,0.0,22.7,58.0,11,332,PostMonsoon
30.8,20.9,25.0,1016.2,35,0,31.5,52,0.0,0,0.0,24.7,34.0,11,333,PostMonsoon
30.5,20.5,24.6,1017.3,36,0,30.2,49,0.0,0,0.0,25.0,35.0,11,334,PostMonsoon
29.9,18.8,24.0,1016.4,38,5,18.6,68,0.0,0,0.0,24.6,36.0,11,335,PostMonsoon
27.5,16.9,22.4,1015.3,57,18,12.1,75,0.0,2,0.0,24.0,38.0,12,336,Winter
28.9,18.4,23.7,1013.8,57,4,9.4,45,0.0,0,0.0,22.4,57.0,12,337,Winter
30.0,19.8,24.5,1012.7,54,15,14.6,64,0.1,51,0.0,23.7,57.0,12,338,Winter
29.1,19.8,24.5,1013.1,58,17,12.6,315,0.0,1,0.1,24.5,54.0,12,339,Winter
30.2,20.3,24.5,1015.7,67,18,12.7,355,5.7,61,0.0,24.5,58.0,12,340,Winter
26.4,20.8,23.0,1017.0,76,69,20.7,39,9.3,61,5.7,24.5,67.0,12,341,Winter
25.5,19.9,22.0,1014.2,75,73,28.4,48,3.5,61,9.3,23.0,76.0,12,342,Winter
25.0,18.4,21.2,1015.1,74,25,17.9,27,0.0,3,3.5,22.0,75.0,12,343,Winter
25.2,17.2,20.7,1017.2,73,3,11.9,27,0.0,0,0.0,21.2,74.0,12,344,Winter
25.1,15.9,20.0,1017.4,70,0,11.2,6,0.0,0,0.0,20.7,73.0,12,345,Winter
25.3,13.6,19.1,1016.6,70,0,9.2,357,0.0,0,0.0,20.0,70.0,12,346,Winter
25.7,14.3,19.5,1015.3,61,0,12.8,39,0.0,0,0.0,19.1,70.0,12,347,Winter
25.9,14.0,19.5,1016.6,53,1,16.8,51,0.0,0,0.0,19.5,61.0,12,348,Winter
26.7,15.7,20.3,1017.3,48,1,24.1,49,0.0,0,0.0,19.5,53.0,12,349,Winter
26.5,16.5,21.1,1014.9,45,45,19.1,52,0.0,3,0.0,20.3,48.0,12,350,Winter
26.8,17.4,21.8,1013.2,48,18,18.1,57,0.0,1,0.0,21.1,45.0,12,351,Winter
27.9,18.6,22.2,1015.1,53,6,27.3,52,0.0,1,0.0,21.8,48.0,12,352,Winter
25.6,18.3,21.2,1016.7,65,52,26.5,57,0.2,51,0.0,22.2,53.0,12,353,Winter
20.9,18.2,19.4,1015.6,83,100,19.0,57,14.1,61,0.2,21.2,65.0,12,354,Winter
22.8,16.4,19.3,1016.5,77,18,15.4,355,0.1,51,14.1,19.4,83.0,12,355,Winter
22.6,14.1,17.7,1018.6,71,1,12.0,27,0.0,0,0.1,19.3,77.0,12,356,Winter
22.6,12.9,16.9,1019.4,61,0,13.5,28,0.0,0,0.0,17.7,71.0,12,357,Winter
23.0,10.2,16.3,1018.2,67,0,10.8,19,0.0,0,0.0,16.9,61.0,12,358,Winter
23.7,11.3,17.4,1016.1,77,0,11.9,319,0.0,0,0.0,16.3,67.0,12,359,Winter
24.8,14.3,19.2,1015.1,79,0,15.5,298,0.0,0,0.0,17.4,77.0,12,360,Winter
24.5,13.6,19.4,1014.2,83,2,11.6,304,0.0,0,0.0,19.2,79.0,12,361,Winter
24.4,16.1,20.2,1014.0,82,15,15.2,289,0.0,1,0.0,19.4,83.0,12,362,Winter
23.3,17.8,20.1,1014.2,81,22,10.7,282,0.0,3,0.0,20.2,82.0,12,363,Winter
24.4,14.9,19.6,1015.0,77,6,14.8,315,0.0,1,0.0,20.1,81.0,12,364,Winter
25.2,15.1,20.3,1016.2,77,2,9.4,326,0.0,0,0.0,19.6,77.0,12,365,Winter
25.9,16.2,21.0,1017.1,72,0,10.8,20,0.0,0,0.0,20.3,77.0,12,366,Winter
25.3,15.9,20.6,1016.1,76,4,12.7,303,0.0,1,0.0,21.0,72.0,1,1,Winter
24.8,16.6,20.8,1015.1,80,15,13.3,297,0.0,2,0.0,20.6,76.0,1,2,Winter
25.4,17.2,21.3,1015.1,78,13,21.6,283,0.0,2,0.0,20.8,80.0,1,3,Winter
25.8,20.7,23.0,1013.9,74,27,19.1,277,0.0,2,0.0,21.3,78.0,1,4,Winter
24.7,17.5,20.8,1014.0,67,21,21.2,77,0.0,1,0.0,23.0,74.0,1,5,Winter
23.5,16.1,19.8,1014.6,57,40,20.0,67,0.0,3,0.0,20.8,67.0,1,6,Winter
24.4,15.7,19.6,1017.0,48,11,26.0,66,0.0,1,0.0,19.8,57.0,1,7,Winter
22.9,15.5,18.9,1019.9,42,30,31.9,61,0.0,2,0.0,19.6,48.0,1,8,Winter
24.7,15.7,19.6,1020.1,41,12,23.8,59,0.0,1,0.0,18.9,42.0,1,9,Winter
25.1,15.5,19.8,1020.2,42,4,24.7,59,0.0,1,0.0,19.6,41.0,1,10,Winter
24.5,15.4,19.5,1019.9,44,26,28.2,60,0.0,3,0.0,19.8,42.0,1,11,Winter
26.0,14.7,20.1,1020.2,41,2,19.4,62,0.0,0,0.0,19.5,44.0,1,12,Winter
26.9,16.3,21.2,1020.6,37,52,20.2,55,0.0,3,0.0,20.1,41.0,1,13,Winter
27.3,17.1,21.8,1020.3,41,11,28.4,53,0.0,1,0.0,21.2,37.0,1,14,Winter
23.9,16.9,20.5,1019.2,54,46,24.9,47,0.1,51,0.0,21.8,41.0,1,15,Winter
22.4,15.2,18.4,1019.8,62,47,22.8,42,0.6,51,0.1,20.5,54.0,1,16,Winter
22.8,14.3,18.4,1019.2,69,20,14.5,41,0.1,51,0.6,18.4,62.0,1,17,Winter
23.2,15.0,19.0,1017.5,66,34,11.8,349,0.0,3,0.1,18.4,69.0,1,18,Winter
24.1,14.5,18.6,1018.4,53,46,25.8,60,0.0,3,0.0,19.0,66.0,1,19,Winter
24.6,14.9,19.2,1018.4,48,63,27.4,58,0.0,3,0.0,18.6,53.0,1,20,Winter
26.3,16.1,20.8,1017.4,47,84,18.0,53,0.0,3,0.0,19.2,48.0,1,21,Winter
26.1,16.1,21.1,1015.5,50,94,9.8,18,0.0,3,0.0,20.8,47.0,1,22,Winter
27.8,18.2,22.3,1014.2,50,83,21.1,56,0.0,3,0.0,21.1,50.0,1,23,Winter
26.1,18.2,21.6,1012.1,57,27,29.5,60,0.3,51,0.0,22.3,50.0,1,24,Winter
22.4,17.4,19.9,1012.7,56,4,23.2,273,0.0,1,0.3,21.6,57.0,1,25,Winter
24.3,14.6,19.7,1013.8,66,2,20.9,287,0.0,0,0.0,19.9,56.0,1,26,Winter
26.2,15.7,20.8,1014.6,54,0,15.4,306,0.0,0,0.0,19.7,66.0,1,27,Winter
26.4,14.7,20.4,1015.1,55,0,18.4,33,0.0,0,0.0,20.8,54.0,1,28,Winter
24.7,14.6,19.9,1015.2,63,16,14.1,299,0.0,3,0.0,20.4,55.0,1,29,Winter
27.3,15.0,21.0,1016.1,56,31,11.2,3,0.0,3,0.0,19.9,63.0,1,30,Winter
27.4,15.0,21.1,1016.0,53,0,15.1,350,0.0,0,0.0,21.0,56.0,1,31,Winter
26.9,15.5,20.9,1015.2,64,3,19.4,291,0.0,1,0.0,21.1,53.0,2,32,Winter
26.0,15.8,20.7,1014.7,75,1,18.4,268,0.0,0,0.0,20.9,64.0,2,33,Winter
25.9,18.7,21.7,1013.9,79,19,19.1,274,0.0,2,0.0,20.7,75.0,2,34,Winter
26.6,17.7,22.0,1014.0,73,35,24.1,269,0.0,3,0.0,21.7,79.0,2,35,Winter
25.5,19.5,22.2,1014.3,66,15,19.6,266,0.0,2,0.0,22.0,73.0,2,36,Winter
26.9,16.9,21.9,1016.6,48,0,18.6,56,0.0,0,0.0,22.2,66.0,2,37,Winter
26.0,17.0,21.2,1018.1,28,0,27.6,50,0.0,0,0.0,21.9,48.0,2,38,Winter
26.4,14.3,20.5,1017.9,42,22,20.0,350,0.0,3,0.0,21.2,28.0,2,39,Winter
25.5,17.5,21.6,1016.1,65,41,24.7,273,0.0,3,0.0,20.5,42.0,2,40,Winter
27.1,18.5,22.3,1014.4,57,4,22.5,292,0.0,1,0.0,21.6,65.0,2,41,Winter
27.9,17.5,22.6,1014.2,66,30,22.9,275,0.0,3,0.0,22.3,57.0,2,42,Winter
25.6,17.3,21.6,1014.3,75,81,18.5,260,0.0,3,0.0,22.6,66.0,2,43,Winter
25.6,20.4,22.8,1010.8,70,21,29.1,253,0.4,51,0.0,21.6,75.0,2,44,Winter
27.2,15.2,21.7,1013.2,60,2,13.7,319,0.0,1,0.4,22.8,70.0,2,45,Winter
27.9,17.3,22.3,1015.1,44,3,18.7,43,0.0,2,0.0,21.7,60.0,2,46,Winter
27.6,15.1,21.6,1015.3,55,20,17.8,324,0.0,2,0.0,22.3,44.0,2,47,Winter
28.4,15.7,22.3,1015.4,56,9,17.9,304,0.0,3,0.0,21.6,55.0,2,48,Winter
29.1,15.8,22.7,1015.0,58,22,16.2,315,0.0,3,0.0,22.3,56.0,2,49,Winter
29.1,17.1,23.0,1013.3,59,10,18.6,283,0.0,1,0.0,22.7,58.0,2,50,Winter
29.3,19.7,23.5,1013.9,73,36,14.8,289,0.0,3,0.0,23.0,59.0,2,51,Winter
31.7,18.6,24.6,1014.4,59,50,14.9,357,0.0,3,0.0,23.5,73.0,2,52,Winter
29.6,17.4,23.5,1010.9,62,45,18.3,271,0.0,3,0.0,24.6,59.0,2,53,Winter
28.1,20.2,23.7,1010.4,72,35,24.6,267,0.0,3,0.0,23.5,62.0,2,54,Winter
28.4,21.5,24.3,1010.3,75,13,26.9,269,0.0,2,0.0,23.7,72.0,2,55,Winter
32.1,18.5,24.6,1010.0,75,7,18.3,274,0.0,2,0.0,24.3,75.0,2,56,Winter
30.9,21.4,25.4,1009.7,71,0,21.1,265,0.0,0,0.0,24.6,75.0,2,57,Winter
29.9,21.0,24.8,1011.2,77,0,19.9,268,0.0,0,0.0,25.4,71.0,2,58,Winter
30.3,21.1,24.8,1011.7,78,5,18.0,270,0.0,1,0.0,24.8,77.0,2,59,Winter
30.4,21.2,24.8,1011.1,73,14,25.1,271,0.0,2,0.0,24.8,78.0,3,60,HotDry
29.6,20.9,24.6,1011.4,74,19,21.2,275,0.0,2,0.0,24.8,73.0,3,61,HotDry
29.1,21.1,24.5,1010.3,78,19,21.4,258,0.0,2,0.0,24.6,74.0,3,62,HotDry
30.1,21.0,24.5,1010.3,67,3,22.3,267,0.0,0,0.0,24.5,78.0,3,63,HotDry
29.2,19.8,24.0,1010.9,68,5,21.3,269,0.0,1,0.0,24.5,67.0,3,64,HotDry
27.6,21.0,23.7,1010.3,69,5,31.5,258,0.0,0,0.0,24.0,68.0,3,65,HotDry
31.3,20.3,25.2,1011.1,58,10,21.1,275,0.0,1,0.0,23.7,69.0,3,66,HotDry
30.8,19.9,24.8,1010.6,55,0,18.8,271,0.0,0,0.0,25.2,58.0,3,67,HotDry
32.4,16.8,25.1,1012.3,46,0,15.4,309,0.0,0,0.0,24.8,55.0,3,68,HotDry
32.8,17.1,25.8,1013.6,41,8,10.1,2,0.0,3,0.0,25.1,46.0,3,69,HotDry
34.1,22.4,27.9,1014.0,30,96,24.3,48,0.0,3,0.0,25.8,41.0,3,70,HotDry
33.1,18.8,26.2,1012.9,42,1,21.6,294,0.0,0,0.0,27.9,30.0,3,71,HotDry
30.5,19.3,24.7,1012.1,66,0,23.0,265,0.0,0,0.0,26.2,42.0,3,72,HotDry
32.1,19.3,24.8,1012.8,73,17,20.5,279,0.0,3,0.0,24.7,66.0,3,73,HotDry
34.2,19.0,26.5,1011.4,59,10,22.7,285,0.0,2,0.0,24.8,73.0,3,74,HotDry
31.1,19.8,25.3,1009.8,62,0,27.6,262,0.0,0,0.0,26.5,59.0,3,75,HotDry
29.3,19.9,24.2,1010.4,75,15,23.9,267,0.0,2,0.0,25.3,62.0,3,76,HotDry
29.3,19.9,24.4,1011.0,78,16,22.5,265,0.0,3,0.0,24.2,75.0,3,77,HotDry
30.3,22.5,25.6,1010.0,75,31,23.9,268,0.0,3,0.0,24.4,78.0,3,78,HotDry
30.6,23.0,26.1,1008.7,71,12,20.1,253,0.0,3,0.0,25.6,75.0,3,79,HotDry
30.3,21.9,25.7,1009.0,75,12,22.8,252,0.0,3,0.0,26.1,71.0,3,80,HotDry
31.7,21.0,25.4,1010.5,72,46,20.9,232,0.0,3,0.0,25.7,75.0,3,81,HotDry
30.8,21.8,25.8,1011.2,68,27,17.1,248,0.0,3,0.0,25.4,72.0,3,82,HotDry
29.1,22.0,25.1,1012.4,77,27,21.6,270,0.0,3,0.0,25.8,68.0,3,83,HotDry
30.5,23.5,26.1,1012.2,74,13,23.6,272,0.0,1,0.0,25.1,77.0,3,84,HotDry
28.7,23.4,25.5,1010.4,77,86,31.1,266,0.0,3,0.0,26.1,74.0,3,85,HotDry
30.7,23.2,26.8,1008.0,67,63,33.6,261,0.0,3,0.0,25.5,77.0,3,86,HotDry
31.6,24.1,27.0,1009.8,71,42,26.6,264,0.0,3,0.0,26.8,67.0,3,87,HotDry
30.7,23.4,26.3,1010.5,77,65,20.4,265,0.0,3,0.0,27.0,71.0,3,88,HotDry
32.9,22.5,27.5,1010.8,70,29,21.7,269,0.0,3,0.0,26.3,77.0,3,89,HotDry
33.7,21.9,27.7,1009.9,61,93,17.7,290,0.0,3,0.0,27.5,70.0,3,90,HotDry
31.6,24.4,27.4,1009.8,58,100,22.5,278,0.0,3,0.0,27.7,61.0,4,91,HotDry
31.8,24.5,27.1,1010.2,56,98,31.7,268,0.0,3,0.0,27.4,58.0,4,92,HotDry
33.3,22.5,27.4,1010.3,55,93,20.8,273,0.0,3,0.0,27.1,56.0,4,93,HotDry
34.0,22.9,28.1,1011.1,52,82,30.8,279,0.0,3,0.0,27.4,55.0,4,94,HotDry
33.2,23.4,28.1,1011.1,50,31,26.3,261,0.0,3,0.0,28.1,52.0,4,95,HotDry
31.2,24.0,27.0,1010.3,63,0,29.2,260,0.0,0,0.0,28.1,50.0,4,96,HotDry
29.3,23.4,26.2,1007.1,64,7,29.5,258,0.0,1,0.0,27.0,63.0,4,97,HotDry
31.5,20.8,26.0,1007.8,46,0,25.8,299,0.0,0,0.0,26.2,64.0,4,98,HotDry
34.0,21.2,27.7,1010.7,45,0,21.4,291,0.0,0,0.0,26.0,46.0,4,99,HotDry
34.8,20.6,28.2,1011.8,44,0,18.9,358,0.0,0,0.0,27.7,45.0,4,100,HotDry
35.2,21.7,28.6,1010.1,41,0,21.3,284,0.0,0,0.0,28.2,44.0,4,101,HotDry
33.8,21.9,27.5,1008.2,64,0,24.1,262,0.0,0,0.0,28.6,41.0,4,102,HotDry
33.3,23.7,27.8,1006.2,69,0,25.9,256,0.0,0,0.0,27.5,64.0,4,103,HotDry
32.2,24.9,27.8,1005.6,66,1,31.8,261,0.0,0,0.0,27.8,69.0,4,104,HotDry
30.9,24.1,26.9,1007.7,71,3,27.2,260,0.0,0,0.0,27.8,66.0,4,105,HotDry
35.1,21.8,28.5,1008.5,60,4,24.6,291,0.0,1,0.0,26.9,71.0,4,106,HotDry
35.7,23.5,29.4,1007.9,49,0,24.2,282,0.0,0,0.0,28.5,60.0,4,107,HotDry
35.4,25.2,29.5,1008.3,46,0,22.8,277,0.0,0,0.0,29.4,49.0,4,108,HotDry
32.9,24.2,28.1,1008.5,69,0,28.0,266,0.0,0,0.0,29.5,46.0,4,109,HotDry
34.5,24.9,29.0,1005.7,59,0,35.0,255,0.0,0,0.0,28.1,69.0,4,110,HotDry
38.8,24.6,30.9,1004.2,42,0,26.5,274,0.0,0,0.0,29.0,59.0,4,111,HotDry
35.0,24.1,29.5,1006.8,44,0,26.4,262,0.0,0,0.0,30.9,42.0,4,112,HotDry
32.9,23.7,27.6,1009.1,66,3,22.2,256,0.0,0,0.0,29.5,44.0,4,113,HotDry
32.0,21.5,26.5,1010.0,71,3,24.8,267,0.0,1,0.0,27.6,66.0,4,114,HotDry
36.7,22.0,28.7,1010.4,64,2,25.0,283,0.0,1,0.0,26.5,71.0,4,115,HotDry
39.8,22.6,30.8,1010.1,48,0,23.7,294,0.0,0,0.0,28.7,64.0,4,116,HotDry
38.6,24.9,31.0,1008.9,45,4,24.4,276,0.0,2,0.0,30.8,48.0,4,117,HotDry
34.8,25.5,29.6,1008.1,55,24,32.1,267,0.0,3,0.0,31.0,45.0,4,118,HotDry
34.0,24.9,29.1,1007.3,65,82,25.3,250,0.0,3,0.0,29.6,55.0,4,119,HotDry
34.2,24.1,29.0,1005.8,67,22,24.2,244,0.0,2,0.0,29.1,65.0,4,120,HotDry
35.5,24.0,29.6,1006.7,64,1,33.0,258,0.0,0,0.0,29.0,67.0,5,121,HotDry
35.1,25.4,30.1,1007.3,60,0,32.1,258,0.0,0,0.0,29.6,64.0,5,122,HotDry
35.1,26.9,30.4,1005.8,60,3,32.3,259,0.0,1,0.0,30.1,60.0,5,123,HotDry
37.0,25.7,30.3,1003.8,61,0,21.9,248,0.0,0,0.0,30.4,60.0,5,124,HotDry
39.1,25.1,32.1,1005.5,44,0,24.7,294,0.0,0,0.0,30.3,61.0,5,125,HotDry
35.8,25.9,30.4,1008.8,54,3,23.4,245,0.0,0,0.0,32.1,44.0,5,126,HotDry
35.8,24.1,29.0,1007.8,68,26,25.3,260,0.0,3,0.0,30.4,54.0,5,127,HotDry
32.9,25.0,28.5,1006.5,72,3,29.2,254,0.0,1,0.0,29.0,68.0,5,128,HotDry
32.0,25.5,28.3,1005.3,77,21,31.0,258,0.0,2,0.0,28.5,72.0,5,129,HotDry
31.9,26.1,28.6,1003.8,77,29,33.5,257,0.0,2,0.0,28.3,77.0,5,130,HotDry
32.5,26.6,29.0,1003.8,78,24,30.3,262,0.0,2,0.0,28.6,77.0,5,131,HotDry
36.6,26.5,30.4,1003.0,75,20,25.7,262,0.0,3,0.0,29.0,78.0,5,132,HotDry
35.7,26.0,30.2,1001.2,74,0,20.2,237,0.0,0,0.0,30.4,75.0,5,133,HotDry
36.1,26.4,30.8,999.2,70,4,24.6,232,0.0,1,0.0,30.2,74.0,5,134,HotDry
37.2,26.6,31.3,999.3,70,1,20.0,222,0.0,0,0.0,30.8,70.0,5,135,HotDry
36.4,26.7,30.7,1001.4,75,14,20.9,195,0.0,3,0.0,31.3,70.0,5,136,HotDry
33.7,26.6,29.7,1003.3,80,24,24.6,197,0.0,3,0.0,30.7,75.0,5,137,HotDry
32.8,26.8,29.5,1003.8,80,35,26.0,214,0.0,3,0.0,29.7,80.0,5,138,HotDry
34.4,26.6,30.2,1003.5,74,16,24.0,236,0.0,2,0.0,29.5,80.0,5,139,HotDry
34.9,27.7,30.9,1002.4,64,28,30.5,253,0.0,2,0.0,30.2,74.0,5,140,HotDry
33.9,26.4,29.8,1003.2,75,7,22.2,244,0.0,1,0.0,30.9,64.0,5,141,HotDry
37.9,27.1,31.7,1002.1,65,11,24.1,247,0.0,2,0.0,29.8,75.0,5,142,HotDry
38.6,28.1,32.7,999.4,54,0,28.3,261,0.0,0,0.0,31.7,65.0,5,143,HotDry
35.3,27.3,30.7,998.3,69,0,25.9,236,0.0,0,0.0,32.7,54.0,5,144,HotDry
34.9,27.1,30.4,997.4,75,1,24.3,233,0.0,0,0.0,30.7,69.0,5,145,HotDry
35.1,27.5,30.7,997.4,76,13,23.3,239,0.0,2,0.0,30.4,75.0,5,146,HotDry
34.2,28.0,30.5,999.6,78,23,23.9,237,0.0,2,0.0,30.7,76.0,5,147,HotDry
34.0,28.6,30.9,1000.7,74,32,26.0,234,0.0,2,0.0,30.5,78.0,5,148,HotDry
33.6,28.7,30.8,1000.8,73,43,30.0,243,0.0,2,0.0,30.9,74.0,5,149,HotDry
34.1,29.2,31.1,998.7,73,38,26.8,243,0.0,2,0.0,30.8,73.0,5,150,HotDry
33.4,28.6,30.6,1000.1,74,51,26.7,226,0.0,3,0.0,31.1,73.0,5,151,HotDry
32.9,28.3,30.2,1001.5,74,62,27.9,237,0.0,3,0.0,30.6,74.0,6,152,Monsoon
32.8,28.6,30.5,1003.0,72,52,30.4,243,0.4,51,0.0,30.2,74.0,6,153,Monsoon
33.4,28.7,30.6,1004.0,71,34,31.2,252,0.0,2,0.4,30.5,72.0,6,154,Monsoon
32.7,27.9,30.1,1002.7,70,33,31.0,253,0.0,2,0.0,30.6,71.0,6,155,Monsoon
33.6,27.8,30.3,1000.2,71,34,28.6,248,0.0,2,0.0,30.1,70.0,6,156,Monsoon
36.7,27.5,31.3,998.8,68,8,27.9,256,0.0,2,0.0,30.3,71.0,6,157,Monsoon
38.1,27.8,31.7,998.8,65,0,34.3,262,0.0,0,0.0,31.3,68.0,6,158,Monsoon
35.0,27.8,30.7,1000.2,76,8,31.4,256,0.0,1,0.0,31.7,65.0,6,159,Monsoon
34.7,27.8,30.6,1001.7,78,14,27.2,244,0.0,2,0.0,30.7,76.0,6,160,Monsoon
35.1,27.8,30.7,1002.0,78,15,26.7,242,0.0,3,0.0,30.6,78.0,6,161,Monsoon
34.7,27.8,30.4,1001.9,79,19,33.0,251,0.0,3,0.0,30.7,78.0,6,162,Monsoon
33.3,27.3,29.8,1002.5,80,12,35.1,258,0.0,2,0.0,30.4,79.0,6,163,Monsoon
33.6,27.7,30.0,1003.5,77,23,29.6,257,0.0,2,0.0,29.8,80.0,6,164,Monsoon
34.5,27.5,30.3,1003.1,77,14,27.8,249,0.0,1,0.0,30.0,77.0,6,165,Monsoon
34.8,27.7,30.6,1000.9,78,15,23.7,236,0.0,2,0.0,30.3,77.0,6,166,Monsoon
35.0,27.5,30.9,1001.2,76,28,18.3,205,0.0,3,0.0,30.6,78.0,6,167,Monsoon
34.5,28.0,30.7,1001.6,76,9,22.5,220,0.0,1,0.0,30.9,76.0,6,168,Monsoon
33.9,26.8,29.9,1002.1,76,27,23.0,226,0.0,3,0.0,30.7,76.0,6,169,Monsoon
33.0,26.8,29.5,1002.2,78,25,24.7,240,0.0,2,0.0,29.9,76.0,6,170,Monsoon
32.9,26.7,29.6,1002.3,75,25,26.3,249,0.0,2,0.0,29.5,78.0,6,171,Monsoon
33.5,28.2,30.3,1002.4,73,28,29.4,246,0.0,2,0.0,29.6,75.0,6,172,Monsoon
33.4,28.0,30.5,1001.5,71,34,28.3,248,0.0,3,0.0,30.3,73.0,6,173,Monsoon
32.8,28.5,30.4,1000.2,73,64,24.1,245,0.2,51,0.0,30.5,71.0,6,174,Monsoon
32.8,28.3,30.4,1000.1,74,78,17.3,236,0.0,3,0.2,30.4,73.0,6,175,Monsoon
32.5,28.9,30.3,1000.2,77,100,19.8,262,0.0,3,0.0,30.4,74.0,6,176,Monsoon
32.5,29.1,30.6,999.4,78,86,15.8,235,0.0,3,0.0,30.3,77.0,6,177,Monsoon
34.4,28.6,31.2,998.2,75,19,22.1,230,0.0,2,0.0,30.6,78.0,6,178,Monsoon
34.2,28.8,31.1,997.6,74,57,23.3,223,0.0,3,0.0,31.2,75.0,6,179,Monsoon
33.7,28.8,30.9,997.4,73,64,22.2,219,0.0,3,0.0,31.1,74.0,6,180,Monsoon
33.3,28.6,30.6,997.7,71,49,24.3,220,0.0,3,0.0,30.9,73.0,6,181,Monsoon
33.4,28.3,30.5,998.0,72,41,20.6,222,0.0,2,0.0,30.6,71.0,7,182,Monsoon
32.6,28.3,30.0,996.8,73,45,22.4,241,0.0,3,0.0,30.5,72.0,7,183,Monsoon
33.1,27.7,30.3,996.1,69,20,23.3,247,0.0,2,0.0,30.0,73.0,7,184,Monsoon
33.5,27.6,30.2,997.4,73,22,24.7,248,0.0,2,0.0,30.3,69.0,7,185,Monsoon
33.8,28.0,30.5,998.5,70,21,22.1,260,0.0,2,0.0,30.2,73.0,7,186,Monsoon
35.4,28.4,31.0,998.5,68,9,27.8,265,0.0,1,0.0,30.5,70.0,7,187,Monsoon
34.0,28.0,30.3,998.2,76,14,32.7,258,0.0,2,0.0,31.0,68.0,7,188,Monsoon
32.9,28.0,30.0,997.4,78,21,34.9,255,0.0,2,0.0,30.3,76.0,7,189,Monsoon
33.3,28.3,30.4,996.9,74,61,28.0,246,0.0,3,0.0,30.0,78.0,7,190,Monsoon
33.0,28.2,30.3,997.9,76,92,23.3,243,0.0,3,0.0,30.4,74.0,7,191,Monsoon
30.7,28.5,29.5,999.4,81,99,25.7,262,2.8,61,0.0,30.3,76.0,7,192,Monsoon
32.5,28.2,29.9,998.4,82,78,29.7,255,0.2,51,2.8,29.5,81.0,7,193,Monsoon
32.4,28.0,29.8,996.4,78,52,26.7,243,0.2,51,0.2,29.9,82.0,7,194,Monsoon
32.2,27.7,29.6,995.3,80,76,20.8,239,0.0,3,0.2,29.8,78.0,7,195,Monsoon
33.4,27.6,29.9,996.6,77,47,22.3,250,0.0,3,0.0,29.6,80.0,7,196,Monsoon
34.1,28.0,30.3,996.7,76,87,28.2,266,1.5,53,0.0,29.9,77.0,7,197,Monsoon
33.1,28.1,30.2,994.8,80,100,30.7,268,0.0,3,1.5,30.3,76.0,7,198,Monsoon
30.4,28.4,29.1,996.1,85,100,35.1,257,18.0,63,0.0,30.2,80.0,7,199,Monsoon
28.4,26.8,27.4,999.2,86,85,32.4,272,57.6,65,18.0,29.1,85.0,7,200,Monsoon
30.5,27.4,28.7,998.8,85,54,25.2,255,0.0,3,57.6,27.4,86.0,7,201,Monsoon
30.6,27.4,28.7,999.1,86,82,20.1,246,0.0,3,0.0,28.7,85.0,7,202,Monsoon
30.8,27.1,28.8,998.1,86,85,19.8,258,0.0,3,0.0,28.7,86.0,7,203,Monsoon
31.4,27.3,29.0,997.1,87,80,21.9,269,0.0,3,0.0,28.8,86.0,7,204,Monsoon
29.9,27.7,28.6,999.1,89,99,23.8,266,6.0,61,0.0,29.0,87.0,7,205,Monsoon
30.1,27.7,28.7,1000.3,88,97,26.2,264,0.0,3,6.0,28.6,89.0,7,206,Monsoon
29.7,27.4,28.4,999.3,86,68,33.4,255,0.0,3,0.0,28.7,88.0,7,207,Monsoon
30.1,27.0,28.3,997.0,84,53,34.7,249,0.2,51,0.0,28.4,86.0,7,208,Monsoon
30.2,27.1,28.3,995.8,86,69,32.8,240,0.0,3,0.2,28.3,84.0,7,209,Monsoon
30.0,26.8,28.1,998.0,85,63,27.8,233,0.0,3,0.0,28.3,86.0,7,210,Monsoon
29.6,26.7,27.9,1001.0,84,82,25.5,235,0.0,3,0.0,28.1,85.0,7,211,Monsoon
29.8,26.7,28.0,1001.1,84,62,28.8,235,0.1,51,0.0,27.9,84.0,7,212,Monsoon
30.6,26.8,28.4,1000.3,84,52,25.8,240,0.0,3,0.1,28.0,84.0,8,213,Monsoon
30.6,26.7,28.3,1000.4,84,45,26.5,243,0.0,3,0.0,28.4,84.0,8,214,Monsoon
30.6,26.7,28.3,999.7,85,51,29.8,245,0.0,3,0.0,28.3,84.0,8,215,Monsoon
30.9,26.6,28.3,997.8,85,40,27.2,234,0.0,2,0.0,28.3,85.0,8,216,Monsoon
30.1,26.2,27.9,997.3,84,38,24.3,239,0.0,3,0.0,28.3,85.0,8,217,Monsoon
30.2,26.4,28.0,996.5,84,47,27.3,238,0.0,3,0.0,27.9,84.0,8,218,Monsoon
30.6,26.5,28.1,997.5,83,34,25.7,236,0.0,3,0.0,28.0,84.0,8,219,Monsoon
30.6,26.0,28.0,998.1,85,52,20.7,225,0.0,3,0.0,28.1,83.0,8,220,Monsoon
30.7,26.2,28.1,998.3,83,55,19.7,219,0.0,3,0.0,28.0,85.0,8,221,Monsoon
31.1,26.3,28.4,999.0,80,62,19.1,203,0.0,3,0.0,28.1,83.0,8,222,Monsoon
31.6,26.9,28.8,1001.7,79,48,18.8,198,0.0,3,0.0,28.4,80.0,8,223,Monsoon
31.8,26.2,28.8,1002.7,77,69,21.7,214,0.0,3,0.0,28.8,79.0,8,224,Monsoon
31.6,27.4,29.2,1002.3,75,64,21.4,227,0.0,3,0.0,28.8,77.0,8,225,Monsoon
31.4,27.7,29.1,1002.3,75,76,30.5,236,0.3,51,0.0,29.2,75.0,8,226,Monsoon
31.5,27.5,29.1,1001.8,77,91,29.6,248,0.1,51,0.3,29.1,75.0,8,227,Monsoon
31.4,27.4,29.1,1001.8,76,80,22.2,237,0.1,51,0.1,29.1,77.0,8,228,Monsoon
31.2,27.5,29.1,1003.6,76,65,21.1,237,0.0,3,0.1,29.1,76.0,8,229,Monsoon
31.3,27.5,29.0,1004.3,78,37,27.0,246,0.0,2,0.0,29.1,76.0,8,230,Monsoon
30.8,27.3,28.7,1004.8,79,48,31.8,245,0.1,51,0.0,29.0,78.0,8,231,Monsoon
30.4,26.9,28.4,1005.4,81,50,30.7,252,0.4,51,0.1,28.7,79.0,8,232,Monsoon
30.3,26.8,28.2,1003.7,80,41,35.0,253,0.0,2,0.4,28.4,81.0,8,233,Monsoon
30.8,26.9,28.5,1002.6,81,51,27.1,246,0.3,51,0.0,28.2,80.0,8,234,Monsoon
30.7,26.7,28.4,1002.1,83,51,24.3,243,0.2,51,0.3,28.5,81.0,8,235,Monsoon
30.6,27.0,28.4,1003.1,82,48,22.8,239,0.2,51,0.2,28.4,83.0,8,236,Monsoon
30.3,26.6,28.3,1003.9,80,46,21.3,246,0.2,51,0.2,28.4,82.0,8,237,Monsoon
31.2,26.9,28.6,1003.8,78,47,23.9,246,0.0,3,0.2,28.3,80.0,8,238,Monsoon
31.3,26.6,28.7,1003.4,78,58,23.2,241,0.0,3,0.0,28.6,78.0,8,239,Monsoon
32.7,27.0,29.4,1003.7,74,57,20.6,253,0.0,3,0.0,28.7,78.0,8,240,Monsoon
33.1,27.6,29.8,1002.6,76,89,23.5,267,0.0,3,0.0,29.4,74.0,8,241,Monsoon
32.1,27.6,29.4,1001.2,81,99,26.9,261,0.0,3,0.0,29.8,76.0,8,242,Monsoon
30.3,27.6,28.5,1003.2,84,100,25.8,277,4.2,53,0.0,29.4,81.0,8,243,Monsoon
28.3,26.0,27.2,1004.6,88,99,17.1,287,22.4,63,4.2,28.5,84.0,9,244,Monsoon
30.8,27.1,28.7,1003.0,86,63,22.0,258,0.0,3,22.4,27.2,88.0,9,245,Monsoon
29.7,27.3,28.3,1001.4,86,39,30.5,258,0.0,2,0.0,28.7,86.0,9,246,Monsoon
30.4,27.1,28.4,1001.6,86,50,26.8,259,0.0,3,0.0,28.3,86.0,9,247,Monsoon
30.3,26.5,28.2,1002.0,84,38,18.9,261,0.0,2,0.0,28.4,86.0,9,248,Monsoon
30.1,26.6,28.0,1000.7,82,33,20.3,250,0.0,2,0.0,28.2,84.0,9,249,Monsoon
30.1,25.7,27.6,1002.5,82,28,18.2,253,0.0,3,0.0,28.0,82.0,9,250,Monsoon
30.4,26.0,27.7,1004.2,81,24,21.3,260,0.0,2,0.0,27.6,82.0,9,251,Monsoon
30.5,25.9,27.7,1003.8,83,40,23.0,256,0.0,3,0.0,27.7,81.0,9,252,Monsoon
30.5,25.7,27.8,1002.9,81,85,21.7,234,0.0,3,0.0,27.7,83.0,9,253,Monsoon
30.1,25.8,27.7,1004.9,79,31,24.2,240,0.0,2,0.0,27.8,81.0,9,254,Monsoon
30.4,25.6,27.6,1009.2,73,42,19.0,244,0.0,3,0.0,27.7,79.0,9,255,Monsoon
30.9,25.8,27.9,1010.2,73,29,25.3,254,0.0,2,0.0,27.6,73.0,9,256,Monsoon
30.3,26.2,27.9,1008.7,74,32,31.9,255,0.0,2,0.0,27.9,73.0,9,257,Monsoon
30.5,26.2,28.0,1005.7,75,47,30.0,245,0.0,3,0.0,27.9,74.0,9,258,Monsoon
30.3,26.2,28.0,1005.9,79,51,24.5,232,0.3,51,0.0,28.0,75.0,9,259,Monsoon
30.8,25.9,28.0,1008.6,78,31,17.6,241,0.2,51,0.3,28.0,79.0,9,260,Monsoon
31.0,26.2,27.9,1010.1,77,21,23.7,257,0.0,2,0.2,28.0,78.0,9,261,Monsoon
30.8,25.9,27.8,1009.2,78,16,31.1,262,0.0,2,0.0,27.9,77.0,9,262,Monsoon
30.8,26.2,27.9,1007.7,79,15,32.7,260,0.0,2,0.0,27.8,78.0,9,263,Monsoon
31.2,25.7,27.9,1007.3,81,7,28.1,255,0.0,1,0.0,27.9,79.0,9,264,Monsoon
31.2,25.7,28.0,1006.8,82,27,23.2,245,0.0,3,0.0,27.9,81.0,9,265,Monsoon
31.3,25.8,28.0,1006.6,82,31,24.3,237,0.0,3,0.0,28.0,82.0,9,266,Monsoon
30.6,26.0,27.9,1007.8,80,47,26.6,245,0.0,3,0.0,28.0,82.0,9,267,Monsoon
30.4,26.0,27.9,1007.8,74,37,29.4,253,0.0,2,0.0,27.9,80.0,9,268,Monsoon
30.6,26.1,28.0,1007.3,73,35,27.2,253,0.0,2,0.0,27.9,74.0,9,269,Monsoon
30.4,26.3,27.9,1006.8,75,44,23.0,251,0.0,2,0.0,28.0,73.0,9,270,Monsoon
30.7,26.1,28.0,1007.3,76,34,21.6,256,0.2,51,0.0,27.9,75.0,9,271,Monsoon
31.6,25.6,28.0,1007.2,76,7,20.2,266,0.0,1,0.2,28.0,76.0,9,272,Monsoon
31.7,25.9,28.2,1006.7,76,18,23.6,267,0.0,2,0.0,28.0,76.0,9,273,Monsoon
32.0,25.9,28.3,1006.0,80,26,23.4,274,0.0,3,0.0,28.2,76.0,10,274,PostMonsoon
35.1,25.6,29.1,1005.2,78,29,22.5,290,0.0,3,0.0,28.3,80.0,10,275,PostMonsoon
36.6,25.6,30.0,1003.4,72,8,24.5,284,0.0,1,0.0,29.1,78.0,10,276,PostMonsoon
36.2,25.4,30.1,1003.1,71,6,20.2,253,0.0,1,0.0,30.0,72.0,10,277,PostMonsoon
35.4,25.1,29.4,1004.8,72,5,22.9,258,0.0,1,0.0,30.1,71.0,10,278,PostMonsoon
33.4,24.9,28.4,1004.8,77,25,19.7,259,0.0,3,0.0,29.4,72.0,10,279,PostMonsoon
33.9,22.9,28.2,1004.5,70,4,22.3,252,0.0,1,0.0,28.4,77.0,10,280,PostMonsoon
33.2,24.6,28.2,1003.8,74,7,21.8,246,0.0,2,0.0,28.2,70.0,10,281,PostMonsoon
33.6,24.6,28.3,1004.5,75,19,16.0,192,0.0,3,0.0,28.2,74.0,10,282,PostMonsoon
31.7,24.2,27.3,1007.8,78,10,20.9,182,0.0,2,0.0,28.3,75.0,10,283,PostMonsoon
30.6,23.8,27.0,1010.3,80,25,20.7,220,0.0,3,0.0,27.3,78.0,10,284,PostMonsoon
30.9,24.3,27.2,1011.1,79,35,19.5,238,0.0,3,0.0,27.0,80.0,10,285,PostMonsoon
30.7,24.3,27.1,1011.8,77,27,18.0,256,0.0,3,0.0,27.2,79.0,10,286,PostMonsoon
31.2,23.8,27.2,1012.1,77,27,16.7,253,0.0,3,0.0,27.1,77.0,10,287,PostMonsoon
31.9,23.9,27.4,1012.1,76,2,18.1,244,0.0,0,0.0,27.2,77.0,10,288,PostMonsoon
31.5,22.9,26.9,1012.0,80,8,17.1,265,0.0,1,0.0,27.4,76.0,10,289,PostMonsoon
31.0,24.5,27.1,1011.0,81,32,19.1,266,0.0,3,0.0,26.9,80.0,10,290,PostMonsoon
33.2,22.2,27.1,1009.6,71,16,20.0,263,0.0,3,0.0,27.1,81.0,10,291,PostMonsoon
31.9,22.5,26.4,1011.4,73,20,18.8,252,0.0,3,0.0,27.1,71.0,10,292,PostMonsoon
33.0,21.8,26.8,1012.1,69,12,20.0,262,0.0,2,0.0,26.4,73.0,10,293,PostMonsoon
33.0,22.0,26.8,1013.0,70,0,20.4,256,0.0,0,0.0,26.8,69.0,10,294,PostMonsoon
32.3,21.7,26.8,1014.8,71,0,16.8,254,0.0,0,0.0,26.8,70.0,10,295,PostMonsoon
33.2,21.3,27.3,1014.5,63,0,18.3,280,0.0,0,0.0,26.8,71.0,10,296,PostMonsoon
32.8,23.2,27.3,1012.0,70,0,19.7,276,0.0,0,0.0,27.3,63.0,10,297,PostMonsoon
35.9,22.8,28.3,1011.2,60,16,14.8,284,0.0,3,0.0,27.3,70.0,10,298,PostMonsoon
34.4,21.4,27.8,1012.8,53,21,15.9,137,0.0,3,0.0,28.3,60.0,10,299,PostMonsoon
33.9,20.9,27.1,1012.8,60,0,14.8,273,0.0,0,0.0,27.8,53.0,10,300,PostMonsoon
34.1,20.7,27.5,1012.5,59,1,14.6,297,0.0,0,0.0,27.1,60.0,10,301,PostMonsoon
36.6,22.8,29.4,1014.5,39,23,14.1,29,0.0,3,0.0,27.5,59.0,10,302,PostMonsoon
36.6,24.2,29.9,1015.2,35,9,14.5,23,0.0,2,0.0,29.4,39.0,10,303,PostMonsoon
35.6,22.9,28.6,1013.5,48,4,17.6,280,0.0,1,0.0,29.9,35.0,10,304,PostMonsoon
32.4,22.3,27.1,1012.0,71,23,20.3,261,0.0,3,0.0,28.6,48.0,11,305,PostMonsoon
32.0,23.2,26.7,1013.5,76,14,17.1,254,0.0,2,0.0,27.1,71.0,11,306,PostMonsoon
35.1,20.1,27.8,1014.6,57,3,15.3,340,0.0,1,0.0,26.7,76.0,11,307,PostMonsoon
35.7,23.4,29.3,1015.2,42,0,19.1,38,0.0,0,0.0,27.8,57.0,11,308,PostMonsoon
35.3,24.1,29.3,1014.1,43,0,15.8,20,0.0,0,0.0,29.3,42.0,11,309,PostMonsoon
34.4,22.8,28.3,1012.8,50,0,14.6,16,0.0,0,0.0,29.3,43.0,11,310,PostMonsoon
33.3,21.9,27.4,1011.2,56,0,16.5,272,0.0,0,0.0,28.3,50.0,11,311,PostMonsoon
31.8,20.8,26.0,1010.5,73,2,16.2,273,0.0,0,0.0,27.4,56.0,11,312,PostMonsoon
33.2,22.5,27.4,1010.0,56,9,15.6,2,0.0,2,0.0,26.0,73.0,11,313,PostMonsoon
32.9,20.1,26.2,1008.5,29,23,19.4,57,0.0,3,0.0,27.4,56.0,11,314,PostMonsoon
29.5,21.1,24.8,1008.5,30,46,37.5,49,0.0,3,0.0,26.2,29.0,11,315,PostMonsoon
29.8,18.2,24.0,1009.1,33,28,22.7,41,0.0,3,0.0,24.8,30.0,11,316,PostMonsoon
30.3,20.3,24.9,1011.9,30,35,26.1,43,0.0,3,0.0,24.0,33.0,11,317,PostMonsoon
29.4,19.3,24.0,1012.9,39,0,15.1,348,0.0,0,0.0,24.9,30.0,11,318,PostMonsoon
29.3,17.6,23.2,1010.5,59,0,16.8,286,0.0,0,0.0,24.0,39.0,11,319,PostMonsoon
30.0,15.3,23.1,1009.3,52,0,15.8,318,0.0,0,0.0,23.2,59.0,11,320,PostMonsoon
29.4,16.3,22.6,1012.2,43,4,12.4,355,0.0,2,0.0,23.1,52.0,11,321,PostMonsoon
29.8,15.5,23.0,1014.5,41,0,11.3,39,0.0,0,0.0,22.6,43.0,11,322,PostMonsoon
29.7,16.6,23.0,1016.3,36,45,13.2,25,0.0,3,0.0,23.0,41.0,11,323,PostMonsoon
29.2,15.2,22.2,1016.9,49,8,15.1,313,0.0,1,0.0,23.0,36.0,11,324,PostMonsoon
27.3,18.0,22.5,1016.1,75,18,15.3,279,0.0,2,0.0,22.2,49.0,11,325,PostMonsoon
26.8,19.3,22.6,1015.6,82,71,14.8,280,0.0,3,0.0,22.5,75.0,11,326,PostMonsoon
28.3,19.1,23.4,1016.1,78,39,14.3,299,0.0,3,0.0,22.6,82.0,11,327,PostMonsoon
28.2,19.6,23.6,1015.6,78,9,19.0,286,0.0,2,0.0,23.4,78.0,11,328,PostMonsoon
28.9,21.7,24.6,1015.2,75,14,18.7,288,0.0,3,0.0,23.6,78.0,11,329,PostMonsoon
30.7,20.0,24.6,1014.3,66,44,14.1,287,0.0,3,0.0,24.6,75.0,11,330,PostMonsoon
29.6,19.4,24.1,1015.4,47,16,15.9,41,0.0,3,0.0,24.6,66.0,11,331,PostMonsoon
29.3,17.0,23.3,1016.4,52,19,9.4,44,0.0,2,0.0,24.1,47.0,11,332,PostMonsoon
29.7,17.5,23.5,1016.5,47,36,12.1,50,0.0,3,0.0,23.3,52.0,11,333,PostMonsoon
28.3,16.7,22.6,1016.2,56,93,13.4,325,0.0,3,0.0,23.5,47.0,11,334,PostMonsoon
27.7,17.5,22.7,1016.4,65,94,10.8,316,0.0,3,0.0,22.6,56.0,12,335,Winter
29.2,17.4,23.2,1016.5,52,5,11.1,39,0.0,2,0.0,22.7,65.0,12,336,Winter
27.9,16.8,22.4,1015.3,53,3,15.5,334,0.0,1,0.0,23.2,52.0,12,337,Winter
27.2,18.6,22.7,1014.8,71,3,16.3,291,0.0,1,0.0,22.4,53.0,12,338,Winter
28.4,17.5,23.0,1013.8,65,20,13.7,306,0.0,3,0.0,22.7,71.0,12,339,Winter
27.6,16.7,22.0,1013.9,53,2,12.5,70,0.0,1,0.0,23.0,65.0,12,340,Winter
27.1,17.0,21.8,1015.3,32,17,18.2,53,0.0,3,0.0,22.0,53.0,12,341,Winter
26.5,15.5,21.0,1014.8,45,36,12.1,36,0.0,3,0.0,21.8,32.0,12,342,Winter
26.3,15.5,20.9,1013.8,61,77,13.0,341,0.0,3,0.0,21.0,45.0,12,343,Winter
26.8,17.6,21.9,1014.8,58,61,14.8,47,0.0,3,0.0,20.9,61.0,12,344,Winter
27.4,17.7,22.2,1015.3,43,26,14.1,54,0.0,3,0.0,21.9,58.0,12,345,Winter
27.0,17.6,22.1,1015.1,51,31,12.6,358,0.0,3,0.0,22.2,43.0,12,346,Winter
26.8,18.0,22.2,1014.9,68,26,10.5,86,0.0,3,0.0,22.1,51.0,12,347,Winter
25.7,19.3,21.8,1015.6,58,65,18.1,43,0.5,51,0.0,22.2,68.0,12,348,Winter
25.0,16.3,20.4,1017.4,61,6,17.8,47,0.0,1,0.5,21.8,58.0,12,349,Winter
26.6,16.8,21.2,1018.1,54,7,19.6,35,0.0,2,0.0,20.4,61.0,12,350,Winter
25.8,15.2,20.7,1017.7,57,9,11.2,15,0.0,2,0.0,21.2,54.0,12,351,Winter
26.5,15.9,21.0,1018.7,45,0,16.1,57,0.0,0,0.0,20.7,57.0,12,352,Winter
26.4,16.2,20.9,1018.8,36,0,22.0,55,0.0,0,0.0,21.0,45.0,12,353,Winter
26.6,14.7,20.7,1019.3,39,0,14.5,43,0.0,0,0.0,20.9,36.0,12,354,Winter
27.6,17.7,22.0,1019.4,35,6,23.9,54,0.0,1,0.0,20.7,39.0,12,355,Winter
27.2,17.1,21.7,1018.3,42,2,18.1,33,0.0,0,0.0,22.0,35.0,12,356,Winter
27.6,15.0,20.9,1017.1,58,0,14.8,316,0.0,0,0.0,21.7,42.0,12,357,Winter
27.1,14.5,20.6,1016.9,56,36,10.6,62,0.0,3,0.0,20.9,58.0,12,358,Winter
25.8,13.6,19.9,1015.4,61,10,18.6,284,0.0,2,0.0,20.6,56.0,12,359,Winter
25.9,17.4,21.2,1012.7,70,1,13.5,247,0.0,0,0.0,19.9,61.0,12,360,Winter
25.3,14.9,20.5,1012.8,71,15,13.6,217,0.0,2,0.0,21.2,70.0,12,361,Winter
25.9,16.4,21.1,1013.7,66,25,12.3,43,0.0,2,0.0,20.5,71.0,12,362,Winter
25.1,18.1,21.2,1013.4,66,35,15.5,281,0.0,3,0.0,21.1,66.0,12,363,Winter
26.0,17.3,21.6,1014.6,65,21,10.7,10,0.0,3,0.0,21.2,66.0,12,364,Winter
25.4,15.7,20.7,1015.8,53,80,12.0,3,0.0,3,0.0,21.6,65.0,12,365,Winter
26.0,14.8,20.6,1014.5,53,20,13.2,49,0.0,2,0.0,20.7,53.0,1,1,Winter
25.3,17.5,20.9,1014.8,44,32,22.1,65,0.0,3,0.0,20.6,53.0,1,2,Winter
25.0,14.3,19.8,1017.7,62,1,14.7,304,0.0,0,0.0,20.9,44.0,1,3,Winter
25.6,15.0,20.4,1018.5,57,0,14.0,346,0.0,0,0.0,19.8,62.0,1,4,Winter
25.4,16.2,20.6,1015.0,70,0,18.0,276,0.0,0,0.0,20.4,57.0,1,5,Winter
24.1,15.1,20.1,1013.4,74,2,16.4,249,0.0,0,0.0,20.6,70.0,1,6,Winter
26.0,15.1,20.6,1014.7,62,4,12.0,20,0.0,1,0.0,20.1,74.0,1,7,Winter
25.5,16.8,20.7,1016.5,49,0,23.0,53,0.0,0,0.0,20.6,62.0,1,8,Winter
25.4,15.1,19.8,1016.8,55,0,18.3,59,0.0,0,0.0,20.7,49.0,1,9,Winter
25.9,13.9,19.6,1016.8,55,0,15.0,61,0.0,0,0.0,19.8,55.0,1,10,Winter
24.3,15.8,19.5,1016.7,48,49,21.3,63,0.0,3,0.0,19.6,55.0,1,11,Winter
22.5,15.0,18.8,1016.8,60,20,14.0,310,0.0,2,0.0,19.5,48.0,1,12,Winter
24.3,13.5,19.6,1019.0,55,0,10.9,309,0.0,0,0.0,18.8,60.0,1,13,Winter
24.6,12.6,18.9,1021.9,56,43,11.3,57,0.0,3,0.0,19.6,55.0,1,14,Winter
25.5,14.4,19.5,1022.0,47,81,14.2,54,0.0,3,0.0,18.9,56.0,1,15,Winter
26.6,13.8,19.7,1022.0,47,1,16.6,50,0.0,0,0.0,19.5,47.0,1,16,Winter
25.7,12.2,19.0,1020.6,64,0,16.6,303,0.0,0,0.0,19.7,47.0,1,17,Winter
25.8,14.2,20.2,1019.3,75,0,9.7,314,0.0,0,0.0,19.0,64.0,1,18,Winter
26.1,14.2,20.2,1018.1,63,7,11.9,2,0.0,2,0.0,20.2,75.0,1,19,Winter
26.5,14.6,20.6,1018.4,61,74,9.8,40,0.0,3,0.0,20.2,63.0,1,20,Winter
26.8,15.6,20.9,1018.2,55,95,13.6,30,0.0,3,0.0,20.6,61.0,1,21,Winter
25.4,15.0,20.3,1016.2,67,4,16.4,278,0.0,2,0.0,20.9,55.0,1,22,Winter
25.5,16.4,20.8,1015.7,79,4,17.0,283,0.0,1,0.0,20.3,67.0,1,23,Winter
27.1,17.1,21.9,1015.0,71,17,11.6,9,0.0,3,0.0,20.8,79.0,1,24,Winter
28.1,16.7,22.1,1017.0,53,2,12.7,42,0.0,0,0.0,21.9,71.0,1,25,Winter
27.0,15.5,21.3,1017.0,57,0,16.0,337,0.0,0,0.0,22.1,53.0,1,26,Winter
25.9,15.8,21.2,1015.9,64,5,16.3,274,0.0,1,0.0,21.3,57.0,1,27,Winter
25.9,17.5,21.5,1015.5,75,23,21.8,278,0.0,3,0.0,21.2,64.0,1,28,Winter
26.0,18.6,21.9,1016.5,76,8,17.9,282,0.0,2,0.0,21.5,75.0,1,29,Winter
27.0,16.0,21.5,1017.5,72,5,14.4,317,0.0,1,0.0,21.9,76.0,1,30,Winter
26.1,15.8,21.1,1016.4,70,11,16.2,288,0.0,3,0.0,21.5,72.0,1,31,Winter
26.5,17.0,21.5,1014.8,72,16,18.0,285,0.0,3,0.0,21.1,70.0,2,32,Winter
27.7,15.7,21.9,1014.8,68,5,9.7,1,0.0,1,0.0,21.5,72.0,2,33,Winter
29.1,17.1,23.0,1014.8,50,10,20.9,46,0.0,1,0.0,21.9,68.0,2,34,Winter
29.5,17.2,23.1,1014.8,45,30,13.4,31,0.0,3,0.0,23.0,50.0,2,35,Winter
30.0,16.3,23.1,1014.7,53,14,13.6,33,0.0,2,0.0,23.1,45.0,2,36,Winter
29.3,16.6,23.1,1014.6,56,6,11.8,297,0.0,1,0.0,23.1,53.0,2,37,Winter
26.0,18.1,22.5,1014.9,75,81,13.7,231,0.0,3,0.0,23.1,56.0,2,38,Winter
23.4,17.9,21.6,1011.5,74,73,33.0,260,9.4,63,0.0,22.5,75.0,2,39,Winter
19.7,13.4,16.6,1012.8,48,0,24.5,312,0.0,0,9.4,21.6,74.0,2,40,Winter
22.8,11.5,17.0,1015.0,51,0,24.2,53,0.0,0,0.0,16.6,48.0,2,41,Winter
23.1,13.6,17.8,1017.8,42,0,27.2,47,0.0,0,0.0,17.0,51.0,2,42,Winter
23.6,11.2,17.6,1018.1,61,23,14.4,335,0.0,3,0.0,17.8,42.0,2,43,Winter
25.4,13.7,19.6,1016.8,65,34,11.7,328,0.0,3,0.0,17.6,61.0,2,44,Winter
27.0,13.3,20.3,1014.9,58,0,16.2,310,0.0,0,0.0,19.6,65.0,2,45,Winter
27.7,15.9,21.7,1013.2,50,4,23.2,299,0.0,1,0.0,20.3,58.0,2,46,Winter
27.3,14.3,21.1,1015.7,21,34,19.5,18,0.0,3,0.0,21.7,50.0,2,47,Winter
26.4,13.7,20.0,1018.6,30,0,17.1,43,0.0,0,0.0,21.1,21.0,2,48,Winter
25.4,11.8,19.0,1017.0,55,0,17.6,286,0.0,0,0.0,20.0,30.0,2,49,Winter
27.0,16.3,21.5,1015.1,76,0,17.4,276,0.0,0,0.0,19.0,55.0,2,50,Winter
28.5,16.2,21.9,1014.9,74,12,19.0,272,0.0,2,0.0,21.5,76.0,2,51,Winter
27.2,15.9,21.2,1013.6,72,0,17.4,276,0.0,0,0.0,21.9,74.0,2,52,Winter
26.5,17.2,21.7,1012.2,72,10,25.5,273,0.0,2,0.0,21.2,72.0,2,53,Winter
27.2,20.0,23.0,1011.4,74,4,24.4,273,0.0,1,0.0,21.7,72.0,2,54,Winter
27.2,18.9,22.7,1011.1,74,2,20.8,264,0.0,0,0.0,23.0,74.0,2,55,Winter
26.7,18.4,22.5,1011.8,76,12,18.9,266,0.0,2,0.0,22.7,74.0,2,56,Winter
28.1,19.6,23.0,1013.3,76,16,20.9,277,0.0,2,0.0,22.5,76.0,2,57,Winter
30.3,18.7,23.5,1013.6,70,16,19.4,285,0.0,3,0.0,23.0,76.0,2,58,Winter
28.0,19.2,23.2,1013.0,77,34,23.8,271,0.0,3,0.0,23.5,70.0,2,59,Winter
28.8,22.0,24.5,1012.4,78,47,25.1,262,0.0,2,0.0,23.2,77.0,3,60,HotDry
28.2,21.8,24.2,1011.9,80,96,20.7,271,0.0,3,0.0,24.5,78.0,3,61,HotDry
27.6,21.6,24.2,1009.8,77,32,30.9,256,0.0,3,0.0,24.2,80.0,3,62,HotDry
28.7,22.5,24.8,1009.6,74,27,31.2,261,0.0,2,0.0,24.2,77.0,3,63,HotDry
27.6,21.5,23.9,1011.2,69,45,18.5,264,0.0,3,0.0,24.8,74.0,3,64,HotDry
27.6,20.8,23.7,1012.0,67,32,27.8,272,0.0,3,0.0,23.9,69.0,3,65,HotDry
28.3,19.5,23.7,1015.2,75,1,20.6,257,0.0,0,0.0,23.7,67.0,3,66,HotDry
30.5,18.5,24.4,1015.9,69,0,21.6,278,0.0,0,0.0,23.7,75.0,3,67,HotDry
32.1,19.5,25.2,1015.3,70,0,22.7,276,0.0,0,0.0,24.4,69.0,3,68,HotDry
32.8,21.2,25.9,1015.4,67,0,19.5,254,0.0,0,0.0,25.2,70.0,3,69,HotDry
33.6,18.8,26.0,1015.4,64,2,19.6,282,0.0,1,0.0,25.9,67.0,3,70,HotDry
32.9,19.8,25.9,1015.8,66,0,20.4,281,0.0,0,0.0,26.0,64.0,3,71,HotDry
33.2,21.0,26.4,1013.5,62,0,21.3,269,0.0,0,0.0,25.9,66.0,3,72,HotDry
31.3,22.2,26.1,1011.0,66,0,27.6,268,0.0,0,0.0,26.4,62.0,3,73,HotDry
31.9,22.2,26.3,1009.5,68,0,26.0,265,0.0,0,0.0,26.1,66.0,3,74,HotDry
32.5,22.3,26.5,1009.4,71,0,25.1,261,0.0,0,0.0,26.3,68.0,3,75,HotDry
34.0,20.5,26.7,1012.6,68,4,21.2,271,0.0,1,0.0,26.5,71.0,3,76,HotDry
38.2,23.0,30.0,1014.1,50,0,21.4,318,0.0,0,0.0,26.7,68.0,3,77,HotDry
38.6,22.8,30.5,1013.0,46,0,24.1,295,0.0,0,0.0,30.0,50.0,3,78,HotDry
37.0,25.1,30.3,1010.7,39,0,27.8,279,0.0,0,0.0,30.5,46.0,3,79,HotDry
33.3,23.8,28.0,1008.9,57,0,30.1,261,0.0,0,0.0,30.3,39.0,3,80,HotDry
32.1,24.0,27.3,1005.0,63,0,28.1,261,0.0,0,0.0,28.0,57.0,3,81,HotDry
32.3,22.5,26.6,1002.8,70,0,18.4,236,0.0,0,0.0,27.3,63.0,3,82,HotDry
32.6,21.0,26.2,1004.3,72,9,16.9,196,0.0,3,0.0,26.6,70.0,3,83,HotDry
32.1,21.2,26.2,1006.3,71,15,18.3,213,0.0,2,0.0,26.2,72.0,3,84,HotDry
31.7,20.8,25.8,1006.8,73,17,24.0,253,0.0,3,0.0,26.2,71.0,3,85,HotDry
32.8,22.4,26.9,1008.6,73,0,22.4,267,0.0,0,0.0,25.8,73.0,3,86,HotDry
31.8,21.8,26.3,1010.0,74,7,23.3,266,0.0,1,0.0,26.9,73.0,3,87,HotDry
31.2,23.1,26.5,1009.3,75,11,31.5,265,0.0,3,0.0,26.3,74.0,3,88,HotDry
32.6,24.3,27.5,1007.4,68,2,33.9,262,0.0,0,0.0,26.5,75.0,3,89,HotDry
32.8,23.9,27.5,1006.3,67,0,26.8,256,0.0,0,0.0,27.5,68.0,3,90,HotDry
33.5,24.5,28.5,1005.8,61,31,28.5,263,0.0,3,0.0,27.5,67.0,4,91,HotDry
31.7,25.1,28.2,1005.6,58,8,37.6,261,0.0,2,0.0,28.5,61.0,4,92,HotDry
31.8,23.2,26.8,1008.5,66,0,22.7,264,0.0,0,0.0,28.2,58.0,4,93,HotDry
30.7,21.5,25.7,1010.9,70,4,20.0,267,0.0,0,0.0,26.8,66.0,4,94,HotDry
32.3,20.3,26.2,1011.0,73,6,21.4,272,0.0,1,0.0,25.7,70.0,4,95,HotDry
37.0,21.4,28.3,1010.2,65,29,26.1,277,0.0,3,0.0,26.2,73.0,4,96,HotDry
33.1,22.5,27.3,1010.6,68,98,21.9,270,0.0,3,0.0,28.3,65.0,4,97,HotDry
32.4,22.1,26.9,1011.6,71,88,22.9,272,0.0,3,0.0,27.3,68.0,4,98,HotDry
35.0,23.9,28.4,1009.6,62,13,28.3,266,0.0,3,0.0,26.9,71.0,4,99,HotDry
32.0,24.3,27.6,1006.1,73,64,31.0,257,0.0,3,0.0,28.4,62.0,4,100,HotDry
32.9,25.0,28.8,1004.1,65,34,33.5,255,0.0,3,0.0,27.6,73.0,4,101,HotDry
34.2,26.2,29.5,1005.2,55,28,27.4,265,0.0,3,0.0,28.8,65.0,4,102,HotDry
35.3,23.9,29.0,1006.8,62,33,22.4,254,0.0,3,0.0,29.5,55.0,4,103,HotDry
34.9,24.7,29.0,1007.1,65,4,23.2,259,0.0,2,0.0,29.0,62.0,4,104,HotDry
33.7,23.6,28.6,1008.2,75,6,21.5,251,0.0,2,0.0,29.0,65.0,4,105,HotDry
34.7,25.4,29.3,1007.1,70,0,23.6,245,0.0,0,0.0,28.6,75.0,4,106,HotDry
35.1,26.0,30.2,1005.8,64,13,27.1,253,0.0,2,0.0,29.3,70.0,4,107,HotDry
34.4,27.7,30.8,1004.6,58,34,33.5,256,0.0,2,0.0,30.2,64.0,4,108,HotDry
33.0,26.8,29.7,1004.0,61,32,36.0,255,0.0,3,0.0,30.8,58.0,4,109,HotDry
34.0,27.1,29.8,1003.3,63,0,34.4,252,0.0,0,0.0,29.7,61.0,4,110,HotDry
32.4,25.1,28.4,1005.1,72,2,26.9,250,0.0,0,0.0,29.8,63.0,4,111,HotDry
33.3,24.5,28.1,1008.4,70,4,22.3,261,0.0,1,0.0,28.4,72.0,4,112,HotDry
31.9,24.2,27.5,1009.6,69,5,25.2,266,0.0,2,0.0,28.1,70.0,4,113,HotDry
32.4,25.0,27.9,1007.5,72,5,32.3,265,0.0,1,0.0,27.5,69.0,4,114,HotDry
31.8,25.6,28.3,1006.4,75,24,29.4,258,0.0,2,0.0,27.9,72.0,4,115,HotDry
34.0,25.9,29.6,1007.7,72,39,30.5,256,0.0,3,0.0,28.3,75.0,4,116,HotDry
35.1,26.8,30.3,1009.6,61,5,30.1,265,0.0,1,0.0,29.6,72.0,4,117,HotDry
34.9,26.3,30.2,1008.5,64,37,28.2,264,0.0,3,0.0,30.3,61.0,4,118,HotDry
34.7,26.5,30.0,1006.3,64,30,28.9,256,0.0,3,0.0,30.2,64.0,4,119,HotDry
35.1,25.6,29.7,1007.9,71,44,22.6,267,0.0,3,0.0,30.0,64.0,4,120,HotDry
34.4,26.0,29.5,1009.5,71,21,20.9,269,0.0,2,0.0,29.7,71.0,5,121,HotDry
34.9,25.8,29.5,1008.3,73,28,23.9,266,0.0,2,0.0,29.5,71.0,5,122,HotDry
33.6,25.9,29.2,1005.5,76,33,26.3,262,0.0,2,0.0,29.5,73.0,5,123,HotDry
32.8,26.9,29.5,1004.0,78,71,28.1,247,0.0,3,0.0,29.2,76.0,5,124,HotDry
34.1,27.6,30.4,1002.7,75,24,31.2,247,0.0,2,0.0,29.5,78.0,5,125,HotDry
34.5,27.7,30.5,1003.2,70,2,33.9,254,0.0,1,0.0,30.4,75.0,5,126,HotDry
34.4,27.2,30.3,1004.8,70,6,28.5,259,0.0,1,0.0,30.5,70.0,5,127,HotDry
33.6,27.4,30.1,1005.8,71,26,27.7,264,0.0,2,0.0,30.3,70.0,5,128,HotDry
33.5,27.0,29.5,1004.9,69,8,26.8,260,0.0,1,0.0,30.1,71.0,5,129,HotDry
33.5,26.1,29.5,1004.6,66,0,31.2,266,0.0,0,0.0,29.5,69.0,5,130,HotDry
35.3,26.3,30.4,1004.3,64,0,30.0,265,0.0,0,0.0,29.5,66.0,5,131,HotDry
35.8,26.1,30.3,1004.1,69,0,26.8,263,0.0,0,0.0,30.4,64.0,5,132,HotDry
35.6,26.6,30.6,1003.3,70,0,25.8,254,0.0,0,0.0,30.3,69.0,5,133,HotDry
39.5,27.1,32.2,1001.2,62,0,28.2,262,0.0,0,0.0,30.6,70.0,5,134,HotDry
36.0,27.2,31.1,1001.5,68,0,27.5,254,0.0,0,0.0,32.2,62.0,5,135,HotDry
34.5,27.2,30.4,1002.0,75,1,34.2,251,0.0,0,0.0,31.1,68.0,5,136,HotDry
33.5,27.0,29.8,1004.4,76,9,31.7,253,0.0,1,0.0,30.4,75.0,5,137,HotDry
35.3,27.7,30.8,1004.5,72,8,26.2,258,0.0,1,0.0,29.8,76.0,5,138,HotDry
35.8,27.2,30.9,1003.9,70,1,26.5,264,0.0,0,0.0,30.8,72.0,5,139,HotDry
36.4,27.7,31.5,1002.2,69,0,24.9,253,0.0,0,0.0,30.9,70.0,5,140,HotDry
35.8,28.1,31.3,1002.0,75,0,25.5,248,0.0,0,0.0,31.5,69.0,5,141,HotDry
34.7,27.8,30.7,1002.1,78,18,28.2,254,0.0,3,0.0,31.3,75.0,5,142,HotDry
34.6,27.6,30.5,1002.6,78,14,33.2,255,0.0,1,0.0,30.7,78.0,5,143,HotDry
34.4,27.9,30.6,1001.9,75,15,38.1,261,0.0,1,0.0,30.5,78.0,5,144,HotDry
33.8,27.5,30.2,1001.1,77,4,40.5,260,0.0,1,0.0,30.6,75.0,5,145,HotDry
33.8,28.3,30.5,1000.7,77,11,43.1,260,0.0,1,0.0,30.2,77.0,5,146,HotDry
33.6,28.2,30.4,1000.9,77,14,41.6,260,0.0,1,0.0,30.5,77.0,5,147,HotDry
34.0,28.1,30.4,1002.0,77,9,37.6,256,0.0,1,0.0,30.4,77.0,5,148,HotDry
34.7,27.6,30.3,1003.2,76,12,34.5,261,0.0,2,0.0,30.4,77.0,5,149,HotDry
33.4,27.3,29.8,1003.4,78,9,33.1,253,0.0,1,0.0,30.3,76.0,5,150,HotDry
32.9,27.5,29.9,1004.0,76,37,30.9,246,0.0,2,0.0,29.8,78.0,5,151,HotDry
33.1,27.8,30.1,1004.9,73,23,27.7,245,0.0,2,0.0,29.9,76.0,6,152,Monsoon
34.0,28.0,30.5,1006.0,75,83,25.2,233,0.0,3,0.0,30.1,73.0,6,153,Monsoon
34.3,28.3,30.9,1007.6,74,24,28.9,241,0.0,3,0.0,30.5,75.0,6,154,Monsoon
33.7,28.7,30.6,1007.8,74,74,31.9,250,0.2,51,0.0,30.9,74.0,6,155,Monsoon
33.5,28.1,30.1,1005.6,75,83,27.0,237,2.8,53,0.2,30.6,74.0,6,156,Monsoon
28.4,26.6,27.5,997.9,85,99,30.8,135,40.2,63,2.8,30.1,75.0,6,157,Monsoon
30.9,27.5,29.0,1001.2,81,51,27.9,260,0.0,3,40.2,27.5,85.0,6,158,Monsoon
31.1,27.5,29.0,1004.3,81,40,20.8,257,0.0,2,0.0,29.0,81.0,6,159,Monsoon
30.9,27.3,28.9,1003.6,79,22,23.2,263,0.0,1,0.0,29.0,81.0,6,160,Monsoon
31.4,27.3,29.0,1003.6,79,16,19.4,266,0.0,2,0.0,28.9,79.0,6,161,Monsoon
31.8,26.8,28.8,1002.9,80,21,20.4,269,0.0,2,0.0,29.0,79.0,6,162,Monsoon
32.3,26.4,28.9,1001.4,79,14,22.5,264,0.0,2,0.0,28.8,80.0,6,163,Monsoon
32.4,27.2,29.5,1000.0,77,25,26.3,260,0.0,3,0.0,28.9,79.0,6,164,Monsoon
32.6,27.7,29.9,999.6,75,36,29.7,252,0.0,2,0.0,29.5,77.0,6,165,Monsoon
32.9,28.2,30.0,1000.3,72,40,23.6,246,0.0,3,0.0,29.9,75.0,6,166,Monsoon
33.3,27.6,29.9,1000.7,72,16,26.1,261,0.0,1,0.0,30.0,72.0,6,167,Monsoon
32.8,27.3,29.6,1001.3,74,21,26.6,261,0.0,1,0.0,29.9,72.0,6,168,Monsoon
32.6,27.5,29.7,1002.9,76,19,25.4,260,0.0,1,0.0,29.6,74.0,6,169,Monsoon
33.0,27.0,29.5,1002.4,76,19,26.6,268,0.0,2,0.0,29.7,76.0,6,170,Monsoon
33.5,26.9,29.7,1001.6,77,23,28.0,261,0.0,2,0.0,29.5,76.0,6,171,Monsoon
32.7,27.8,30.0,1002.2,77,37,33.3,252,0.0,2,0.0,29.7,77.0,6,172,Monsoon
33.0,28.4,30.3,1000.8,74,37,36.3,251,0.0,2,0.0,30.0,77.0,6,173,Monsoon
32.4,28.3,30.0,999.7,77,53,35.9,248,0.1,51,0.0,30.3,74.0,6,174,Monsoon
32.1,28.5,29.9,997.0,80,65,32.0,244,0.6,51,0.1,30.0,77.0,6,175,Monsoon
32.2,28.1,29.7,997.1,80,56,24.4,247,0.0,3,0.6,29.9,80.0,6,176,Monsoon
32.5,27.8,29.8,998.5,76,26,21.7,249,0.0,2,0.0,29.7,80.0,6,177,Monsoon
32.6,27.5,29.5,999.2,76,19,27.9,248,0.0,2,0.0,29.8,76.0,6,178,Monsoon
32.2,27.6,29.6,998.4,75,58,32.5,244,0.0,3,0.0,29.5,76.0,6,179,Monsoon
32.3,28.1,29.8,997.7,75,63,30.3,237,0.0,3,0.0,29.6,75.0,6,180,Monsoon
32.2,27.6,29.6,997.6,77,62,25.5,235,0.0,3,0.0,29.8,75.0,6,181,Monsoon
32.4,27.4,29.6,997.9,75,42,21.4,234,0.0,2,0.0,29.6,77.0,7,182,Monsoon
32.7,28.1,30.1,999.3,72,45,21.2,246,0.1,51,0.0,29.6,75.0,7,183,Monsoon
34.1,28.3,30.6,1000.5,69,56,23.0,247,0.0,3,0.1,30.1,72.0,7,184,Monsoon
33.9,27.8,30.4,999.2,72,80,26.4,267,0.0,3,0.0,30.6,69.0,7,185,Monsoon
35.3,28.7,31.0,999.0,74,83,26.2,250,0.0,3,0.0,30.4,72.0,7,186,Monsoon
34.6,28.8,31.1,999.8,75,78,18.7,257,0.6,53,0.0,31.0,74.0,7,187,Monsoon
32.0,28.4,29.8,1000.7,82,71,12.9,299,17.2,63,0.6,31.1,75.0,7,188,Monsoon
33.7,28.4,30.6,1002.2,81,52,19.2,109,3.2,61,17.2,29.8,82.0,7,189,Monsoon
32.5,28.3,30.3,1002.2,83,24,19.7,239,0.9,51,3.2,30.6,81.0,7,190,Monsoon
31.7,28.7,30.0,1001.9,82,37,33.9,259,1.2,51,0.9,30.3,83.0,7,191,Monsoon
30.9,28.3,29.3,1001.7,81,44,43.3,255,1.0,51,1.2,30.0,82.0,7,192,Monsoon
30.9,28.0,29.2,998.6,81,59,45.0,250,2.3,51,1.0,29.3,81.0,7,193,Monsoon
31.3,28.1,29.4,1000.0,83,51,35.1,238,2.3,51,2.3,29.2,81.0,7,194,Monsoon
31.5,27.5,29.3,1002.9,83,42,24.6,249,2.2,51,2.3,29.4,83.0,7,195,Monsoon
31.5,27.5,29.1,1002.7,81,43,24.1,260,0.0,2,2.2,29.3,83.0,7,196,Monsoon
32.1,27.4,29.3,1000.1,80,43,20.4,252,0.0,3,0.0,29.1,81.0,7,197,Monsoon
32.6,27.6,29.7,998.9,79,84,19.1,241,0.0,3,0.0,29.3,80.0,7,198,Monsoon
33.4,28.2,30.4,999.3,78,93,21.6,242,0.0,3,0.0,29.7,79.0,7,199,Monsoon
32.8,28.4,30.3,996.7,78,93,29.5,249,0.1,51,0.0,30.4,78.0,7,200,Monsoon
33.1,28.8,30.6,995.7,76,97,25.2,241,0.0,3,0.1,30.3,78.0,7,201,Monsoon
32.4,28.5,30.2,997.5,79,97,21.2,238,0.5,51,0.0,30.6,76.0,7,202,Monsoon
32.3,28.4,29.9,997.3,78,57,24.3,256,0.3,51,0.5,30.2,79.0,7,203,Monsoon
32.0,27.8,29.5,998.8,80,96,15.4,268,6.2,63,0.3,29.9,78.0,7,204,Monsoon
31.9,27.9,29.4,997.9,80,59,28.7,257,0.0,3,6.2,29.5,80.0,7,205,Monsoon
30.9,27.3,28.8,996.3,79,95,32.6,261,0.0,3,0.0,29.4,80.0,7,206,Monsoon
29.9,27.3,28.4,995.9,81,100,25.4,267,0.0,3,0.0,28.8,79.0,7,207,Monsoon
30.0,26.9,27.9,995.5,90,100,23.8,282,53.5,65,0.0,28.4,81.0,7,208,Monsoon
30.0,27.2,28.3,996.5,87,100,19.7,93,5.7,61,53.5,27.9,90.0,7,209,Monsoon
31.8,26.7,29.0,997.8,83,57,14.8,110,0.6,51,5.7,28.3,87.0,7,210,Monsoon
31.1,27.3,29.0,999.3,87,36,15.0,127,0.8,51,0.6,29.0,83.0,7,211,Monsoon
32.9,27.3,29.7,1000.1,84,58,19.7,229,0.0,3,0.8,29.0,87.0,7,212,Monsoon
30.1,27.8,28.8,1000.6,86,99,21.5,265,0.0,3,0.0,29.7,84.0,8,213,Monsoon
29.1,27.7,28.3,999.8,87,100,20.2,275,0.0,3,0.0,28.8,86.0,8,214,Monsoon
29.4,27.3,28.2,998.1,87,98,20.6,267,0.0,3,0.0,28.3,87.0,8,215,Monsoon
30.3,26.9,28.4,997.6,85,90,15.5,255,0.0,3,0.0,28.2,87.0,8,216,Monsoon
30.7,27.0,28.5,1000.6,82,75,17.4,252,0.0,3,0.0,28.4,85.0,8,217,Monsoon
30.7,26.7,28.3,1003.2,82,81,18.4,269,1.9,53,0.0,28.5,82.0,8,218,Monsoon
29.8,26.6,27.9,1002.2,86,97,20.0,292,11.4,63,1.9,28.3,82.0,8,219,Monsoon
31.4,26.6,28.2,1000.2,86,98,22.3,292,12.8,61,11.4,27.9,86.0,8,220,Monsoon
29.6,26.0,27.6,1000.5,87,100,19.5,283,11.9,63,12.8,28.2,86.0,8,221,Monsoon
30.5,27.1,28.4,1001.7,84,88,19.6,262,1.7,55,11.9,27.6,87.0,8,222,Monsoon
30.5,27.3,28.6,1002.5,86,36,25.8,254,0.0,3,1.7,28.4,84.0,8,223,Monsoon
30.3,27.2,28.4,1002.5,84,66,23.2,252,0.0,3,0.0,28.6,86.0,8,224,Monsoon
29.9,26.8,28.1,1002.4,85,88,20.4,261,0.0,3,0.0,28.4,84.0,8,225,Monsoon
29.9,26.5,28.0,1001.7,85,83,19.7,259,0.0,3,0.0,28.1,85.0,8,226,Monsoon
30.3,26.7,28.1,1002.2,85,59,18.4,263,0.0,3,0.0,28.0,85.0,8,227,Monsoon
30.9,26.6,28.3,1003.2,83,69,18.1,270,0.0,3,0.0,28.1,85.0,8,228,Monsoon
30.6,26.8,28.3,1001.6,82,58,22.1,268,0.0,3,0.0,28.3,83.0,8,229,Monsoon
30.5,26.8,28.3,1000.4,83,88,28.1,263,0.0,3,0.0,28.3,82.0,8,230,Monsoon
29.8,26.8,28.3,1002.4,84,98,24.2,255,0.0,3,0.0,28.3,83.0,8,231,Monsoon
29.8,27.2,28.2,1004.8,86,96,26.4,252,1.2,51,0.0,28.3,84.0,8,232,Monsoon
30.2,26.9,28.2,1003.8,84,86,29.6,252,0.0,3,1.2,28.2,86.0,8,233,Monsoon
30.3,27.0,28.3,1002.5,84,96,32.4,257,0.3,51,0.0,28.2,84.0,8,234,Monsoon
30.2,26.9,28.2,1001.9,83,43,35.9,258,0.2,51,0.3,28.3,84.0,8,235,Monsoon
29.9,26.8,28.1,999.8,84,51,32.4,252,0.3,51,0.2,28.2,83.0,8,236,Monsoon
29.6,26.5,27.9,1000.2,85,57,22.0,243,0.7,51,0.3,28.1,84.0,8,237,Monsoon
31.7,26.3,28.4,1002.8,83,39,16.6,256,0.1,51,0.7,27.9,85.0,8,238,Monsoon
34.5,26.9,30.0,1003.3,77,47,18.8,297,0.2,51,0.1,28.4,83.0,8,239,Monsoon
33.7,27.3,29.6,1001.9,78,82,22.5,271,0.0,3,0.2,30.0,77.0,8,240,Monsoon
31.8,26.6,28.7,1002.1,82,89,24.5,268,0.0,3,0.0,29.6,78.0,8,241,Monsoon
30.8,26.8,28.5,1000.0,81,100,27.1,266,0.0,3,0.0,28.7,82.0,8,242,Monsoon
31.7,26.5,28.7,999.1,82,99,19.9,274,0.0,3,0.0,28.5,81.0,8,243,Monsoon
33.7,27.3,29.8,1000.7,80,95,19.5,272,0.0,3,0.0,28.7,82.0,9,244,Monsoon
32.9,27.4,29.6,1002.6,81,73,20.0,255,0.0,3,0.0,29.8,80.0,9,245,Monsoon
32.1,27.4,29.3,1001.8,80,79,27.4,259,0.0,3,0.0,29.6,81.0,9,246,Monsoon
30.9,27.0,28.6,1000.6,81,81,25.0,255,0.0,3,0.0,29.3,80.0,9,247,Monsoon
31.5,26.9,28.7,1002.2,78,66,22.0,257,0.0,3,0.0,28.6,81.0,9,248,Monsoon
31.6,26.8,28.6,1002.8,79,71,22.2,261,0.0,3,0.0,28.7,78.0,9,249,Monsoon
30.8,26.8,28.3,1001.1,78,72,24.9,261,0.0,3,0.0,28.6,79.0,9,250,Monsoon
31.2,26.2,28.3,1001.1,79,89,18.0,255,0.0,3,0.0,28.3,78.0,9,251,Monsoon
32.5,26.4,28.8,1001.8,80,83,17.7,274,5.4,63,0.0,28.3,79.0,9,252,Monsoon
33.5,26.6,29.1,1000.1,82,93,17.4,289,9.5,61,5.4,28.8,80.0,9,253,Monsoon
29.3,26.9,27.7,1001.1,87,100,19.2,272,17.0,61,9.5,29.1,82.0,9,254,Monsoon
29.5,26.8,27.9,1003.1,86,87,19.8,266,0.0,3,17.0,27.7,87.0,9,255,Monsoon
29.4,26.3,27.5,1003.3,84,76,19.5,253,0.0,3,0.0,27.9,86.0,9,256,Monsoon
29.7,25.9,27.4,1002.4,85,51,19.4,237,0.0,3,0.0,27.5,84.0,9,257,Monsoon
29.4,25.5,27.0,1004.1,86,31,17.2,244,0.0,2,0.0,27.4,85.0,9,258,Monsoon
29.4,25.7,27.0,1004.5,83,16,19.7,256,0.0,1,0.0,27.0,86.0,9,259,Monsoon
29.1,24.7,26.6,1003.9,83,17,24.0,258,0.0,1,0.0,27.0,83.0,9,260,Monsoon
32.7,25.4,28.1,1001.9,74,12,14.6,247,0.0,2,0.0,26.6,83.0,9,261,Monsoon
34.7,23.8,29.5,1004.0,63,6,19.5,49,0.0,1,0.0,28.1,74.0,9,262,Monsoon
35.2,24.9,29.6,1005.9,63,6,20.4,293,0.0,1,0.0,29.5,63.0,9,263,Monsoon
32.7,24.8,28.5,1007.1,64,22,19.9,259,0.0,2,0.0,29.6,63.0,9,264,Monsoon
31.8,23.9,27.3,1007.7,75,17,25.9,260,0.0,1,0.0,28.5,64.0,9,265,Monsoon
31.3,24.5,27.4,1006.3,76,1,24.2,246,0.0,0,0.0,27.3,75.0,9,266,Monsoon
31.0,24.7,27.5,1006.2,80,21,19.9,235,0.0,3,0.0,27.4,76.0,9,267,Monsoon
30.6,25.2,27.2,1008.1,79,28,17.3,251,0.0,3,0.0,27.5,80.0,9,268,Monsoon
31.0,24.6,27.3,1009.5,76,21,15.3,254,0.0,2,0.0,27.2,79.0,9,269,Monsoon
32.9,24.1,27.5,1010.1,72,9,17.3,267,0.0,2,0.0,27.3,76.0,9,270,Monsoon
34.6,24.1,29.1,1009.4,63,1,17.3,290,0.0,0,0.0,27.5,72.0,9,271,Monsoon
34.4,25.4,29.2,1009.6,61,4,16.5,281,0.0,2,0.0,29.1,63.0,9,272,Monsoon
33.7,26.1,29.1,1009.8,65,43,17.4,273,0.0,3,0.0,29.2,61.0,9,273,Monsoon
34.8,24.1,29.1,1008.7,67,1,15.8,275,0.0,0,0.0,29.1,65.0,10,274,PostMonsoon
37.6,25.7,31.0,1007.8,50,0,20.2,298,0.0,0,0.0,29.1,67.0,10,275,PostMonsoon
37.6,26.2,31.1,1007.5,49,0,18.9,283,0.0,0,0.0,31.0,50.0,10,276,PostMonsoon
35.8,25.5,29.8,1007.4,61,0,18.1,280,0.0,0,0.0,31.1,49.0,10,277,PostMonsoon
34.7,24.9,29.2,1006.1,67,0,20.3,282,0.0,0,0.0,29.8,61.0,10,278,PostMonsoon
34.6,24.6,28.9,1006.3,70,1,20.9,271,0.0,0,0.0,29.2,67.0,10,279,PostMonsoon
32.6,25.2,28.2,1006.1,77,17,23.8,270,0.0,3,0.0,28.9,70.0,10,280,PostMonsoon
31.4,26.2,28.0,1005.8,79,33,19.6,263,0.0,3,0.0,28.2,77.0,10,281,PostMonsoon
30.5,25.6,27.7,1004.3,79,28,23.6,249,0.0,2,0.0,28.0,79.0,10,282,PostMonsoon
31.5,26.1,28.1,1002.4,80,25,18.3,225,0.0,2,0.0,27.7,79.0,10,283,PostMonsoon
31.1,24.5,27.5,1005.4,80,30,16.6,202,0.0,3,0.0,28.1,80.0,10,284,PostMonsoon
30.9,24.6,27.2,1009.7,76,30,18.2,236,0.0,3,0.0,27.5,80.0,10,285,PostMonsoon
32.0,23.9,27.4,1010.7,74,4,19.5,267,0.0,1,0.0,27.2,76.0,10,286,PostMonsoon
31.4,24.7,27.5,1008.9,75,16,21.7,267,0.0,2,0.0,27.4,74.0,10,287,PostMonsoon
30.8,25.4,27.5,1008.7,78,23,21.9,266,0.0,3,0.0,27.5,75.0,10,288,PostMonsoon
31.1,25.3,27.6,1008.0,81,31,20.3,265,0.0,3,0.0,27.5,78.0,10,289,PostMonsoon
32.0,25.0,27.6,1006.5,80,25,18.6,274,0.0,3,0.0,27.6,81.0,10,290,PostMonsoon
34.9,23.9,28.6,1007.1,74,18,20.8,293,0.0,2,0.0,27.6,80.0,10,291,PostMonsoon
36.8,23.9,29.8,1007.6,60,2,19.5,303,0.0,0,0.0,28.6,74.0,10,292,PostMonsoon
36.2,23.7,29.6,1007.8,60,0,19.2,280,0.0,0,0.0,29.8,60.0,10,293,PostMonsoon
34.6,24.2,28.6,1005.2,73,1,18.0,260,0.0,0,0.0,29.6,60.0,10,294,PostMonsoon
35.3,24.3,28.7,1001.4,65,0,20.1,250,0.0,0,0.0,28.6,73.0,10,295,PostMonsoon
31.8,23.5,27.2,1004.4,73,0,18.9,200,0.0,0,0.0,28.7,65.0,10,296,PostMonsoon
31.3,23.9,26.8,1008.1,76,25,20.8,226,0.0,3,0.0,27.2,73.0,10,297,PostMonsoon
30.9,23.4,26.4,1010.1,73,5,18.9,269,0.0,1,0.0,26.8,76.0,10,298,PostMonsoon
31.2,22.0,26.1,1011.8,73,5,19.5,280,0.0,1,0.0,26.4,73.0,10,299,PostMonsoon
31.3,20.8,25.8,1012.8,72,13,14.6,283,0.0,2,0.0,26.1,73.0,10,300,PostMonsoon
32.3,21.4,26.6,1012.4,64,20,14.7,288,0.6,51,0.0,25.8,72.0,10,301,PostMonsoon
29.7,23.3,26.4,1012.4,71,18,16.9,245,0.9,51,0.6,26.6,64.0,10,302,PostMonsoon
31.0,22.8,26.8,1014.5,76,16,13.0,297,0.0,3,0.9,26.4,71.0,10,303,PostMonsoon
33.1,23.2,27.8,1015.8,50,0,14.0,27,0.0,0,0.0,26.8,76.0,10,304,PostMonsoon
32.0,21.0,26.6,1013.0,60,0,13.1,321,0.0,0,0.0,27.8,50.0,11,305,PostMonsoon
32.8,21.0,27.1,1012.5,55,3,9.0,24,0.0,1,0.0,26.6,60.0,11,306,PostMonsoon
34.0,21.8,27.8,1014.1,45,0,11.8,17,0.0,0,0.0,27.1,55.0,11,307,PostMonsoon
32.9,20.0,26.6,1013.4,56,0,16.7,280,0.0,0,0.0,27.8,45.0,11,308,PostMonsoon
32.2,20.5,26.2,1012.4,69,2,14.9,291,0.0,1,0.0,26.6,56.0,11,309,PostMonsoon
32.7,21.9,26.7,1011.7,68,1,10.8,316,0.0,0,0.0,26.2,69.0,11,310,PostMonsoon
34.3,22.8,28.3,1012.3,43,0,21.6,48,0.0,0,0.0,26.7,68.0,11,311,PostMonsoon
33.2,23.9,28.3,1013.4,37,0,25.4,48,0.0,0,0.0,28.3,43.0,11,312,PostMonsoon
33.2,23.7,28.2,1014.6,32,1,28.5,37,0.0,0,0.0,28.3,37.0,11,313,PostMonsoon
33.8,26.0,29.4,1013.9,33,26,27.8,44,0.0,3,0.0,28.2,32.0,11,314,PostMonsoon
32.8,23.1,28.1,1010.6,49,29,14.2,24,0.0,2,0.0,29.4,33.0,11,315,PostMonsoon
32.0,21.6,26.5,1008.0,72,11,11.7,77,0.0,2,0.0,28.1,49.0,11,316,PostMonsoon
31.9,22.2,26.7,1008.3,70,0,17.6,326,0.0,0,0.0,26.5,72.0,11,317,PostMonsoon
33.4,22.1,27.7,1012.5,43,0,21.2,41,0.0,0,0.0,26.7,70.0,11,318,PostMonsoon
32.6,23.3,27.5,1015.1,39,1,21.9,33,0.0,0,0.0,27.7,43.0,11,319,PostMonsoon
30.8,20.6,25.3,1013.3,44,1,16.7,349,0.0,0,0.0,27.5,39.0,11,320,PostMonsoon
30.7,18.8,24.6,1012.3,47,0,17.8,55,0.0,0,0.0,25.3,44.0,11,321,PostMonsoon
31.3,20.4,25.9,1013.7,34,0,16.9,49,0.0,0,0.0,24.6,47.0,11,322,PostMonsoon
30.3,19.1,24.9,1013.7,41,0,12.3,30,0.0,0,0.0,25.9,34.0,11,323,PostMonsoon
30.2,17.9,23.8,1011.1,55,0,12.9,306,0.0,0,0.0,24.9,41.0,11,324,PostMonsoon
29.3,18.1,23.9,1009.0,61,1,14.8,270,0.0,0,0.0,23.8,55.0,11,325,PostMonsoon
25.5,19.3,22.7,1008.9,70,21,13.1,138,0.0,2,0.0,23.9,61.0,11,326,PostMonsoon
28.9,18.2,23.3,1010.6,53,1,19.8,53,0.0,0,0.0,22.7,70.0,11,327,PostMonsoon
29.0,20.0,24.2,1012.6,49,2,17.8,15,0.0,0,0.0,23.3,53.0,11,328,PostMonsoon
28.3,18.3,23.3,1014.2,58,0,13.2,324,0.0,0,0.0,24.2,49.0,11,329,PostMonsoon
28.2,17.3,22.6,1013.7,69,0,14.7,304,0.0,0,0.0,23.3,58.0,11,330,PostMonsoon
27.0,16.7,22.0,1012.2,70,2,12.7,280,0.0,1,0.0,22.6,69.0,11,331,PostMonsoon
27.3,15.2,21.6,1013.4,65,3,10.3,341,0.0,1,0.0,22.0,70.0,11,332,PostMonsoon
28.8,16.8,22.6,1015.2,42,0,12.9,31,0.0,0,0.0,21.6,65.0,11,333,PostMonsoon
27.8,16.2,21.8,1014.1,46,1,13.8,342,0.0,0,0.0,22.6,42.0,11,334,PostMonsoon
26.7,15.1,21.0,1012.1,62,0,10.3,310,0.0,0,0.0,21.8,46.0,12,335,Winter
28.5,15.0,21.5,1014.0,45,0,15.3,55,0.0,0,0.0,21.0,62.0,12,336,Winter
27.9,16.5,21.8,1015.2,38,0,15.8,28,0.0,0,0.0,21.5,45.0,12,337,Winter
27.7,15.7,21.4,1013.5,35,0,13.7,45,0.0,0,0.0,21.8,38.0,12,338,Winter
27.8,16.3,21.6,1012.0,35,0,15.3,46,0.0,0,0.0,21.4,35.0,12,339,Winter
27.3,16.5,21.4,1013.0,36,0,20.1,47,0.0,0,0.0,21.6,35.0,12,340,Winter
26.3,15.8,20.6,1014.2,44,0,20.9,46,0.0,0,0.0,21.4,36.0,12,341,Winter
25.3,15.0,19.8,1013.5,50,0,14.6,11,0.0,0,0.0,20.6,44.0,12,342,Winter
24.7,14.0,19.0,1012.4,50,0,12.7,33,0.0,0,0.0,19.8,50.0,12,343,Winter
24.3,11.5,18.1,1012.2,48,0,13.3,332,0.0,0,0.0,19.0,50.0,12,344,Winter
24.3,12.0,18.6,1011.0,62,0,12.6,292,0.0,0,0.0,18.1,48.0,12,345,Winter
25.1,15.5,20.4,1008.4,64,0,22.7,270,0.0,0,0.0,18.6,62.0,12,346,Winter
27.9,15.4,21.9,1009.6,54,1,14.7,34,0.0,0,0.0,20.4,64.0,12,347,Winter
27.0,15.6,21.0,1013.8,38,1,16.2,75,0.0,0,0.0,21.9,54.0,12,348,Winter
25.7,13.6,19.8,1014.7,54,0,13.7,340,0.0,0,0.0,21.0,38.0,12,349,Winter
25.4,14.7,20.1,1014.5,74,0,9.9,311,0.0,0,0.0,19.8,54.0,12,350,Winter
25.4,14.0,19.8,1014.9,73,16,12.6,300,0.0,3,0.0,20.1,74.0,12,351,Winter
27.4,14.3,20.5,1015.5,62,0,9.6,14,0.0,0,0.0,19.8,73.0,12,352,Winter
27.3,14.9,20.8,1017.2,45,27,15.5,63,0.0,3,0.0,20.5,62.0,12,353,Winter
26.8,15.0,20.5,1018.8,41,0,18.6,50,0.0,0,0.0,20.8,45.0,12,354,Winter
25.5,14.0,19.9,1015.3,68,0,19.3,291,0.0,0,0.0,20.5,41.0,12,355,Winter
28.9,14.4,21.5,1009.7,57,0,16.8,311,0.0,0,0.0,19.9,68.0,12,356,Winter
28.4,15.0,21.4,1009.4,36,0,17.6,17,0.0,0,0.0,21.5,57.0,12,357,Winter
25.7,17.2,20.8,1013.6,42,0,25.0,58,0.0,0,0.0,21.4,36.0,12,358,Winter
24.9,14.8,19.5,1013.9,44,0,17.6,42,0.0,0,0.0,20.8,42.0,12,359,Winter
24.1,12.4,18.5,1013.1,61,0,10.8,358,0.0,0,0.0,19.5,44.0,12,360,Winter
24.7,15.2,19.4,1013.8,45,4,22.5,52,0.0,0,0.0,18.5,61.0,12,361,Winter
24.1,15.1,19.2,1014.1,45,5,29.3,41,0.0,1,0.0,19.4,45.0,12,362,Winter
24.1,14.9,19.3,1014.5,45,9,15.4,2,0.0,1,0.0,19.2,45.0,12,363,Winter
24.0,13.1,18.6,1014.3,49,3,19.1,302,0.0,1,0.0,19.3,45.0,12,364,Winter
23.7,14.2,18.8,1013.3,30,0,18.4,335,0.0,0,0.0,18.6,49.0,12,365,Winter
23.8,11.7,17.7,1014.8,37,0,12.9,56,0.0,0,0.0,18.8,30.0,1,1,Winter
22.9,10.6,17.0,1014.7,55,0,14.1,321,0.0,0,0.0,17.7,37.0,1,2,Winter
23.6,11.4,18.2,1015.6,54,0,12.7,62,0.0,0,0.0,17.0,55.0,1,3,Winter
24.2,13.0,18.4,1016.4,43,13,16.4,48,0.0,3,0.0,18.2,54.0,1,4,Winter
23.9,13.6,18.1,1015.9,54,12,17.6,61,0.0,3,0.0,18.4,43.0,1,5,Winter
23.7,12.8,17.8,1016.7,56,46,17.1,58,0.0,3,0.0,18.1,54.0,1,6,Winter
22.5,12.4,17.3,1015.5,69,42,13.2,15,0.0,3,0.0,17.8,56.0,1,7,Winter
23.4,14.3,18.3,1013.5,77,18,13.0,38,0.0,3,0.0,17.3,69.0,1,8,Winter
24.6,12.9,18.2,1015.3,56,0,14.8,65,0.0,0,0.0,18.3,77.0,1,9,Winter
23.8,12.5,17.9,1015.9,52,0,15.0,40,0.0,0,0.0,18.2,56.0,1,10,Winter
24.0,14.3,19.0,1013.7,74,4,20.3,281,0.0,1,0.0,17.9,52.0,1,11,Winter
25.7,16.9,20.8,1011.5,80,13,19.9,264,0.0,2,0.0,19.0,74.0,1,12,Winter
24.5,19.3,21.3,1011.4,68,7,23.4,266,0.0,1,0.0,20.8,80.0,1,13,Winter
25.0,16.1,20.4,1012.6,44,3,20.9,306,0.0,2,0.0,21.3,68.0,1,14,Winter
21.4,12.5,17.2,1016.1,27,0,22.2,5,0.0,0,0.0,20.4,44.0,1,15,Winter
22.4,10.7,16.7,1016.8,42,7,12.1,46,0.0,2,0.0,17.2,27.0,1,16,Winter
24.0,15.2,19.5,1013.0,67,16,27.0,275,0.0,2,0.0,16.7,42.0,1,17,Winter
26.9,16.4,21.6,1013.2,62,46,16.5,351,0.0,3,0.0,19.5,67.0,1,18,Winter
25.8,14.9,20.2,1013.6,45,56,12.8,77,0.0,3,0.0,21.6,62.0,1,19,Winter
25.8,13.5,19.5,1014.4,66,33,14.2,299,0.0,2,0.0,20.2,45.0,1,20,Winter
25.5,16.6,20.6,1015.2,78,76,16.2,284,0.0,3,0.0,19.5,66.0,1,21,Winter
26.4,15.9,21.1,1015.7,73,56,16.1,279,0.0,3,0.0,20.6,78.0,1,22,Winter
26.5,18.0,21.9,1016.5,64,82,15.5,80,0.0,3,0.0,21.1,73.0,1,23,Winter
26.4,17.3,21.6,1017.1,61,28,16.9,304,0.0,3,0.0,21.9,64.0,1,24,Winter
26.0,14.4,20.2,1017.3,67,0,14.6,312,0.0,0,0.0,21.6,61.0,1,25,Winter
26.2,14.9,20.4,1019.9,35,0,17.0,59,0.0,0,0.0,20.2,67.0,1,26,Winter
25.4,15.2,20.0,1020.1,26,0,19.8,48,0.0,0,0.0,20.4,35.0,1,27,Winter
24.2,12.6,18.9,1016.3,60,0,18.2,256,0.0,0,0.0,20.0,26.0,1,28,Winter
25.1,19.3,21.7,1013.0,76,24,21.6,268,0.0,3,0.0,18.9,60.0,1,29,Winter
26.1,16.9,21.1,1016.8,44,10,26.9,64,0.0,1,0.0,21.7,76.0,1,30,Winter
25.8,16.2,20.7,1018.3,41,11,26.9,60,0.0,3,0.0,21.1,44.0,1,31,Winter
27.0,15.6,21.0,1017.4,41,0,17.0,53,0.0,0,0.0,20.7,41.0,2,32,Winter
28.5,15.0,21.3,1016.0,46,0,15.9,53,0.0,0,0.0,21.0,41.0,2,33,Winter
28.2,13.5,20.7,1014.9,56,0,17.9,305,0.0,0,0.0,21.3,46.0,2,34,Winter
26.0,17.3,21.2,1014.9,77,2,24.9,277,0.0,0,0.0,20.7,56.0,2,35,Winter
25.9,18.9,21.9,1012.8,75,7,25.1,268,0.0,1,0.0,21.2,77.0,2,36,Winter
25.5,20.0,22.3,1010.6,71,27,30.8,250,0.0,2,0.0,21.9,75.0,2,37,Winter
27.0,19.6,22.8,1010.0,54,0,31.1,277,0.0,0,0.0,22.3,71.0,2,38,Winter
26.5,13.8,20.5,1010.7,63,1,14.5,233,0.0,1,0.0,22.8,54.0,2,39,Winter
27.0,14.7,20.9,1011.2,50,8,18.4,39,0.0,3,0.0,20.5,63.0,2,40,Winter
28.3,15.5,21.8,1011.9,44,1,14.1,70,0.0,0,0.0,20.9,50.0,2,41,Winter
29.1,16.5,22.3,1012.3,44,0,15.9,66,0.0,0,0.0,21.8,44.0,2,42,Winter
26.5,15.1,20.9,1010.9,63,38,21.9,184,0.0,3,0.0,22.3,44.0,2,43,Winter
23.2,19.7,21.5,1008.9,77,61,28.8,247,1.6,51,0.0,20.9,63.0,2,44,Winter
24.0,16.5,20.3,1008.9,74,23,13.8,187,0.0,2,1.6,21.5,77.0,2,45,Winter
23.6,17.2,20.6,1010.0,63,36,14.8,263,0.0,2,0.0,20.3,74.0,2,46,Winter
24.0,15.5,19.7,1012.8,68,11,19.9,250,0.0,2,0.0,20.6,63.0,2,47,Winter
24.9,15.0,20.3,1014.1,61,0,18.8,265,0.0,0,0.0,19.7,68.0,2,48,Winter
24.8,15.9,20.7,1013.0,69,4,24.9,271,0.0,0,0.0,20.3,61.0,2,49,Winter
23.7,17.8,20.6,1015.0,76,39,14.5,231,2.1,53,0.0,20.7,69.0,2,50,Winter
25.9,17.4,21.0,1016.8,76,8,14.0,312,0.9,53,2.1,20.6,76.0,2,51,Winter
26.6,17.4,21.7,1018.2,49,24,23.9,67,0.0,3,0.9,21.0,76.0,2,52,Winter
25.6,15.5,20.7,1015.8,49,18,21.3,333,0.0,3,0.0,21.7,49.0,2,53,Winter
26.6,17.6,21.6,1015.1,69,1,19.8,291,0.0,0,0.0,20.7,49.0,2,54,Winter
27.0,17.2,22.1,1014.3,78,10,19.5,273,0.0,2,0.0,21.6,69.0,2,55,Winter
27.3,18.9,22.6,1012.0,78,25,23.7,266,0.0,3,0.0,22.1,78.0,2,56,Winter
29.4,17.7,23.5,1013.3,57,9,14.1,336,0.0,2,0.0,22.6,78.0,2,57,Winter
28.6,16.7,22.8,1016.3,48,5,15.3,74,0.0,2,0.0,23.5,57.0,2,58,Winter
28.7,18.7,23.6,1015.7,41,22,21.7,41,0.0,3,0.0,22.8,48.0,2,59,Winter
28.5,19.1,23.5,1013.7,51,44,19.5,30,0.0,3,0.0,23.6,41.0,3,60,HotDry
26.3,17.8,22.3,1012.9,53,50,20.5,61,0.1,51,0.0,23.5,51.0,3,61,HotDry
26.8,17.5,21.8,1011.9,63,44,17.4,93,0.0,3,0.1,22.3,53.0,3,62,HotDry
27.1,17.4,22.3,1011.9,70,5,16.9,218,0.0,0,0.0,21.8,63.0,3,63,HotDry
27.4,17.9,22.4,1013.4,70,25,16.7,309,0.0,3,0.0,22.3,70.0,3,64,HotDry
30.2,18.9,24.3,1015.4,57,20,21.4,16,0.0,3,0.0,22.4,70.0,3,65,HotDry
28.9,19.0,24.0,1016.8,60,24,20.3,278,0.0,2,0.0,24.3,57.0,3,66,HotDry
30.5,19.1,24.7,1014.3,59,19,21.1,285,0.0,3,0.0,24.0,60.0,3,67,HotDry
29.0,18.1,23.5,1012.5,37,0,20.2,296,0.0,0,0.0,24.7,59.0,3,68,HotDry
30.8,15.7,23.5,1014.5,49,0,14.9,334,0.0,0,0.0,23.5,37.0,3,69,HotDry
31.3,16.2,24.3,1014.5,44,0,18.8,306,0.0,0,0.0,23.5,49.0,3,70,HotDry
31.7,18.0,24.6,1012.9,50,0,20.3,290,0.0,0,0.0,24.3,44.0,3,71,HotDry
31.7,19.1,24.7,1011.9,67,0,22.4,267,0.0,0,0.0,24.6,50.0,3,72,HotDry
33.5,20.7,26.3,1010.2,64,0,22.1,275,0.0,0,0.0,24.7,67.0,3,73,HotDry
35.1,21.0,27.4,1009.7,56,0,19.2,268,0.0,0,0.0,26.3,64.0,3,74,HotDry
36.3,20.4,28.0,1009.2,58,0,20.6,261,0.0,0,0.0,27.4,56.0,3,75,HotDry
35.1,21.0,27.4,1008.2,59,0,21.1,269,0.0,0,0.0,28.0,58.0,3,76,HotDry
34.0,21.1,26.7,1006.8,61,36,26.0,256,0.0,3,0.0,27.4,59.0,3,77,HotDry
33.4,22.6,27.0,1005.1,58,47,22.5,263,0.0,3,0.0,26.7,61.0,3,78,HotDry
33.6,22.9,27.4,1005.7,33,3,20.8,293,0.0,1,0.0,27.0,58.0,3,79,HotDry
31.2,21.4,25.6,1007.6,60,15,22.1,228,0.0,2,0.0,27.4,33.0,3,80,HotDry
29.5,21.5,24.9,1008.2,76,5,23.0,253,0.0,1,0.0,25.6,60.0,3,81,HotDry
30.1,20.2,25.0,1009.2,77,17,20.5,259,0.0,2,0.0,24.9,76.0,3,82,HotDry
32.0,21.2,25.7,1010.5,74,33,23.5,280,0.0,3,0.0,25.0,77.0,3,83,HotDry
33.0,21.4,26.6,1011.0,62,0,25.3,277,0.0,0,0.0,25.7,74.0,3,84,HotDry
31.8,21.7,26.2,1011.2,68,0,24.3,266,0.0,0,0.0,26.6,62.0,3,85,HotDry
31.4,22.2,26.3,1010.4,73,12,26.1,265,0.0,2,0.0,26.2,68.0,3,86,HotDry
31.9,23.5,26.9,1007.9,66,0,29.0,257,0.0,0,0.0,26.3,73.0,3,87,HotDry
30.5,23.4,26.2,1008.9,66,0,25.2,261,0.0,0,0.0,26.9,66.0,3,88,HotDry
29.0,21.5,24.9,1010.8,69,2,25.9,262,0.0,0,0.0,26.2,66.0,3,89,HotDry
29.8,21.4,25.2,1010.6,71,7,23.6,268,0.0,1,0.0,24.9,69.0,3,90,HotDry
36.8,20.8,28.0,1009.2,54,0,24.9,284,0.0,0,0.0,25.2,71.0,4,91,HotDry
35.5,22.3,28.8,1009.8,31,5,20.9,309,0.0,2,0.0,28.0,54.0,4,92,HotDry
34.4,20.2,28.0,1011.3,30,0,18.1,311,0.0,0,0.0,28.8,31.0,4,93,HotDry
35.0,20.0,27.3,1011.7,44,0,23.7,278,0.0,0,0.0,28.0,30.0,4,94,HotDry
33.5,20.5,26.8,1011.1,59,0,23.0,262,0.0,0,0.0,27.3,44.0,4,95,HotDry
31.9,22.5,26.6,1010.5,65,36,21.6,265,0.0,3,0.0,26.8,59.0,4,96,HotDry
33.9,22.4,27.4,1010.8,65,68,22.1,287,0.0,3,0.0,26.6,65.0,4,97,HotDry
35.0,23.0,28.1,1011.5,64,19,24.5,277,0.0,2,0.0,27.4,65.0,4,98,HotDry
32.7,23.6,27.2,1011.1,61,36,25.9,270,0.0,3,0.0,28.1,64.0,4,99,HotDry
29.9,23.0,26.0,1011.3,73,56,22.4,265,0.0,3,0.0,27.2,61.0,4,100,HotDry
28.7,23.9,26.1,1011.7,74,86,24.6,276,0.0,3,0.0,26.0,73.0,4,101,HotDry
31.4,22.8,26.7,1011.6,72,80,20.1,271,0.0,3,0.0,26.1,74.0,4,102,HotDry
33.0,24.2,27.7,1010.7,71,50,24.0,273,0.0,3,0.0,26.7,72.0,4,103,HotDry
33.5,23.1,28.0,1009.1,71,51,25.6,262,0.0,3,0.0,27.7,71.0,4,104,HotDry
32.9,24.9,28.6,1007.0,68,19,21.9,242,0.0,3,0.0,28.0,71.0,4,105,HotDry
36.7,26.2,30.6,1007.2,54,60,21.1,273,0.0,3,0.0,28.6,68.0,4,106,HotDry
33.7,24.2,28.7,1010.0,57,35,20.2,134,0.0,3,0.0,30.6,54.0,4,107,HotDry
33.0,23.3,27.9,1008.6,71,9,25.2,255,0.0,1,0.0,28.7,57.0,4,108,HotDry
34.1,22.6,27.6,1007.4,72,5,23.8,264,0.0,2,0.0,27.9,71.0,4,109,HotDry
35.2,21.6,28.1,1007.7,65,3,22.3,259,0.0,1,0.0,27.6,72.0,4,110,HotDry
36.0,22.0,28.5,1008.1,65,0,21.8,267,0.0,0,0.0,28.1,65.0,4,111,HotDry
36.3,21.7,28.6,1008.1,66,0,23.1,278,0.0,0,0.0,28.5,65.0,4,112,HotDry
34.7,23.6,28.5,1007.1,66,0,25.2,270,0.0,0,0.0,28.6,66.0,4,113,HotDry
34.3,24.1,28.4,1006.9,63,3,27.4,269,0.0,1,0.0,28.5,66.0,4,114,HotDry
32.8,24.1,27.7,1007.3,70,7,27.4,264,0.0,2,0.0,28.4,63.0,4,115,HotDry
31.9,23.9,27.4,1008.0,71,18,26.8,267,0.0,3,0.0,27.7,70.0,4,116,HotDry
31.9,24.3,27.6,1007.7,68,25,24.7,268,0.0,3,0.0,27.4,71.0,4,117,HotDry
31.6,25.6,28.1,1005.8,71,68,31.2,262,0.0,3,0.0,27.6,68.0,4,118,HotDry
31.6,25.7,28.3,1005.8,76,12,33.0,255,0.3,51,0.0,28.1,71.0,4,119,HotDry
31.5,25.9,28.3,1006.8,77,14,28.2,254,0.1,51,0.3,28.3,76.0,4,120,HotDry
32.0,26.1,28.4,1007.6,75,28,30.7,260,0.0,2,0.1,28.3,77.0,5,121,HotDry
31.6,25.8,28.2,1006.3,77,13,34.6,260,0.0,1,0.0,28.4,75.0,5,122,HotDry
31.4,26.4,28.6,1004.8,75,30,34.8,253,0.0,2,0.0,28.2,77.0,5,123,HotDry
32.2,26.6,28.9,1004.7,74,21,35.8,253,0.0,2,0.0,28.6,75.0,5,124,HotDry
32.0,25.1,28.3,1005.0,71,3,28.7,256,0.0,0,0.0,28.9,74.0,5,125,HotDry
35.4,25.5,29.8,1004.4,61,3,21.7,248,0.0,1,0.0,28.3,71.0,5,126,HotDry
35.3,24.8,29.7,1005.0,61,0,25.3,253,0.0,0,0.0,29.8,61.0,5,127,HotDry
33.6,25.7,29.0,1004.0,71,2,33.2,258,0.0,1,0.0,29.7,61.0,5,128,HotDry
31.8,25.9,28.4,1004.4,77,23,31.5,258,0.0,2,0.0,29.0,71.0,5,129,HotDry
32.0,26.2,28.6,1004.2,77,29,30.6,256,0.0,2,0.0,28.4,77.0,5,130,HotDry
32.1,26.3,28.7,1004.5,79,29,34.6,255,0.0,2,0.0,28.6,77.0,5,131,HotDry
32.6,26.4,28.9,1004.0,79,30,28.5,255,0.0,3,0.0,28.7,79.0,5,132,HotDry
32.7,26.4,28.9,1004.0,80,22,30.3,256,0.0,2,0.0,28.9,79.0,5,133,HotDry
33.3,25.9,29.0,1004.7,77,41,34.1,260,0.0,3,0.0,28.9,80.0,5,134,HotDry
33.2,26.5,29.5,1005.8,73,10,35.5,263,0.0,1,0.0,29.0,77.0,5,135,HotDry
34.0,26.8,29.9,1006.9,74,14,31.6,259,0.0,3,0.0,29.5,73.0,5,136,HotDry
34.1,26.8,29.8,1007.1,78,19,24.3,254,0.0,2,0.0,29.9,74.0,5,137,HotDry
33.4,26.9,29.8,1005.4,78,11,30.1,240,0.0,2,0.0,29.8,78.0,5,138,HotDry
33.4,27.1,29.8,1002.0,78,12,29.9,245,0.0,2,0.0,29.8,78.0,5,139,HotDry
39.4,27.3,32.2,996.7,62,0,32.2,250,0.0,0,0.0,29.8,78.0,5,140,HotDry
42.5,26.7,33.5,994.5,53,0,25.6,251,0.0,0,0.0,32.2,62.0,5,141,HotDry
34.3,27.6,30.5,998.2,75,3,25.9,202,0.0,1,0.0,33.5,53.0,5,142,HotDry
32.9,27.2,29.7,1003.6,79,48,22.6,216,0.0,3,0.0,30.5,75.0,5,143,HotDry
32.8,27.7,29.8,1004.4,74,42,26.8,244,0.0,2,0.0,29.7,79.0,5,144,HotDry
32.5,27.5,29.6,1003.6,73,39,29.1,249,0.0,2,0.0,29.8,74.0,5,145,HotDry
32.7,27.6,29.8,1004.8,72,33,30.8,253,0.0,2,0.0,29.6,73.0,5,146,HotDry
32.5,27.8,29.8,1005.7,72,39,31.2,256,0.0,2,0.0,29.8,72.0,5,147,HotDry
32.6,27.5,29.5,1005.5,73,17,30.7,260,0.0,1,0.0,29.8,72.0,5,148,HotDry
32.8,27.4,29.6,1005.6,71,15,34.3,261,0.0,2,0.0,29.5,73.0,5,149,HotDry
32.5,27.9,29.7,1004.2,74,23,39.3,257,0.0,2,0.0,29.6,71.0,5,150,HotDry
32.6,27.6,29.6,1000.3,78,29,37.6,248,0.0,3,0.0,29.7,74.0,5,151,HotDry
34.0,27.5,30.0,997.5,76,17,34.3,232,0.0,2,0.0,29.6,78.0,6,152,Monsoon
33.2,27.2,29.7,1000.6,77,19,22.1,218,0.0,2,0.0,30.0,76.0,6,153,Monsoon
33.6,27.0,29.9,1003.8,74,17,23.5,246,0.0,1,0.0,29.7,77.0,6,154,Monsoon
36.3,27.4,30.9,1002.3,66,2,21.9,265,0.0,0,0.0,29.9,74.0,6,155,Monsoon
35.5,26.4,30.2,1000.8,70,1,26.6,268,0.0,0,0.0,30.9,66.0,6,156,Monsoon
34.7,27.1,30.3,1001.0,75,9,26.9,266,0.0,1,0.0,30.2,70.0,6,157,Monsoon
34.8,27.7,30.5,1000.3,77,24,27.9,265,0.0,3,0.0,30.3,75.0,6,158,Monsoon
34.4,27.7,30.4,998.2,79,32,26.5,241,0.0,3,0.0,30.5,77.0,6,159,Monsoon
33.5,27.7,30.3,996.9,75,40,26.5,230,0.0,2,0.0,30.4,79.0,6,160,Monsoon
33.3,28.6,30.6,997.7,72,40,29.5,241,0.0,2,0.0,30.3,75.0,6,161,Monsoon
33.2,28.4,30.4,997.7,73,40,29.0,249,0.0,3,0.0,30.6,72.0,6,162,Monsoon
33.3,28.2,30.3,999.0,73,30,25.9,245,0.0,2,0.0,30.4,73.0,6,163,Monsoon
33.6,27.6,30.1,1000.5,72,26,21.0,243,0.0,2,0.0,30.3,73.0,6,164,Monsoon
33.3,27.8,30.2,1001.2,71,31,25.3,247,0.0,2,0.0,30.1,72.0,6,165,Monsoon
33.1,28.4,30.3,999.7,69,40,33.7,248,0.0,2,0.0,30.2,71.0,6,166,Monsoon
33.0,28.2,30.2,997.5,72,43,32.0,244,0.0,2,0.0,30.3,69.0,6,167,Monsoon
33.5,28.4,30.5,994.4,76,31,31.7,244,0.0,3,0.0,30.2,72.0,6,168,Monsoon
34.0,28.3,30.5,994.8,78,25,26.6,233,0.0,2,0.0,30.5,76.0,6,169,Monsoon
33.0,27.5,29.7,995.9,80,46,21.7,226,0.0,3,0.0,30.5,78.0,6,170,Monsoon
32.5,27.7,29.9,997.5,75,46,32.3,244,0.0,3,0.0,29.7,80.0,6,171,Monsoon
32.9,27.8,30.1,999.6,75,45,32.8,255,0.3,51,0.0,29.9,75.0,6,172,Monsoon
32.5,27.8,29.9,998.2,74,52,37.0,258,0.0,3,0.3,30.1,75.0,6,173,Monsoon
32.5,27.8,29.8,997.5,72,83,37.9,256,0.0,3,0.0,29.9,74.0,6,174,Monsoon
31.8,28.0,29.4,997.9,73,77,38.7,255,0.0,3,0.0,29.8,72.0,6,175,Monsoon
31.3,27.5,29.2,996.3,74,81,38.1,254,0.0,3,0.0,29.4,73.0,6,176,Monsoon
31.4,27.5,29.1,994.8,80,96,35.6,245,0.0,3,0.0,29.2,74.0,6,177,Monsoon
31.6,27.2,29.1,995.8,80,84,26.9,241,0.4,51,0.0,29.1,80.0,6,178,Monsoon
31.5,27.1,29.1,995.5,80,73,31.9,243,0.0,3,0.4,29.1,80.0,6,179,Monsoon
31.6,27.5,29.1,996.2,81,86,31.6,237,1.8,51,0.0,29.1,80.0,6,180,Monsoon
31.1,27.2,28.8,997.6,81,81,28.8,233,1.1,51,1.8,29.1,81.0,6,181,Monsoon
30.7,27.2,28.7,998.1,80,69,28.0,231,0.5,51,1.1,28.8,81.0,7,182,Monsoon
31.0,26.9,28.7,998.2,80,59,21.5,225,0.0,3,0.5,28.7,80.0,7,183,Monsoon
30.8,26.5,28.5,998.4,78,52,21.7,216,0.0,3,0.0,28.7,80.0,7,184,Monsoon
31.8,26.9,29.1,1001.4,75,29,23.9,214,0.0,2,0.0,28.5,78.0,7,185,Monsoon
32.7,27.4,29.6,1002.3,73,40,22.2,231,0.0,3,0.0,29.1,75.0,7,186,Monsoon
32.8,26.9,29.6,1001.8,72,42,21.4,247,0.0,3,0.0,29.6,73.0,7,187,Monsoon
33.3,27.7,30.0,1000.4,73,57,27.3,262,0.0,3,0.0,29.6,72.0,7,188,Monsoon
32.8,28.0,30.0,1002.1,74,55,31.8,255,0.0,3,0.0,30.0,73.0,7,189,Monsoon
31.7,28.0,29.6,1002.1,75,87,33.4,258,0.0,3,0.0,30.0,74.0,7,190,Monsoon
32.1,27.8,29.6,1001.5,76,50,34.8,258,0.4,51,0.0,29.6,75.0,7,191,Monsoon
31.7,27.8,29.4,1001.4,76,43,32.9,258,0.5,51,0.4,29.6,76.0,7,192,Monsoon
31.6,27.5,29.2,999.5,76,43,33.7,259,0.1,51,0.5,29.4,76.0,7,193,Monsoon
31.2,27.3,29.0,998.8,76,63,29.7,256,0.0,3,0.1,29.2,76.0,7,194,Monsoon
31.1,27.3,29.0,997.1,75,90,26.0,249,0.2,51,0.0,29.0,76.0,7,195,Monsoon
32.0,27.1,29.3,995.9,75,82,19.2,222,0.0,3,0.2,29.0,75.0,7,196,Monsoon
33.9,27.0,29.8,996.1,75,54,20.7,213,0.0,3,0.0,29.3,75.0,7,197,Monsoon
36.1,27.5,30.9,996.4,70,33,23.4,253,0.0,3,0.0,29.8,75.0,7,198,Monsoon
33.9,28.1,30.3,997.4,75,60,24.9,258,0.0,3,0.0,30.9,70.0,7,199,Monsoon
31.9,27.4,29.2,998.3,76,90,34.4,256,0.0,3,0.0,30.3,75.0,7,200,Monsoon
31.5,27.0,28.9,996.9,74,60,39.4,252,0.0,3,0.0,29.2,76.0,7,201,Monsoon
31.7,26.9,29.0,996.9,74,71,33.6,246,0.0,3,0.0,28.9,74.0,7,202,Monsoon
31.4,26.9,28.9,997.0,76,85,28.4,241,0.0,3,0.0,29.0,74.0,7,203,Monsoon
31.8,26.5,28.8,996.7,76,72,21.6,237,0.0,3,0.0,28.9,76.0,7,204,Monsoon
31.5,27.2,28.8,998.0,80,97,20.9,237,0.0,3,0.0,28.8,76.0,7,205,Monsoon
31.4,27.3,28.8,1000.5,82,97,17.8,254,2.5,61,0.0,28.8,80.0,7,206,Monsoon
32.0,26.7,28.3,1001.9,86,95,24.2,276,31.6,63,2.5,28.8,82.0,7,207,Monsoon
31.1,27.2,28.7,1001.3,87,63,22.1,252,1.4,61,31.6,28.3,86.0,7,208,Monsoon
31.1,27.4,28.9,1000.2,85,55,27.8,250,0.0,3,1.4,28.7,87.0,7,209,Monsoon
30.9,27.3,28.8,1000.6,83,63,25.1,255,0.0,3,0.0,28.9,85.0,7,210,Monsoon
30.7,27.0,28.5,999.9,83,87,27.3,262,0.0,3,0.0,28.8,83.0,7,211,Monsoon
30.3,26.6,28.2,998.6,81,72,27.1,258,0.0,3,0.0,28.5,83.0,7,212,Monsoon
30.4,26.6,28.2,998.2,81,47,25.9,260,0.0,3,0.0,28.2,81.0,8,213,Monsoon
30.5,26.4,28.2,998.3,79,54,19.3,249,0.0,3,0.0,28.2,81.0,8,214,Monsoon
31.5,26.8,28.9,998.2,75,46,18.7,230,0.0,3,0.0,28.2,79.0,8,215,Monsoon
32.2,27.0,29.3,997.8,74,37,20.6,231,0.0,3,0.0,28.9,75.0,8,216,Monsoon
32.4,27.0,29.4,997.5,72,47,19.6,232,0.0,3,0.0,29.3,74.0,8,217,Monsoon
32.0,27.4,29.3,997.3,74,64,27.4,243,0.0,3,0.0,29.4,72.0,8,218,Monsoon
31.8,27.0,29.0,996.8,76,73,28.8,251,0.0,3,0.0,29.3,74.0,8,219,Monsoon
31.8,26.7,28.9,996.5,77,52,20.1,242,0.0,3,0.0,29.0,76.0,8,220,Monsoon
31.8,27.0,29.1,997.6,78,94,19.9,235,0.0,3,0.0,28.9,77.0,8,221,Monsoon
29.4,27.8,28.5,998.5,82,100,23.2,253,3.1,53,0.0,29.1,78.0,8,222,Monsoon
28.6,27.3,27.9,998.8,87,100,28.5,269,0.9,51,3.1,28.5,82.0,8,223,Monsoon
29.3,26.9,28.0,996.7,87,100,24.9,252,0.1,51,0.9,27.9,87.0,8,224,Monsoon
31.6,26.5,28.5,996.9,84,99,16.8,229,0.0,3,0.1,28.0,87.0,8,225,Monsoon
32.0,27.7,29.3,1000.6,83,97,19.9,259,0.7,51,0.0,28.5,84.0,8,226,Monsoon
31.7,27.3,29.0,1001.1,78,97,27.9,258,0.0,3,0.7,29.3,83.0,8,227,Monsoon
30.7,26.9,28.5,1000.1,79,97,25.9,243,0.6,51,0.0,29.0,78.0,8,228,Monsoon
31.2,26.7,28.6,1000.4,78,67,20.3,228,0.6,51,0.6,28.5,79.0,8,229,Monsoon
30.9,26.6,28.5,1001.5,78,49,21.7,237,0.0,3,0.6,28.6,78.0,8,230,Monsoon
31.2,26.5,28.4,1002.2,75,74,19.1,247,0.0,3,0.0,28.5,78.0,8,231,Monsoon
31.7,26.7,28.8,1003.6,72,62,23.0,250,0.0,3,0.0,28.4,75.0,8,232,Monsoon
32.8,27.3,29.3,1004.0,74,74,24.1,269,0.6,51,0.0,28.8,72.0,8,233,Monsoon
31.0,26.1,28.3,1003.5,82,74,20.9,265,8.3,63,0.6,29.3,74.0,8,234,Monsoon
30.9,27.4,28.8,1003.7,81,51,25.5,253,0.0,3,8.3,28.3,82.0,8,235,Monsoon
30.1,27.2,28.4,1001.8,81,88,30.3,254,0.3,51,0.0,28.8,81.0,8,236,Monsoon
29.3,27.1,27.8,1003.0,85,98,22.0,262,13.6,63,0.3,28.4,81.0,8,237,Monsoon
30.3,26.5,27.9,1003.3,86,63,18.8,268,6.2,61,13.6,27.8,85.0,8,238,Monsoon
30.5,27.1,28.4,1001.8,84,88,22.4,265,0.0,3,6.2,27.9,86.0,8,239,Monsoon
31.1,26.9,28.6,1001.0,85,92,17.1,259,0.0,3,0.0,28.4,84.0,8,240,Monsoon
32.0,27.4,29.1,1001.2,85,85,18.4,276,1.9,55,0.0,28.6,85.0,8,241,Monsoon
32.1,27.3,29.1,1000.6,83,98,24.9,25,6.8,63,1.9,29.1,85.0,8,242,Monsoon
29.7,26.1,27.7,999.8,86,99,24.6,48,20.4,63,6.8,29.1,83.0,8,243,Monsoon
31.8,26.4,28.3,999.3,83,90,25.5,60,3.4,63,20.4,27.7,86.0,9,244,Monsoon
31.0,26.4,28.0,999.6,82,84,20.7,49,3.4,61,3.4,28.3,83.0,9,245,Monsoon
32.5,26.5,28.9,999.7,81,88,15.6,7,0.2,51,3.4,28.0,82.0,9,246,Monsoon
34.8,27.7,30.4,999.5,80,97,15.5,323,0.9,53,0.2,28.9,81.0,9,247,Monsoon
33.5,28.1,29.8,999.3,82,89,19.4,349,2.9,61,0.9,30.4,80.0,9,248,Monsoon
31.8,26.4,28.5,999.2,84,97,21.3,291,0.2,51,2.9,29.8,82.0,9,249,Monsoon
28.2,27.0,27.5,998.8,89,100,22.8,267,1.4,51,0.2,28.5,84.0,9,250,Monsoon
29.3,26.8,27.8,998.5,88,100,16.1,265,0.0,3,1.4,27.5,89.0,9,251,Monsoon
30.1,26.6,28.0,1000.6,86,99,15.9,259,0.0,3,0.0,27.8,88.0,9,252,Monsoon
31.6,26.3,28.3,1002.9,84,99,10.8,312,6.8,63,0.0,28.0,86.0,9,253,Monsoon
31.4,27.6,29.2,1002.0,87,95,10.9,284,9.5,61,6.8,28.3,84.0,9,254,Monsoon
30.4,27.4,28.5,1000.9,88,100,15.4,281,3.0,53,9.5,29.2,87.0,9,255,Monsoon
27.6,25.4,26.3,1000.0,91,100,27.9,304,73.3,65,3.0,28.5,88.0,9,256,Monsoon
29.9,26.0,27.5,1001.5,87,86,15.1,121,2.4,51,73.3,26.3,91.0,9,257,Monsoon
29.9,25.7,27.6,1001.5,88,49,16.4,196,0.0,3,2.4,27.5,87.0,9,258,Monsoon
29.4,26.1,27.3,1000.9,89,46,19.7,246,0.1,51,0.0,27.6,88.0,9,259,Monsoon
29.0,25.7,27.1,1002.8,86,73,21.9,245,0.5,51,0.1,27.3,89.0,9,260,Monsoon
29.0,25.4,26.9,1004.0,81,49,25.6,254,0.0,2,0.5,27.1,86.0,9,261,Monsoon
28.7,25.5,26.9,1006.3,81,46,24.5,254,0.0,3,0.0,26.9,81.0,9,262,Monsoon
29.0,25.7,27.1,1007.8,80,54,20.7,255,0.0,3,0.0,26.9,81.0,9,263,Monsoon
29.3,25.6,27.1,1006.2,81,33,25.3,259,0.0,2,0.0,27.1,80.0,9,264,Monsoon
30.0,25.9,27.6,1005.2,83,46,20.9,242,0.0,3,0.0,27.1,81.0,9,265,Monsoon
29.1,25.9,27.2,1006.4,82,45,15.8,247,0.0,3,0.0,27.6,83.0,9,266,Monsoon
29.2,25.2,27.1,1006.8,79,41,21.0,251,0.0,3,0.0,27.2,82.0,9,267,Monsoon
29.0,25.6,27.2,1007.7,79,57,25.5,239,0.1,51,0.0,27.1,79.0,9,268,Monsoon
29.2,25.7,27.2,1008.8,81,49,23.3,246,0.6,51,0.1,27.2,79.0,9,269,Monsoon
28.9,25.5,26.9,1008.2,79,51,25.7,251,0.1,51,0.6,27.2,81.0,9,270,Monsoon
28.9,25.6,27.0,1007.6,79,56,28.5,248,1.2,51,0.1,26.9,79.0,9,271,Monsoon
29.1,25.6,27.1,1008.0,81,46,25.6,251,0.9,51,1.2,27.0,79.0,9,272,Monsoon
28.9,25.5,27.0,1009.0,80,48,24.3,252,0.3,51,0.9,27.1,81.0,9,273,Monsoon
28.9,25.2,26.8,1008.9,80,44,24.7,254,0.2,51,0.3,27.0,80.0,10,274,PostMonsoon
28.7,25.3,26.6,1008.0,79,41,28.8,256,0.2,51,0.2,26.8,80.0,10,275,PostMonsoon
28.4,25.3,26.7,1007.7,77,47,29.1,253,0.1,51,0.2,26.6,79.0,10,276,PostMonsoon
28.5,25.1,26.7,1007.8,75,45,24.3,256,0.0,3,0.1,26.7,77.0,10,277,PostMonsoon
29.0,25.0,26.8,1010.6,74,37,24.8,257,0.1,51,0.0,26.7,75.0,10,278,PostMonsoon
29.4,24.3,26.5,1012.8,75,13,23.0,262,0.0,1,0.1,26.8,74.0,10,279,PostMonsoon
29.5,24.5,26.6,1012.2,76,10,23.6,268,0.0,2,0.0,26.5,75.0,10,280,PostMonsoon
29.8,24.5,26.7,1011.8,79,8,21.0,268,0.0,1,0.0,26.6,76.0,10,281,PostMonsoon
30.6,24.9,27.2,1012.4,78,15,17.3,261,0.0,2,0.0,26.7,79.0,10,282,PostMonsoon
30.9,24.2,26.9,1012.9,74,8,15.8,255,0.0,2,0.0,27.2,78.0,10,283,PostMonsoon
31.4,21.6,26.4,1013.6,72,2,16.1,284,0.0,0,0.0,26.9,74.0,10,284,PostMonsoon
31.9,23.6,27.0,1012.9,69,1,16.0,284,0.0,0,0.0,26.4,72.0,10,285,PostMonsoon
31.2,22.5,26.6,1011.0,79,12,19.9,276,0.0,2,0.0,27.0,69.0,10,286,PostMonsoon
32.4,23.9,27.6,1010.2,78,10,15.8,262,0.0,2,0.0,26.6,79.0,10,287,PostMonsoon
32.9,22.2,27.1,1009.0,77,0,17.5,263,0.0,0,0.0,27.6,78.0,10,288,PostMonsoon
33.0,22.8,27.1,1008.4,74,26,17.6,258,0.0,3,0.0,27.1,77.0,10,289,PostMonsoon
32.9,22.4,27.0,1009.2,75,9,16.9,273,0.0,2,0.0,27.1,74.0,10,290,PostMonsoon
34.4,21.5,27.7,1010.6,67,2,14.8,287,0.0,1,0.0,27.0,75.0,10,291,PostMonsoon
32.4,22.7,27.1,1008.6,72,0,17.7,272,0.0,0,0.0,27.7,67.0,10,292,PostMonsoon
31.9,23.7,27.0,1007.7,79,25,17.1,241,0.0,3,0.0,27.1,72.0,10,293,PostMonsoon
30.5,24.1,26.7,1009.2,77,31,17.3,230,0.0,3,0.0,27.0,79.0,10,294,PostMonsoon
30.8,22.3,26.1,1010.3,76,31,14.2,258,0.0,3,0.0,26.7,77.0,10,295,PostMonsoon
32.3,21.4,26.5,1011.9,73,15,18.4,277,0.0,2,0.0,26.1,76.0,10,296,PostMonsoon
32.2,21.2,26.8,1012.7,75,0,15.9,267,0.0,0,0.0,26.5,73.0,10,297,PostMonsoon
33.2,23.7,28.1,1012.2,65,0,15.6,321,0.0,0,0.0,26.8,75.0,10,298,PostMonsoon
34.2,23.3,28.6,1013.1,50,0,17.7,54,0.0,0,0.0,28.1,65.0,10,299,PostMonsoon
33.7,22.7,28.1,1013.4,44,0,15.1,39,0.0,0,0.0,28.6,50.0,10,300,PostMonsoon
33.4,21.1,27.2,1012.1,52,0,16.2,301,0.0,0,0.0,28.1,44.0,10,301,PostMonsoon
33.9,21.3,27.7,1011.4,51,0,11.3,326,0.0,0,0.0,27.2,52.0,10,302,PostMonsoon
33.9,22.1,27.7,1010.2,44,61,12.7,33,0.0,3,0.0,27.7,51.0,10,303,PostMonsoon
32.6,20.3,26.6,1010.2,64,85,17.3,217,0.0,3,0.0,27.7,44.0,10,304,PostMonsoon
30.9,24.3,27.2,1011.5,73,72,18.8,244,0.0,3,0.0,26.6,64.0,11,305,PostMonsoon
28.0,24.4,26.2,1010.6,80,98,11.9,284,0.0,3,0.0,27.2,73.0,11,306,PostMonsoon
26.3,23.4,25.2,1010.5,83,89,14.8,257,12.7,61,0.0,26.2,80.0,11,307,PostMonsoon
29.1,22.6,25.5,1011.1,82,36,14.8,285,0.0,3,12.7,25.2,83.0,11,308,PostMonsoon
31.6,21.8,26.1,1012.7,82,0,13.6,298,0.0,0,0.0,25.5,82.0,11,309,PostMonsoon
31.6,23.3,27.0,1012.3,76,1,17.2,283,0.0,0,0.0,26.1,82.0,11,310,PostMonsoon
30.5,22.1,26.0,1011.8,80,24,15.6,276,0.0,3,0.0,27.0,76.0,11,311,PostMonsoon
29.9,21.6,25.8,1012.6,80,88,15.2,283,0.0,3,0.0,26.0,80.0,11,312,PostMonsoon
29.9,24.1,26.7,1012.7,79,96,12.9,288,0.1,51,0.0,25.8,80.0,11,313,PostMonsoon
31.2,24.5,27.3,1013.2,62,100,19.4,334,0.3,51,0.1,26.7,79.0,11,314,PostMonsoon
31.2,23.1,26.9,1014.0,58,15,17.5,300,0.0,3,0.3,27.3,62.0,11,315,PostMonsoon
31.1,23.9,27.0,1012.8,73,0,19.9,271,0.0,0,0.0,26.9,58.0,11,316,PostMonsoon
31.4,23.1,26.8,1012.6,73,3,16.8,265,0.0,1,0.0,27.0,73.0,11,317,PostMonsoon
29.1,21.7,25.2,1013.4,72,38,14.8,244,0.0,3,0.0,26.8,73.0,11,318,PostMonsoon
29.4,20.4,25.1,1014.7,72,30,14.3,247,0.0,3,0.0,25.2,72.0,11,319,PostMonsoon
30.1,22.0,25.6,1014.5,77,1,16.5,276,0.0,0,0.0,25.1,72.0,11,320,PostMonsoon
29.5,21.3,25.2,1014.0,82,23,16.8,277,0.0,3,0.0,25.6,77.0,11,321,PostMonsoon
29.6,22.6,25.6,1013.3,77,19,21.0,267,0.0,3,0.0,25.2,82.0,11,322,PostMonsoon
29.3,20.5,24.8,1013.3,80,5,18.4,271,0.0,2,0.0,25.6,77.0,11,323,PostMonsoon
31.6,20.5,25.2,1015.2,75,29,9.9,30,0.0,3,0.0,24.8,80.0,11,324,PostMonsoon
33.1,21.2,26.8,1016.4,60,1,14.3,52,0.0,1,0.0,25.2,75.0,11,325,PostMonsoon
32.6,20.8,26.7,1015.5,54,0,11.9,21,0.0,0,0.0,26.8,60.0,11,326,PostMonsoon
32.3,20.0,26.4,1014.4,51,0,11.3,43,0.0,0,0.0,26.7,54.0,11,327,PostMonsoon
31.5,21.4,26.4,1014.3,43,0,16.2,60,0.0,0,0.0,26.4,51.0,11,328,PostMonsoon
30.0,21.8,25.6,1014.0,44,0,23.7,60,0.0,0,0.0,26.4,43.0,11,329,PostMonsoon
29.2,20.4,24.7,1012.5,48,8,18.8,56,0.0,1,0.0,25.6,44.0,11,330,PostMonsoon
29.7,20.1,24.8,1013.0,46,0,19.2,52,0.0,0,0.0,24.7,48.0,11,331,PostMonsoon
30.5,19.6,24.9,1013.0,44,45,19.1,46,0.0,3,0.0,24.8,46.0,11,332,PostMonsoon
30.3,20.8,25.0,1013.0,43,92,25.5,55,0.0,3,0.0,24.9,44.0,11,333,PostMonsoon
27.3,23.0,24.6,1012.7,44,91,20.9,62,0.0,3,0.0,25.0,43.0,11,334,PostMonsoon
30.9,22.3,26.2,1012.3,39,89,14.0,46,0.0,3,0.0,24.6,44.0,12,335,Winter
31.1,21.8,26.4,1013.0,49,29,11.2,45,0.0,3,0.0,26.2,39.0,12,336,Winter
30.2,21.4,25.5,1011.1,70,2,17.6,260,0.0,0,0.0,26.4,49.0,12,337,Winter
30.3,21.6,25.4,1010.1,77,5,14.5,272,0.0,2,0.0,25.5,70.0,12,338,Winter
30.8,20.3,24.8,1010.8,67,0,14.1,277,0.0,0,0.0,25.4,77.0,12,339,Winter
29.0,18.3,23.8,1012.2,55,1,12.4,29,0.0,0,0.0,24.8,67.0,12,340,Winter
28.6,18.3,23.1,1013.7,40,0,19.5,53,0.0,0,0.0,23.8,55.0,12,341,Winter
27.1,18.7,22.6,1014.2,42,0,20.9,35,0.0,0,0.0,23.1,40.0,12,342,Winter
26.7,16.1,21.3,1015.7,49,0,10.1,17,0.0,0,0.0,22.6,42.0,12,343,Winter
26.9,14.5,20.7,1016.6,52,0,10.2,6,0.0,0,0.0,21.3,49.0,12,344,Winter
25.7,14.3,20.2,1014.9,65,1,13.9,284,0.0,1,0.0,20.7,52.0,12,345,Winter
26.2,18.4,21.9,1014.8,71,0,11.3,244,0.0,0,0.0,20.2,65.0,12,346,Winter
27.8,16.7,21.6,1016.5,52,2,18.9,55,0.0,0,0.0,21.9,71.0,12,347,Winter
26.6,16.3,21.0,1017.2,46,51,15.2,37,0.0,3,0.0,21.6,52.0,12,348,Winter
26.0,13.7,19.8,1016.8,62,3,9.4,11,0.0,1,0.0,21.0,46.0,12,349,Winter
26.7,13.8,20.2,1016.2,51,0,13.0,66,0.0,0,0.0,19.8,62.0,12,350,Winter
26.2,15.2,20.4,1015.9,43,5,15.8,43,0.0,1,0.0,20.2,51.0,12,351,Winter
25.3,13.3,19.4,1016.0,65,0,10.6,338,0.0,0,0.0,20.4,43.0,12,352,Winter
25.1,13.8,19.8,1015.9,76,5,15.0,306,0.0,1,0.0,19.4,65.0,12,353,Winter
25.2,15.8,20.1,1015.7,50,1,15.1,6,0.0,0,0.0,19.8,76.0,12,354,Winter
23.8,13.6,18.1,1017.8,38,23,24.3,41,0.0,3,0.0,20.1,50.0,12,355,Winter
22.8,13.6,17.8,1018.2,46,0,18.3,42,0.0,0,0.0,18.1,38.0,12,356,Winter
22.9,12.3,17.2,1017.3,46,0,18.2,42,0.0,0,0.0,17.8,46.0,12,357,Winter
23.0,11.1,17.0,1015.5,51,0,12.1,26,0.0,0,0.0,17.2,46.0,12,358,Winter
23.4,12.0,17.7,1015.4,59,0,11.3,46,0.0,0,0.0,17.0,51.0,12,359,Winter
22.8,12.2,17.8,1015.2,70,1,13.0,323,0.0,0,0.0,17.7,59.0,12,360,Winter
24.9,14.2,19.2,1015.0,60,0,15.3,72,0.0,0,0.0,17.8,70.0,12,361,Winter
25.6,14.5,19.5,1017.0,44,1,19.7,61,0.0,0,0.0,19.2,60.0,12,362,Winter
25.5,14.7,19.6,1018.4,39,7,16.6,57,0.0,0,0.0,19.5,44.0,12,363,Winter
25.1,15.9,19.9,1018.6,40,9,20.6,53,0.0,1,0.0,19.6,39.0,12,364,Winter
23.9,14.3,19.1,1017.8,51,8,10.8,56,0.0,1,0.0,19.9,40.0,12,365,Winter
23.9,13.7,18.6,1017.8,46,0,13.6,32,0.0,0,0.0,19.1,51.0,1,1,Winter
22.9,12.5,17.8,1016.5,63,0,11.8,145,0.0,0,0.0,18.6,46.0,1,2,Winter
23.4,13.1,18.9,1015.0,72,8,16.1,184,0.0,1,0.0,17.8,63.0,1,3,Winter
25.3,19.6,22.3,1012.3,73,34,25.6,261,0.0,2,0.0,18.9,72.0,1,4,Winter
25.1,19.1,21.9,1014.2,77,42,17.8,167,1.3,51,0.0,22.3,73.0,1,5,Winter
25.6,15.7,20.3,1015.5,53,37,19.0,325,0.0,2,1.3,21.9,77.0,1,6,Winter
23.2,13.6,18.2,1016.8,35,4,18.2,326,0.0,1,0.0,20.3,53.0,1,7,Winter
21.5,13.4,16.8,1020.4,35,0,29.0,64,0.0,0,0.0,18.2,35.0,1,8,Winter
21.4,11.3,16.4,1019.6,56,0,13.1,78,0.0,0,0.0,16.8,35.0,1,9,Winter
22.8,14.0,18.3,1019.5,54,60,21.1,79,0.0,3,0.0,16.4,56.0,1,10,Winter
23.1,16.6,19.2,1019.8,44,42,15.1,65,0.2,51,0.0,18.3,54.0,1,11,Winter
23.9,13.9,18.9,1019.0,63,0,11.7,90,0.0,0,0.2,19.2,44.0,1,12,Winter
24.5,14.4,20.0,1017.6,76,26,17.2,239,0.0,2,0.0,18.9,63.0,1,13,Winter
25.0,19.6,21.9,1015.0,76,27,17.2,259,0.0,2,0.0,20.0,76.0,1,14,Winter
25.6,20.4,22.5,1011.9,75,31,27.8,266,0.0,2,0.0,21.9,76.0,1,15,Winter
25.0,17.5,21.2,1010.8,45,2,20.5,306,0.0,1,0.0,22.5,75.0,1,16,Winter
22.7,11.6,17.7,1011.2,46,0,12.6,321,0.0,0,0.0,21.2,45.0,1,17,Winter
23.4,11.7,17.7,1010.3,52,0,14.8,311,0.0,0,0.0,17.7,46.0,1,18,Winter
22.7,11.3,17.4,1011.2,43,0,14.9,8,0.0,0,0.0,17.7,52.0,1,19,Winter
23.1,11.7,17.6,1014.8,46,0,15.1,70,0.0,0,0.0,17.4,43.0,1,20,Winter
22.9,13.8,18.2,1014.9,39,9,24.9,72,0.1,51,0.0,17.6,46.0,1,21,Winter
21.8,13.8,17.7,1014.7,51,25,20.5,52,0.0,2,0.1,18.2,39.0,1,22,Winter
23.5,12.7,18.2,1016.5,54,6,17.2,64,0.0,1,0.0,17.7,51.0,1,23,Winter
19.9,14.6,17.5,1015.6,49,66,27.2,59,1.7,51,0.0,18.2,54.0,1,24,Winter
22.0,12.2,16.9,1016.2,56,6,17.9,23,0.0,1,1.7,17.5,49.0,1,25,Winter
23.3,11.7,17.5,1017.8,60,0,10.9,28,0.0,0,0.0,16.9,56.0,1,26,Winter
22.9,11.6,17.5,1016.5,62,0,17.3,296,0.0,0,0.0,17.5,60.0,1,27,Winter
25.4,13.2,19.4,1015.5,50,0,16.5,347,0.0,0,0.0,17.5,62.0,1,28,Winter
24.7,12.8,18.8,1017.2,39,0,14.8,64,0.0,0,0.0,19.4,50.0,1,29,Winter
24.7,12.3,18.6,1018.2,45,0,15.0,331,0.0,0,0.0,18.8,39.0,1,30,Winter
26.0,14.8,20.2,1019.3,56,1,12.8,31,0.0,0,0.0,18.6,45.0,1,31,Winter
25.1,14.5,19.7,1019.8,37,6,15.1,64,0.0,1,0.0,20.2,56.0,2,32,Winter
25.5,13.3,19.4,1017.8,41,2,14.9,58,0.0,0,0.0,19.7,37.0,2,33,Winter
24.5,12.4,18.8,1016.0,60,31,16.5,270,0.0,2,0.0,19.4,41.0,2,34,Winter
25.4,18.6,21.5,1014.2,56,10,22.2,317,0.0,1,0.0,18.8,60.0,2,35,Winter
23.0,13.4,18.5,1017.4,28,0,22.1,4,0.0,0,0.0,21.5,56.0,2,36,Winter
22.5,12.1,17.2,1019.0,34,0,16.7,23,0.0,0,0.0,18.5,28.0,2,37,Winter
20.4,10.9,15.3,1018.4,31,0,24.7,336,0.0,0,0.0,17.2,34.0,2,38,Winter
19.3,9.0,14.5,1018.1,32,9,21.7,321,0.0,2,0.0,15.3,31.0,2,39,Winter
22.3,9.9,16.5,1017.3,47,18,11.6,120,0.0,2,0.0,14.5,32.0,2,40,Winter
23.5,10.4,17.3,1016.4,50,4,12.4,333,0.0,2,0.0,16.5,47.0,2,41,Winter
23.9,14.4,19.1,1013.4,74,33,18.2,265,0.0,3,0.0,17.3,50.0,2,42,Winter
25.2,18.1,21.2,1011.4,78,39,17.7,266,0.0,3,0.0,19.1,74.0,2,43,Winter
26.8,17.2,21.6,1013.7,54,20,17.6,327,0.0,3,0.0,21.2,78.0,2,44,Winter
24.9,15.3,20.4,1016.2,20,23,21.5,8,0.0,3,0.0,21.6,54.0,2,45,Winter
23.5,13.7,18.6,1016.5,27,0,17.7,22,0.0,0,0.0,20.4,20.0,2,46,Winter
23.9,11.8,18.1,1014.8,57,1,15.1,304,0.0,0,0.0,18.6,27.0,2,47,Winter
26.0,13.5,19.7,1015.6,39,0,20.8,66,0.0,0,0.0,18.1,57.0,2,48,Winter
26.3,15.2,20.3,1016.5,29,0,29.6,58,0.0,0,0.0,19.7,39.0,2,49,Winter
27.7,15.3,21.0,1015.7,38,0,15.7,23,0.0,0,0.0,20.3,29.0,2,50,Winter
26.3,17.7,21.3,1012.6,71,1,27.5,270,0.0,0,0.0,21.0,38.0,2,51,Winter
25.7,20.4,22.3,1010.2,79,19,28.5,259,0.0,2,0.0,21.3,71.0,2,52,Winter
26.3,16.8,21.3,1012.2,45,0,18.5,309,0.0,0,0.0,22.3,79.0,2,53,Winter
24.3,14.4,19.6,1013.9,30,2,20.6,309,0.0,1,0.0,21.3,45.0,2,54,Winter
24.1,13.1,19.1,1014.1,24,8,21.1,24,0.0,2,0.0,19.6,30.0,2,55,Winter
25.9,13.3,19.7,1013.6,26,0,17.3,49,0.0,0,0.0,19.1,24.0,2,56,Winter
27.3,16.0,21.2,1012.7,25,0,28.3,68,0.0,0,0.0,19.7,26.0,2,57,Winter
27.3,14.1,20.8,1011.4,40,0,20.9,303,0.0,0,0.0,21.2,25.0,2,58,Winter
30.4,15.1,22.5,1009.1,57,0,21.4,293,0.0,0,0.0,20.8,40.0,2,59,Winter
28.2,19.0,22.7,1006.3,66,0,27.6,258,0.0,0,0.0,22.5,57.0,2,60,Winter
26.8,20.3,22.7,1007.5,74,10,22.4,265,0.0,1,0.0,22.7,66.0,3,61,HotDry
26.3,18.8,22.2,1008.4,77,21,24.3,260,0.0,3,0.0,22.7,74.0,3,62,HotDry
28.4,19.8,23.4,1007.3,77,13,25.7,258,0.0,2,0.0,22.2,77.0,3,63,HotDry
27.1,20.6,23.5,1008.4,79,20,32.4,235,0.0,2,0.0,23.4,77.0,3,64,HotDry
28.1,20.1,23.4,1008.5,59,65,27.0,260,0.0,3,0.0,23.5,79.0,3,65,HotDry
27.6,19.3,22.5,1008.8,57,14,27.0,273,0.0,2,0.0,23.4,59.0,3,66,HotDry
29.2,16.2,22.2,1008.9,45,0,21.0,302,0.0,0,0.0,22.5,57.0,3,67,HotDry
28.8,18.3,23.0,1010.7,24,0,36.8,319,0.0,0,0.0,22.2,45.0,3,68,HotDry
28.4,16.6,22.3,1010.9,37,0,24.2,293,0.0,0,0.0,23.0,24.0,3,69,HotDry
25.7,16.6,21.0,1009.8,72,1,19.3,245,0.0,0,0.0,22.3,37.0,3,70,HotDry
25.7,16.0,21.4,1010.2,72,18,17.7,250,0.2,51,0.0,21.0,72.0,3,71,HotDry
26.7,19.4,22.4,1013.0,67,20,19.0,274,0.0,2,0.2,21.4,72.0,3,72,HotDry
30.1,17.6,23.6,1016.3,52,0,15.9,295,0.0,0,0.0,22.4,67.0,3,73,HotDry
28.4,17.6,22.7,1015.6,65,2,20.3,265,0.0,1,0.0,23.6,52.0,3,74,HotDry
28.2,17.6,22.7,1013.4,74,1,19.3,266,0.0,0,0.0,22.7,65.0,3,75,HotDry
28.2,19.5,23.1,1012.4,78,44,25.4,266,0.0,3,0.0,22.7,74.0,3,76,HotDry
28.9,20.8,24.1,1010.7,76,19,27.5,261,0.0,2,0.0,23.1,78.0,3,77,HotDry
29.3,20.7,24.2,1011.2,75,34,26.8,269,0.0,2,0.0,24.1,76.0,3,78,HotDry
29.9,21.0,25.4,1011.7,63,29,31.0,279,0.0,3,0.0,24.2,75.0,3,79,HotDry
30.3,17.6,23.5,1013.1,20,0,30.6,316,0.0,0,0.0,25.4,63.0,3,80,HotDry
31.3,16.8,24.7,1012.5,17,0,19.7,20,0.0,0,0.0,23.5,20.0,3,81,HotDry
31.7,17.2,24.6,1013.3,29,0,18.3,342,0.0,0,0.0,24.7,17.0,3,82,HotDry
31.1,17.2,24.0,1013.8,50,0,19.0,287,0.0,0,0.0,24.6,29.0,3,83,HotDry
30.5,17.9,23.9,1013.4,67,3,20.7,276,0.0,1,0.0,24.0,50.0,3,84,HotDry
30.8,19.8,24.8,1012.0,65,18,25.3,268,0.0,3,0.0,23.9,67.0,3,85,HotDry
33.5,21.4,26.0,1011.1,65,21,24.5,270,0.0,3,0.0,24.8,65.0,3,86,HotDry
34.2,21.0,26.6,1011.7,62,12,22.4,266,0.0,2,0.0,26.0,65.0,3,87,HotDry
35.3,23.3,28.6,1013.9,48,9,18.5,278,0.0,2,0.0,26.6,62.0,3,88,HotDry
33.1,21.2,27.2,1014.3,55,20,20.9,265,0.0,3,0.0,28.6,48.0,3,89,HotDry
34.5,22.9,28.0,1010.0,56,5,26.6,274,0.0,1,0.0,27.2,55.0,3,90,HotDry
34.0,23.8,27.9,1009.3,54,45,30.5,267,0.0,3,0.0,28.0,56.0,3,91,HotDry
32.1,21.3,26.4,1009.9,71,52,21.7,262,0.0,3,0.0,27.9,54.0,4,92,HotDry
34.3,24.2,28.6,1010.2,54,44,20.0,267,0.0,3,0.0,26.4,71.0,4,93,HotDry
34.7,23.8,28.5,1011.9,54,16,20.5,261,0.0,3,0.0,28.6,54.0,4,94,HotDry
35.3,24.5,28.7,1011.0,58,32,25.0,267,0.0,3,0.0,28.5,54.0,4,95,HotDry
34.6,24.9,28.5,1008.2,60,6,26.0,263,0.0,1,0.0,28.7,58.0,4,96,HotDry
34.0,22.6,27.7,1006.3,66,19,22.5,251,0.0,3,0.0,28.5,60.0,4,97,HotDry
32.6,22.4,27.1,1006.2,69,84,20.1,245,0.0,3,0.0,27.7,66.0,4,98,HotDry
32.2,22.4,26.9,1006.7,72,77,20.0,247,0.0,3,0.0,27.1,69.0,4,99,HotDry
35.3,23.7,28.3,1007.4,68,18,24.7,265,0.0,3,0.0,26.9,72.0,4,100,HotDry
33.4,24.0,28.1,1007.6,63,51,28.2,264,0.0,3,0.0,28.3,68.0,4,101,HotDry
32.2,25.1,27.9,1005.8,67,78,24.8,254,0.0,3,0.0,28.1,63.0,4,102,HotDry
32.3,24.0,27.5,1004.8,73,13,29.3,250,0.0,2,0.0,27.9,67.0,4,103,HotDry
31.8,24.3,27.4,1004.7,76,56,28.5,242,0.0,3,0.0,27.5,73.0,4,104,HotDry
30.9,24.1,27.0,1008.5,78,21,18.7,245,0.7,51,0.0,27.4,76.0,4,105,HotDry
33.5,23.9,28.0,1010.6,65,22,23.0,275,0.0,2,0.7,27.0,78.0,4,106,HotDry
32.5,24.3,27.7,1008.7,65,66,27.9,262,0.0,3,0.0,28.0,65.0,4,107,HotDry
32.0,25.2,28.0,1006.7,71,72,28.3,259,0.0,3,0.0,27.7,65.0,4,108,HotDry
33.5,24.7,27.9,1007.0,64,94,30.3,271,0.0,3,0.0,28.0,71.0,4,109,HotDry
28.7,24.8,26.5,1008.7,71,70,23.3,250,0.1,51,0.0,27.9,64.0,4,110,HotDry
28.7,23.3,25.7,1010.1,72,49,22.4,243,0.3,51,0.1,26.5,71.0,4,111,HotDry
29.8,23.5,26.3,1011.1,71,11,23.7,262,0.0,1,0.3,25.7,72.0,4,112,HotDry
30.9,23.6,26.7,1008.0,71,16,25.5,267,0.0,2,0.0,26.3,71.0,4,113,HotDry
30.6,24.8,27.1,1006.0,69,17,24.1,260,0.0,2,0.0,26.7,71.0,4,114,HotDry
30.8,23.8,26.7,1007.4,73,28,20.8,250,0.0,3,0.0,27.1,69.0,4,115,HotDry
32.2,24.1,27.6,1007.4,74,15,23.4,258,0.0,2,0.0,26.7,73.0,4,116,HotDry
32.6,24.2,28.0,1008.4,74,13,22.6,252,0.0,2,0.0,27.6,74.0,4,117,HotDry
32.0,24.6,27.6,1008.6,76,19,21.4,265,0.0,3,0.0,28.0,74.0,4,118,HotDry
34.6,24.2,28.7,1006.5,66,0,25.9,268,0.0,0,0.0,27.6,76.0,4,119,HotDry
38.8,25.0,31.3,1005.0,48,0,26.4,278,0.0,0,0.0,28.7,66.0,4,120,HotDry
38.9,27.4,32.1,1004.3,35,0,28.9,286,0.0,0,0.0,31.3,48.0,4,121,HotDry
39.4,26.3,32.0,1004.3,37,0,27.6,288,0.0,0,0.0,32.1,35.0,5,122,HotDry
33.9,24.4,28.9,1006.0,67,0,23.8,254,0.0,0,0.0,32.0,37.0,5,123,HotDry
38.3,24.5,30.2,1004.4,66,1,27.5,269,0.0,1,0.0,28.9,67.0,5,124,HotDry
40.3,23.9,32.2,1001.8,43,0,25.9,281,0.0,0,0.0,30.2,66.0,5,125,HotDry
34.2,25.6,29.7,1002.2,67,24,23.7,220,0.0,2,0.0,32.2,43.0,5,126,HotDry
32.0,25.7,28.6,1005.5,79,59,22.9,222,0.0,3,0.0,29.7,67.0,5,127,HotDry
31.6,26.9,28.9,1006.2,73,58,25.1,251,0.0,3,0.0,28.6,79.0,5,128,HotDry
31.7,26.5,28.7,1006.9,73,39,24.0,255,0.0,3,0.0,28.9,73.0,5,129,HotDry
31.7,26.2,28.5,1008.1,75,48,24.8,257,0.0,3,0.0,28.7,73.0,5,130,HotDry
32.0,26.7,28.9,1008.6,74,64,28.5,256,0.0,3,0.0,28.5,75.0,5,131,HotDry
32.2,27.0,29.1,1006.4,75,45,26.8,249,0.0,3,0.0,28.9,74.0,5,132,HotDry
32.7,26.9,29.2,1003.6,76,32,26.4,244,0.0,2,0.0,29.1,75.0,5,133,HotDry
34.3,26.7,29.5,1004.2,75,20,27.9,246,0.0,2,0.0,29.2,76.0,5,134,HotDry
32.7,26.5,29.0,1005.7,76,19,26.6,250,0.0,2,0.0,29.5,75.0,5,135,HotDry
32.3,26.2,28.8,1006.6,77,17,33.1,256,0.0,2,0.0,29.0,76.0,5,136,HotDry
32.3,26.3,28.8,1004.6,79,26,33.7,251,0.0,2,0.0,28.8,77.0,5,137,HotDry
32.4,26.7,29.2,1004.5,76,25,31.4,248,0.0,2,0.0,28.8,79.0,5,138,HotDry
32.5,26.9,29.3,1006.2,75,21,28.5,257,0.0,2,0.0,29.2,76.0,5,139,HotDry
32.7,27.0,29.3,1007.4,74,24,29.8,261,0.0,1,0.0,29.3,75.0,5,140,HotDry
32.6,26.7,29.0,1005.8,76,20,27.1,257,0.0,2,0.0,29.3,74.0,5,141,HotDry
33.0,26.5,29.2,1004.3,78,29,24.7,255,0.0,2,0.0,29.0,76.0,5,142,HotDry
34.1,26.7,29.7,1004.7,77,21,26.7,261,0.0,2,0.0,29.2,78.0,5,143,HotDry
33.6,26.6,29.6,1004.8,79,19,28.6,258,0.0,3,0.0,29.7,77.0,5,144,HotDry
34.2,27.4,30.3,1003.9,75,10,33.5,262,0.0,1,0.0,29.6,79.0,5,145,HotDry
33.6,27.5,30.1,1003.3,74,7,33.8,252,0.0,0,0.0,30.3,75.0,5,146,HotDry
33.0,27.1,29.7,1004.5,75,9,31.6,258,0.0,1,0.0,30.1,74.0,5,147,HotDry
34.1,27.5,30.2,1004.2,75,11,29.4,260,0.0,2,0.0,29.7,75.0,5,148,HotDry
33.7,26.9,29.7,1003.3,77,7,31.9,254,0.0,1,0.0,30.2,75.0,5,149,HotDry
33.4,26.9,29.7,1003.8,77,4,31.0,253,0.0,1,0.0,29.7,77.0,5,150,HotDry
33.6,26.9,29.8,1002.6,76,5,33.7,251,0.0,1,0.0,29.7,77.0,5,151,HotDry
34.8,27.7,30.7,998.8,67,0,34.2,257,0.0,0,0.0,29.8,76.0,5,152,HotDry
36.5,27.7,31.3,998.2,64,0,31.4,248,0.0,0,0.0,30.7,67.0,6,153,Monsoon
33.4,27.1,29.8,998.8,73,3,33.9,245,0.0,1,0.0,31.3,64.0,6,154,Monsoon
31.7,26.5,28.9,998.8,79,53,34.6,243,0.0,3,0.0,29.8,73.0,6,155,Monsoon
32.2,27.2,29.4,998.8,78,42,31.4,245,0.0,2,0.0,28.9,79.0,6,156,Monsoon
33.8,28.0,30.1,997.6,75,23,32.7,238,0.0,2,0.0,29.4,78.0,6,157,Monsoon
32.0,27.2,29.2,997.4,78,14,29.5,232,0.0,2,0.0,30.1,75.0,6,158,Monsoon
31.8,26.9,28.8,1000.9,76,54,17.9,238,0.0,3,0.0,29.2,78.0,6,159,Monsoon
31.6,26.8,28.7,1003.1,78,34,23.1,246,0.0,2,0.0,28.8,76.0,6,160,Monsoon
31.4,26.6,28.4,1003.3,76,27,27.7,249,0.0,2,0.0,28.7,78.0,6,161,Monsoon
31.6,26.6,28.6,1000.7,75,28,32.0,247,0.0,2,0.0,28.4,76.0,6,162,Monsoon
31.4,26.6,28.9,998.6,78,45,24.1,231,0.0,3,0.0,28.6,75.0,6,163,Monsoon
32.6,26.4,29.2,999.7,74,21,17.3,232,0.0,2,0.0,28.9,78.0,6,164,Monsoon
33.2,27.0,29.5,1001.1,73,25,17.6,241,0.0,3,0.0,29.2,74.0,6,165,Monsoon
33.4,26.8,29.6,1002.1,72,21,21.4,249,0.0,3,0.0,29.5,73.0,6,166,Monsoon
32.0,27.9,29.6,1001.0,74,60,22.1,252,0.0,3,0.0,29.6,72.0,6,167,Monsoon
32.9,27.6,29.9,999.1,73,44,30.4,250,0.0,3,0.0,29.6,74.0,6,168,Monsoon
33.2,27.7,30.0,997.3,77,32,32.4,252,0.0,2,0.0,29.9,73.0,6,169,Monsoon
32.9,27.6,30.0,997.6,77,31,33.0,250,0.0,2,0.0,30.0,77.0,6,170,Monsoon
33.2,27.9,30.2,999.2,75,52,32.1,251,0.0,3,0.0,30.0,77.0,6,171,Monsoon
32.4,28.1,29.9,998.8,74,40,35.2,253,0.0,3,0.0,30.2,75.0,6,172,Monsoon
32.2,27.9,29.6,999.3,74,46,37.7,254,0.0,2,0.0,29.9,74.0,6,173,Monsoon
31.9,27.1,29.3,999.3,76,46,34.8,251,0.0,2,0.0,29.6,74.0,6,174,Monsoon
32.7,27.7,29.6,998.2,77,42,29.1,248,0.0,3,0.0,29.3,76.0,6,175,Monsoon
32.4,27.3,29.5,996.7,78,53,34.3,237,0.0,3,0.0,29.6,77.0,6,176,Monsoon
32.3,27.7,29.7,998.8,76,72,35.6,243,0.0,3,0.0,29.5,78.0,6,177,Monsoon
31.7,27.7,29.4,999.8,74,65,39.1,250,0.0,3,0.0,29.7,76.0,6,178,Monsoon
32.2,27.6,29.5,999.5,74,53,35.2,249,0.0,3,0.0,29.4,74.0,6,179,Monsoon
31.4,27.6,29.2,1000.2,77,50,30.7,249,0.0,2,0.0,29.5,74.0,6,180,Monsoon
31.0,27.4,28.7,1000.1,78,61,23.2,245,0.0,3,0.0,29.2,77.0,6,181,Monsoon
32.2,27.2,29.1,999.2,77,39,29.9,250,0.0,3,0.0,28.7,78.0,6,182,Monsoon
32.4,27.5,29.7,997.4,76,46,26.7,248,0.0,2,0.0,29.1,77.0,7,183,Monsoon
32.7,27.3,29.7,997.2,77,53,18.8,231,0.0,2,0.0,29.7,76.0,7,184,Monsoon
32.4,27.5,29.6,995.8,73,56,23.2,242,0.0,3,0.0,29.7,77.0,7,185,Monsoon
32.5,27.5,29.7,994.3,73,83,26.2,229,0.0,3,0.0,29.6,73.0,7,186,Monsoon
32.0,27.8,29.5,996.2,77,79,27.1,219,0.0,3,0.0,29.7,73.0,7,187,Monsoon
31.8,27.6,29.3,996.8,78,78,26.1,238,0.2,51,0.0,29.5,77.0,7,188,Monsoon
30.9,27.5,29.0,995.2,79,73,27.8,239,0.1,51,0.2,29.3,78.0,7,189,Monsoon
31.6,27.5,29.3,996.2,77,71,20.8,227,0.0,3,0.1,29.0,79.0,7,190,Monsoon
32.1,27.4,29.5,998.3,75,52,25.5,234,0.0,3,0.0,29.3,77.0,7,191,Monsoon
32.9,28.1,30.0,998.6,74,76,27.2,249,0.0,3,0.0,29.5,75.0,7,192,Monsoon
31.5,28.2,29.5,999.4,77,99,22.9,252,0.0,3,0.0,30.0,74.0,7,193,Monsoon
33.0,28.4,30.1,1000.0,75,76,29.5,251,0.0,3,0.0,29.5,77.0,7,194,Monsoon
32.1,27.8,29.6,1000.1,75,63,35.7,251,0.0,3,0.0,30.1,75.0,7,195,Monsoon
31.1,27.7,29.1,999.0,75,56,38.0,250,0.2,51,0.0,29.6,75.0,7,196,Monsoon
30.7,27.1,28.6,999.0,78,58,34.0,245,1.0,51,0.2,29.1,75.0,7,197,Monsoon
30.9,27.2,28.7,1001.1,80,51,25.6,246,0.5,51,1.0,28.6,78.0,7,198,Monsoon
31.1,27.1,28.8,1002.4,79,45,25.3,253,0.0,2,0.5,28.7,80.0,7,199,Monsoon
31.3,27.3,28.8,1000.5,80,51,33.8,253,0.2,51,0.0,28.8,79.0,7,200,Monsoon
31.2,27.4,29.0,996.6,81,49,35.1,249,0.0,3,0.2,28.8,80.0,7,201,Monsoon
32.4,27.4,29.3,995.6,82,23,26.8,240,0.0,2,0.0,29.0,81.0,7,202,Monsoon
32.6,26.4,29.0,998.8,82,50,20.9,231,0.0,3,0.0,29.3,82.0,7,203,Monsoon
32.3,27.1,29.1,1000.3,78,44,26.5,248,0.0,3,0.0,29.0,82.0,7,204,Monsoon
31.6,27.3,29.1,997.0,76,79,30.6,249,0.0,3,0.0,29.1,78.0,7,205,Monsoon
31.7,27.2,29.0,995.2,79,62,34.7,248,0.0,3,0.0,29.1,76.0,7,206,Monsoon
31.3,26.9,28.7,996.6,80,64,33.8,250,0.0,3,0.0,29.0,79.0,7,207,Monsoon
31.4,26.6,28.6,997.7,80,81,33.2,251,0.0,3,0.0,28.7,80.0,7,208,Monsoon
31.6,27.2,28.9,997.5,77,56,26.0,254,0.0,3,0.0,28.6,80.0,7,209,Monsoon
31.4,26.8,28.8,998.3,75,45,26.6,248,0.0,2,0.0,28.9,77.0,7,210,Monsoon
31.2,27.1,29.0,998.2,77,73,30.4,247,0.0,3,0.0,28.8,75.0,7,211,Monsoon
30.9,27.1,28.8,998.2,79,89,30.1,247,0.0,3,0.0,29.0,77.0,7,212,Monsoon
31.0,27.0,28.5,997.5,81,86,37.1,254,0.0,3,0.0,28.8,79.0,7,213,Monsoon
31.1,27.1,28.7,998.6,82,94,31.7,249,0.2,51,0.0,28.5,81.0,8,214,Monsoon
30.1,26.7,28.1,999.8,82,96,36.0,250,0.2,51,0.2,28.7,82.0,8,215,Monsoon
29.8,26.2,27.6,996.2,84,90,37.8,247,0.3,51,0.2,28.1,82.0,8,216,Monsoon
30.3,25.9,27.6,994.4,83,86,29.8,239,0.0,3,0.3,27.6,84.0,8,217,Monsoon
31.0,25.7,27.9,997.8,82,64,19.9,230,0.0,3,0.0,27.6,83.0,8,218,Monsoon
31.3,26.3,28.3,1000.7,80,48,24.3,248,0.0,3,0.0,27.9,82.0,8,219,Monsoon
31.3,26.5,28.5,1001.1,78,35,24.9,257,0.0,2,0.0,28.3,80.0,8,220,Monsoon
31.0,26.0,28.1,1001.8,77,65,27.1,258,0.0,3,0.0,28.5,78.0,8,221,Monsoon
30.8,26.1,28.0,1000.2,75,62,28.9,256,0.0,3,0.0,28.1,77.0,8,222,Monsoon
30.8,25.9,27.9,998.7,77,49,23.9,245,0.0,3,0.0,28.0,75.0,8,223,Monsoon
31.3,26.2,28.3,1000.0,76,44,21.2,246,0.0,2,0.0,27.9,77.0,8,224,Monsoon
31.3,26.1,28.3,1000.7,75,46,23.2,259,0.0,3,0.0,28.3,76.0,8,225,Monsoon
30.8,26.1,28.2,1000.4,74,94,26.8,261,0.0,3,0.0,28.3,75.0,8,226,Monsoon
30.9,26.2,28.2,1000.7,75,96,27.3,257,0.0,3,0.0,28.2,74.0,8,227,Monsoon
30.9,26.1,28.1,1001.8,76,74,25.7,251,0.0,3,0.0,28.2,75.0,8,228,Monsoon
30.6,26.0,27.9,1002.7,75,86,22.5,254,0.0,3,0.0,28.1,76.0,8,229,Monsoon
30.0,26.0,27.6,1003.1,76,57,25.0,254,0.0,3,0.0,27.9,75.0,8,230,Monsoon
29.6,25.9,27.6,1002.3,76,58,27.3,258,0.0,3,0.0,27.6,76.0,8,231,Monsoon
30.5,26.2,28.1,999.8,78,66,22.0,241,0.0,3,0.0,27.6,76.0,8,232,Monsoon
30.4,26.1,28.1,999.9,81,88,20.0,190,0.0,3,0.0,28.1,78.0,8,233,Monsoon
31.2,26.7,28.6,1000.3,78,99,20.6,222,0.0,3,0.0,28.1,81.0,8,234,Monsoon
30.7,26.9,28.5,1000.4,79,99,22.1,241,0.0,3,0.0,28.6,78.0,8,235,Monsoon
31.0,26.4,28.5,1002.6,77,75,22.4,242,0.0,3,0.0,28.5,79.0,8,236,Monsoon
30.9,26.8,28.4,1003.7,79,94,27.6,252,0.4,51,0.0,28.5,77.0,8,237,Monsoon
30.0,26.8,28.0,1002.7,81,87,34.1,254,0.8,51,0.4,28.4,79.0,8,238,Monsoon
30.3,26.7,28.2,1002.5,79,65,27.0,257,0.0,3,0.8,28.0,81.0,8,239,Monsoon
30.7,26.5,28.2,1001.4,80,67,21.4,261,0.0,3,0.0,28.2,79.0,8,240,Monsoon
31.5,26.2,28.4,1001.8,78,67,20.6,260,0.0,3,0.0,28.2,80.0,8,241,Monsoon
32.7,26.2,28.7,1002.7,77,95,18.0,274,1.3,53,0.0,28.4,78.0,8,242,Monsoon
33.6,26.4,28.8,1002.0,77,88,16.1,275,4.6,63,1.3,28.7,77.0,8,243,Monsoon
31.9,26.3,28.6,1000.6,77,81,17.8,262,1.8,55,4.6,28.8,77.0,8,244,Monsoon
34.0,26.2,29.4,1000.1,75,78,20.5,257,0.0,3,1.8,28.6,77.0,9,245,Monsoon
33.8,27.1,29.7,1001.3,76,74,20.1,258,0.0,3,0.0,29.4,75.0,9,246,Monsoon
32.4,26.9,29.0,1000.6,80,80,23.1,259,0.0,3,0.0,29.7,76.0,9,247,Monsoon
32.9,26.6,29.1,1000.3,78,97,21.3,263,0.0,3,0.0,29.0,80.0,9,248,Monsoon
32.0,26.8,29.3,1001.5,80,89,15.6,303,7.8,61,0.0,29.1,78.0,9,249,Monsoon
31.7,27.2,29.2,1002.0,80,81,19.6,21,7.1,55,7.8,29.3,80.0,9,250,Monsoon
31.3,26.7,28.7,1001.4,81,99,24.6,28,7.2,61,7.1,29.2,80.0,9,251,Monsoon
31.4,27.4,29.1,1000.5,80,98,21.3,6,1.5,53,7.2,28.7,81.0,9,252,Monsoon
30.5,27.3,28.5,1001.3,85,98,26.3,280,1.3,53,1.5,29.1,80.0,9,253,Monsoon
30.4,26.7,28.2,1002.8,85,86,14.7,244,0.0,3,1.3,28.5,85.0,9,254,Monsoon
30.1,26.9,28.1,1002.8,84,98,11.9,287,5.0,55,0.0,28.2,85.0,9,255,Monsoon
30.1,27.2,28.3,1002.4,86,98,13.8,283,4.8,55,5.0,28.1,84.0,9,256,Monsoon
29.3,27.0,28.0,1002.1,90,98,19.6,259,2.1,53,4.8,28.3,86.0,9,257,Monsoon
29.7,26.5,27.7,1001.0,88,78,22.5,248,0.0,3,2.1,28.0,90.0,9,258,Monsoon
29.7,26.0,27.5,999.9,85,64,23.6,243,0.0,3,0.0,27.7,88.0,9,259,Monsoon
30.5,26.2,27.8,1000.6,84,23,23.9,249,0.0,2,0.0,27.5,85.0,9,260,Monsoon
32.1,26.1,28.3,1002.0,78,13,17.6,241,0.0,2,0.0,27.8,84.0,9,261,Monsoon
32.7,25.2,28.1,1004.0,77,8,15.9,231,0.0,2,0.0,28.3,78.0,9,262,Monsoon
30.3,24.1,27.0,1006.2,83,12,16.3,241,0.0,3,0.0,28.1,77.0,9,263,Monsoon
30.7,25.3,27.4,1007.3,80,5,20.6,259,0.0,1,0.0,27.0,83.0,9,264,Monsoon
30.8,25.4,27.6,1007.4,79,17,22.7,260,0.0,2,0.0,27.4,80.0,9,265,Monsoon
31.3,25.6,28.1,1007.8,75,28,27.9,254,0.0,2,0.0,27.6,79.0,9,266,Monsoon
31.0,26.3,28.1,1007.2,73,36,28.6,251,0.0,2,0.0,28.1,75.0,9,267,Monsoon
30.5,26.3,28.0,1007.1,72,26,30.2,256,0.0,2,0.0,28.1,73.0,9,268,Monsoon
30.1,25.7,27.7,1007.5,75,32,29.8,255,0.0,2,0.0,28.0,72.0,9,269,Monsoon
30.5,25.9,27.9,1010.2,74,45,23.6,257,0.0,3,0.0,27.7,75.0,9,270,Monsoon
31.3,26.2,28.3,1011.9,74,26,23.7,268,0.0,3,0.0,27.9,74.0,9,271,Monsoon
31.7,25.7,28.2,1011.4,75,3,23.8,264,0.0,0,0.0,28.3,74.0,9,272,Monsoon
31.5,25.4,28.1,1010.6,76,12,20.2,256,0.0,3,0.0,28.2,75.0,9,273,Monsoon
32.9,24.6,28.2,1010.4,75,7,17.5,271,0.0,1,0.0,28.1,76.0,9,274,Monsoon
35.1,24.5,29.1,1009.6,69,6,17.3,279,0.0,2,0.0,28.2,75.0,10,275,PostMonsoon
33.8,24.9,28.6,1007.9,75,11,18.9,264,0.0,2,0.0,29.1,69.0,10,276,PostMonsoon
34.7,23.8,28.7,1005.5,72,19,15.6,243,0.0,3,0.0,28.6,75.0,10,277,PostMonsoon
33.8,23.4,28.1,1004.7,72,12,17.7,204,0.0,2,0.0,28.7,72.0,10,278,PostMonsoon
32.1,24.1,27.5,1007.2,71,11,17.5,236,0.0,2,0.0,28.1,72.0,10,279,PostMonsoon
30.8,23.1,26.7,1009.7,74,5,19.0,237,0.0,1,0.0,27.5,71.0,10,280,PostMonsoon
30.8,22.7,26.6,1011.1,75,18,16.3,261,0.0,3,0.0,26.7,74.0,10,281,PostMonsoon
32.3,22.6,27.1,1010.5,74,7,17.4,270,0.0,1,0.0,26.6,75.0,10,282,PostMonsoon
33.1,22.7,27.4,1009.3,72,1,19.3,274,0.0,0,0.0,27.1,74.0,10,283,PostMonsoon
32.0,22.9,27.0,1009.6,77,3,17.6,263,0.0,1,0.0,27.4,72.0,10,284,PostMonsoon
31.3,22.8,26.7,1010.3,80,20,19.6,265,0.0,3,0.0,27.0,77.0,10,285,PostMonsoon
30.5,23.2,26.9,1009.1,80,27,24.2,250,0.0,3,0.0,26.7,80.0,10,286,PostMonsoon
31.2,24.9,27.6,1008.7,80,18,20.4,246,0.0,3,0.0,26.9,80.0,10,287,PostMonsoon
30.9,25.1,27.5,1010.8,76,36,18.4,232,0.0,3,0.0,27.6,80.0,10,288,PostMonsoon
30.9,24.8,27.5,1012.3,74,27,20.7,251,0.0,2,0.0,27.5,76.0,10,289,PostMonsoon
31.9,25.2,28.1,1013.6,74,27,19.6,253,0.0,2,0.0,27.5,74.0,10,290,PostMonsoon
31.9,24.8,28.1,1014.4,73,9,17.4,281,0.0,1,0.0,28.1,74.0,10,291,PostMonsoon
32.6,24.3,28.3,1013.5,71,5,14.9,286,0.9,53,0.0,28.1,73.0,10,292,PostMonsoon
32.7,24.5,28.3,1013.0,72,1,15.9,275,0.0,0,0.9,28.3,71.0,10,293,PostMonsoon
33.3,24.0,28.2,1013.0,68,15,15.8,292,0.0,3,0.0,28.3,72.0,10,294,PostMonsoon
33.8,25.0,29.5,1014.1,50,11,16.3,36,0.0,1,0.0,28.2,68.0,10,295,PostMonsoon
34.2,24.5,29.3,1014.1,53,6,12.1,352,0.0,1,0.0,29.5,50.0,10,296,PostMonsoon
33.4,23.3,28.3,1013.4,60,0,15.9,290,0.0,0,0.0,29.3,53.0,10,297,PostMonsoon
32.7,23.0,27.4,1012.5,58,0,14.4,57,0.0,0,0.0,28.3,60.0,10,298,PostMonsoon
32.8,21.0,26.8,1011.2,62,0,17.4,282,0.0,0,0.0,27.4,58.0,10,299,PostMonsoon
32.3,21.9,26.7,1010.6,73,0,15.8,264,0.0,0,0.0,26.8,62.0,10,300,PostMonsoon
33.8,23.1,28.2,1012.2,53,0,15.8,36,0.0,0,0.0,26.7,73.0,10,301,PostMonsoon
33.6,21.4,27.7,1013.4,53,0,15.6,309,0.0,0,0.0,28.2,53.0,10,302,PostMonsoon
34.1,21.2,28.1,1012.9,46,0,14.1,321,0.0,0,0.0,27.7,53.0,10,303,PostMonsoon
34.0,20.7,27.7,1012.4,44,0,14.2,328,0.0,0,0.0,28.1,46.0,10,304,PostMonsoon
33.7,21.6,27.8,1012.3,42,0,12.2,340,0.0,0,0.0,27.7,44.0,10,305,PostMonsoon
34.1,21.3,27.7,1012.1,38,0,11.8,17,0.0,0,0.0,27.8,42.0,11,306,PostMonsoon
33.8,21.2,27.4,1011.0,42,0,16.7,350,0.0,0,0.0,27.7,38.0,11,307,PostMonsoon
32.9,20.5,26.8,1011.2,53,0,17.2,262,0.0,0,0.0,27.4,42.0,11,308,PostMonsoon
31.5,21.0,26.3,1011.3,71,0,15.8,285,0.0,0,0.0,26.8,53.0,11,309,PostMonsoon
31.4,19.9,25.8,1010.9,72,2,18.1,267,0.0,1,0.0,26.3,71.0,11,310,PostMonsoon
31.6,21.0,26.2,1012.0,71,1,17.9,242,0.0,0,0.0,25.8,72.0,11,311,PostMonsoon
30.7,22.3,26.0,1012.9,73,13,17.7,265,0.0,2,0.0,26.2,71.0,11,312,PostMonsoon
30.4,22.2,26.1,1010.8,76,1,21.2,264,0.0,0,0.0,26.0,73.0,11,313,PostMonsoon
31.2,22.7,26.7,1011.0,74,0,21.7,269,0.0,0,0.0,26.1,76.0,11,314,PostMonsoon
31.6,22.2,26.7,1012.2,78,7,18.6,264,0.0,2,0.0,26.7,74.0,11,315,PostMonsoon
31.4,21.5,26.3,1013.0,71,21,13.8,211,0.0,3,0.0,26.7,78.0,11,316,PostMonsoon
30.0,21.5,25.7,1012.7,75,10,14.5,226,0.0,2,0.0,26.3,71.0,11,317,PostMonsoon
31.5,20.6,26.1,1014.4,66,3,15.1,294,0.0,1,0.0,25.7,75.0,11,318,PostMonsoon
31.5,20.9,26.1,1013.9,60,2,16.9,306,0.0,0,0.0,26.1,66.0,11,319,PostMonsoon
30.5,20.5,25.4,1013.7,72,0,15.1,279,0.0,0,0.0,26.1,60.0,11,320,PostMonsoon
29.9,20.5,25.1,1015.2,75,1,16.1,280,0.0,0,0.0,25.4,72.0,11,321,PostMonsoon
29.7,22.1,25.7,1015.0,79,9,14.3,254,0.0,2,0.0,25.1,75.0,11,322,PostMonsoon
31.2,22.1,26.6,1014.3,69,3,10.8,343,0.0,1,0.0,25.7,79.0,11,323,PostMonsoon
31.2,21.9,26.4,1014.5,53,4,15.2,61,0.0,1,0.0,26.6,69.0,11,324,PostMonsoon
30.6,20.9,25.7,1014.9,33,22,18.3,65,0.0,2,0.0,26.4,53.0,11,325,PostMonsoon
29.9,19.1,24.6,1014.1,40,7,13.9,12,0.0,1,0.0,25.7,33.0,11,326,PostMonsoon
29.4,19.6,24.6,1013.3,67,1,16.1,287,0.0,0,0.0,24.6,40.0,11,327,PostMonsoon
29.1,21.8,25.5,1013.2,69,9,15.1,271,0.0,3,0.0,24.6,67.0,11,328,PostMonsoon
30.1,20.4,25.2,1013.5,52,70,12.5,328,0.0,3,0.0,25.5,69.0,11,329,PostMonsoon
29.1,18.9,23.8,1015.0,48,30,19.9,67,0.0,3,0.0,25.2,52.0,11,330,PostMonsoon
28.4,17.1,23.0,1015.0,60,1,13.5,306,0.0,0,0.0,23.8,48.0,11,331,PostMonsoon
28.5,18.2,23.4,1014.1,69,56,14.7,293,0.0,3,0.0,23.0,60.0,11,332,PostMonsoon
28.3,21.0,24.4,1013.2,73,9,19.8,277,0.0,1,0.0,23.4,69.0,11,333,PostMonsoon
30.8,21.8,25.9,1012.8,48,2,23.0,327,0.0,1,0.0,24.4,73.0,11,334,PostMonsoon
27.9,18.0,22.7,1015.6,35,1,20.0,66,0.0,0,0.0,25.9,48.0,11,335,PostMonsoon
27.1,15.9,21.8,1014.9,47,10,11.5,33,0.0,2,0.0,22.7,35.0,12,336,Winter
27.1,16.8,22.1,1015.2,42,0,12.8,60,0.0,0,0.0,21.8,47.0,12,337,Winter
27.4,18.2,22.3,1015.9,36,0,26.6,51,0.0,0,0.0,22.1,42.0,12,338,Winter
28.3,18.8,22.8,1015.4,36,47,27.2,52,0.0,3,0.0,22.3,36.0,12,339,Winter
30.0,19.2,24.0,1015.1,35,1,20.5,56,0.0,0,0.0,22.8,36.0,12,340,Winter
29.6,18.1,23.7,1015.5,45,15,12.8,16,0.0,3,0.0,24.0,35.0,12,341,Winter
28.5,17.2,22.8,1014.7,66,39,16.7,293,0.0,3,0.0,23.7,45.0,12,342,Winter
29.7,19.4,24.1,1013.1,73,0,13.8,289,0.0,0,0.0,22.8,66.0,12,343,Winter
28.9,18.5,23.8,1011.7,70,1,16.9,233,0.0,0,0.0,24.1,73.0,12,344,Winter
30.1,18.9,24.0,1010.8,61,0,15.8,307,0.0,0,0.0,23.8,70.0,12,345,Winter
29.4,17.9,23.6,1012.3,51,0,16.2,305,0.0,0,0.0,24.0,61.0,12,346,Winter
27.3,19.7,23.4,1012.2,65,3,19.7,251,0.0,0,0.0,23.6,51.0,12,347,Winter
25.8,21.0,23.1,1010.6,75,35,15.8,255,1.2,51,0.0,23.4,65.0,12,348,Winter
25.8,16.9,21.6,1013.9,63,2,21.2,47,0.0,0,1.2,23.1,75.0,12,349,Winter
23.0,16.1,19.3,1018.4,60,34,27.5,56,0.6,53,0.0,21.6,63.0,12,350,Winter
24.6,16.2,19.8,1019.8,56,32,26.4,55,0.0,3,0.6,19.3,60.0,12,351,Winter
25.4,16.5,20.2,1019.6,52,42,32.5,60,0.0,3,0.0,19.8,56.0,12,352,Winter
26.5,15.9,20.9,1019.6,52,24,14.8,18,0.0,2,0.0,20.2,52.0,12,353,Winter
26.7,16.5,21.1,1018.7,50,37,14.8,47,0.0,2,0.0,20.9,52.0,12,354,Winter
25.7,14.8,20.3,1015.2,59,30,10.7,16,0.0,3,0.0,21.1,50.0,12,355,Winter
26.7,15.3,20.7,1014.6,54,25,10.1,52,0.0,3,0.0,20.3,59.0,12,356,Winter
27.4,15.7,21.1,1015.7,44,0,17.4,50,0.0,0,0.0,20.7,54.0,12,357,Winter
26.1,14.1,20.2,1015.2,59,0,13.0,339,0.0,0,0.0,21.1,44.0,12,358,Winter
27.6,15.5,21.3,1015.0,55,0,15.0,59,0.0,0,0.0,20.2,59.0,12,359,Winter
27.3,16.1,21.4,1015.2,48,12,15.2,57,0.0,3,0.0,21.3,55.0,12,360,Winter
26.4,15.0,20.7,1014.1,57,16,12.0,32,0.0,3,0.0,21.4,48.0,12,361,Winter
25.4,15.6,20.6,1012.6,77,26,19.2,287,0.0,3,0.0,20.7,57.0,12,362,Winter
21.6,15.6,18.9,1012.6,28,0,29.0,332,0.0,0,0.0,20.6,77.0,12,363,Winter
21.7,10.6,16.2,1014.3,33,0,17.3,48,0.0,0,0.0,18.9,28.0,12,364,Winter
21.7,12.3,16.5,1016.4,36,0,19.2,38,0.0,0,0.0,16.2,33.0,12,365,Winter
23.1,11.1,16.7,1015.2,42,0,14.3,33,0.0,0,0.0,16.5,36.0,12,366,Winter
23.8,12.5,17.9,1013.8,53,0,16.7,310,0.0,0,0.0,16.7,42.0,1,1,Winter
24.6,13.4,18.2,1016.2,41,0,18.1,34,0.0,0,0.0,17.9,53.0,1,2,Winter
23.0,11.5,17.3,1016.2,65,24,15.6,297,0.0,3,0.0,18.2,41.0,1,3,Winter
23.3,12.8,18.6,1015.4,62,23,12.1,54,0.0,3,0.0,17.3,65.0,1,4,Winter
22.5,13.5,17.9,1014.7,51,0,16.8,56,0.0,0,0.0,18.6,62.0,1,5,Winter
22.7,12.3,17.6,1015.5,61,2,11.6,101,0.0,1,0.0,17.9,51.0,1,6,Winter
23.7,14.1,19.1,1017.0,62,7,13.3,89,0.0,1,0.0,17.6,61.0,1,7,Winter
23.8,14.7,19.2,1017.6,54,0,12.3,30,0.0,0,0.0,19.1,62.0,1,8,Winter
25.1,15.6,20.3,1016.9,75,6,10.2,326,0.0,1,0.0,19.2,54.0,1,9,Winter
25.5,16.0,20.6,1016.5,65,1,10.2,32,0.0,0,0.0,20.3,75.0,1,10,Winter
25.4,16.4,20.7,1016.6,82,16,16.6,288,0.0,2,0.0,20.6,65.0,1,11,Winter
26.6,20.0,22.5,1016.4,75,11,24.4,284,0.0,2,0.0,20.7,82.0,1,12,Winter
26.6,16.8,21.5,1014.9,30,2,17.1,330,0.0,1,0.0,22.5,75.0,1,13,Winter
24.8,12.8,19.2,1013.6,60,0,18.9,234,0.0,0,0.0,21.5,30.0,1,14,Winter
25.1,15.4,21.2,1013.4,67,13,15.9,262,0.0,2,0.0,19.2,60.0,1,15,Winter
23.6,17.2,20.8,1014.7,68,34,12.3,224,0.0,2,0.0,21.2,67.0,1,16,Winter
20.7,15.3,18.1,1015.2,58,32,20.3,32,0.3,51,0.0,20.8,68.0,1,17,Winter
20.1,11.8,15.9,1017.7,48,0,16.7,312,0.0,0,0.3,18.1,58.0,1,18,Winter
24.7,11.8,18.9,1018.5,44,5,19.0,10,0.0,1,0.0,15.9,48.0,1,19,Winter
23.9,14.0,18.5,1019.6,39,0,20.7,66,0.0,0,0.0,18.9,44.0,1,20,Winter
24.2,14.0,18.8,1020.0,40,20,16.4,66,0.0,3,0.0,18.5,39.0,1,21,Winter
24.7,13.6,19.0,1019.8,37,0,18.7,54,0.0,0,0.0,18.8,40.0,1,22,Winter
25.2,12.6,18.9,1019.2,46,0,11.0,12,0.0,0,0.0,19.0,37.0,1,23,Winter
25.8,14.4,19.5,1019.3,42,0,24.0,56,0.0,0,0.0,18.9,46.0,1,24,Winter
26.1,14.5,20.0,1019.4,43,0,14.7,26,0.0,0,0.0,19.5,42.0,1,25,Winter
25.6,13.7,19.7,1019.2,65,0,13.0,312,0.0,0,0.0,20.0,43.0,1,26,Winter
25.4,13.8,19.8,1018.0,72,61,15.2,284,0.0,3,0.0,19.7,65.0,1,27,Winter
25.8,16.2,20.6,1016.3,70,6,15.3,275,0.0,3,0.0,19.8,72.0,1,28,Winter
27.6,14.5,21.0,1015.6,64,37,15.6,358,0.0,3,0.0,20.6,70.0,1,29,Winter
27.3,16.0,21.9,1014.4,60,87,13.4,305,0.0,3,0.0,21.0,64.0,1,30,Winter
28.7,16.5,22.8,1015.0,52,62,14.1,38,0.0,3,0.0,21.9,60.0,1,31,Winter
29.5,18.7,23.8,1014.9,39,42,21.3,61,0.0,3,0.0,22.8,52.0,2,32,Winter
28.9,17.0,23.0,1015.0,49,77,17.3,35,0.0,3,0.0,23.8,39.0,2,33,Winter
26.2,17.7,21.8,1013.3,63,62,24.9,283,0.2,51,0.0,23.0,49.0,2,34,Winter
22.9,18.2,20.0,1012.0,67,27,25.2,280,0.7,51,0.2,21.8,63.0,2,35,Winter
20.6,15.0,17.9,1014.8,41,0,26.1,302,0.0,0,0.7,20.0,67.0,2,36,Winter
23.7,12.9,18.4,1020.2,38,0,22.2,15,0.0,0,0.0,17.9,41.0,2,37,Winter
23.6,12.4,18.1,1019.6,48,0,14.8,9,0.0,0,0.0,18.4,38.0,2,38,Winter
25.3,13.4,19.2,1017.9,48,1,18.0,50,0.0,0,0.0,18.1,48.0,2,39,Winter
25.5,12.8,19.3,1015.8,51,40,15.0,346,0.0,3,0.0,19.2,48.0,2,40,Winter
27.5,13.8,20.8,1014.4,55,7,9.2,32,0.0,1,0.0,19.3,51.0,2,41,Winter
28.2,17.7,22.2,1014.5,36,20,26.1,49,0.0,2,0.0,20.8,55.0,2,42,Winter
29.3,18.0,23.1,1014.4,35,1,26.6,58,0.0,0,0.0,22.2,36.0,2,43,Winter
29.1,18.3,23.3,1013.8,38,6,24.4,52,0.0,2,0.0,23.1,35.0,2,44,Winter
28.2,18.0,22.7,1012.4,44,0,16.9,20,0.0,0,0.0,23.3,38.0,2,45,Winter
23.8,15.9,20.2,1011.1,58,15,23.9,329,1.2,53,0.0,22.7,44.0,2,46,Winter
24.0,14.2,19.2,1010.9,45,0,22.0,303,0.0,0,1.2,20.2,58.0,2,47,Winter
26.4,17.1,21.5,1010.6,58,0,22.6,243,0.0,0,0.0,19.2,45.0,2,48,Winter
26.0,17.9,21.8,1013.0,71,46,18.4,256,0.0,3,0.0,21.5,58.0,2,49,Winter
26.3,16.4,21.5,1013.9,70,6,17.6,279,0.0,2,0.0,21.8,71.0,2,50,Winter
28.3,17.5,22.5,1014.6,68,2,18.2,254,0.0,0,0.0,21.5,70.0,2,51,Winter
26.4,18.4,22.2,1013.3,77,31,24.8,266,0.0,3,0.0,22.5,68.0,2,52,Winter
26.3,20.2,22.7,1013.9,78,29,23.4,261,0.0,2,0.0,22.2,77.0,2,53,Winter
28.8,18.2,23.1,1016.5,53,12,13.2,25,0.8,51,0.0,22.7,78.0,2,54,Winter
27.9,16.4,22.3,1018.5,45,0,18.8,77,0.0,0,0.8,23.1,53.0,2,55,Winter
27.2,17.1,22.4,1016.7,41,12,19.7,63,0.0,2,0.0,22.3,45.0,2,56,Winter
25.4,17.0,21.7,1014.9,60,18,25.3,280,0.0,2,0.0,22.4,41.0,2,57,Winter
25.8,17.4,21.4,1016.0,36,0,26.2,306,0.0,0,0.0,21.7,60.0,2,58,Winter
29.4,14.9,22.5,1017.4,43,4,18.8,52,0.0,2,0.0,21.4,36.0,2,59,Winter
28.8,18.3,23.2,1018.6,32,45,27.4,54,0.0,3,0.0,22.5,43.0,3,60,HotDry
29.7,17.0,23.0,1018.0,37,0,17.6,24,0.0,0,0.0,23.2,32.0,3,61,HotDry
30.5,14.5,22.7,1016.8,51,20,20.2,301,0.0,3,0.0,23.0,37.0,3,62,HotDry
30.7,17.1,23.2,1014.7,65,0,17.9,283,0.0,0,0.0,22.7,51.0,3,63,HotDry
34.7,16.5,26.0,1014.5,46,0,13.7,45,0.0,0,0.0,23.2,65.0,3,64,HotDry
35.1,22.2,28.3,1015.0,29,22,28.2,55,0.0,3,0.0,26.0,46.0,3,65,HotDry
34.9,22.0,28.2,1014.1,28,27,21.4,37,0.0,3,0.0,28.3,29.0,3,66,HotDry
33.6,19.0,26.1,1013.7,38,0,18.6,288,0.0,0,0.0,28.2,28.0,3,67,HotDry
29.9,20.5,24.7,1012.0,68,0,24.1,263,0.0,0,0.0,26.1,38.0,3,68,HotDry
30.3,19.0,24.6,1009.9,45,15,19.2,289,0.0,3,0.0,24.7,68.0,3,69,HotDry
29.9,17.3,23.8,1011.5,60,89,19.8,269,0.0,3,0.0,24.6,45.0,3,70,HotDry
28.8,18.5,23.7,1011.6,72,16,20.7,267,0.0,3,0.0,23.8,60.0,3,71,HotDry
29.2,20.5,24.2,1011.5,76,23,19.5,274,0.0,3,0.0,23.7,72.0,3,72,HotDry
30.2,21.2,24.9,1012.2,77,31,21.6,262,0.0,3,0.0,24.2,76.0,3,73,HotDry
31.8,19.3,25.7,1014.7,63,17,11.6,325,0.0,2,0.0,24.9,77.0,3,74,HotDry
31.8,22.0,26.7,1015.4,46,5,20.6,12,0.0,1,0.0,25.7,63.0,3,75,HotDry
32.8,19.6,26.0,1014.7,54,0,20.5,286,0.0,0,0.0,26.7,46.0,3,76,HotDry
33.8,19.1,26.3,1011.7,53,0,20.1,292,0.0,0,0.0,26.0,54.0,3,77,HotDry
31.6,20.8,25.7,1010.0,59,30,21.1,274,0.0,3,0.0,26.3,53.0,3,78,HotDry
28.9,21.6,24.8,1011.2,71,9,32.3,264,0.0,2,0.0,25.7,59.0,3,79,HotDry
30.8,21.9,25.3,1011.1,76,28,20.1,269,0.0,2,0.0,24.8,71.0,3,80,HotDry
28.3,22.3,24.8,1008.1,74,57,24.4,262,0.0,3,0.0,25.3,76.0,3,81,HotDry
28.6,23.0,25.2,1007.2,73,12,28.7,247,0.0,1,0.0,24.8,74.0,3,82,HotDry
31.3,20.4,25.8,1011.3,59,17,21.8,273,0.0,3,0.0,25.2,73.0,3,83,HotDry
32.4,19.7,26.4,1012.1,50,71,16.5,2,0.0,3,0.0,25.8,59.0,3,84,HotDry
30.7,22.3,26.1,1009.3,53,95,21.7,273,0.0,3,0.0,26.4,50.0,3,85,HotDry
28.1,22.9,24.7,1008.2,68,38,28.7,257,1.7,53,0.0,26.1,53.0,3,86,HotDry
29.1,21.1,24.9,1009.3,66,2,24.4,266,0.0,0,1.7,24.7,68.0,3,87,HotDry
29.7,19.9,25.0,1011.7,72,13,23.6,240,0.0,1,0.0,24.9,66.0,3,88,HotDry
29.6,20.2,25.1,1010.8,71,13,23.7,255,0.0,1,0.0,25.0,72.0,3,89,HotDry
30.1,22.2,25.5,1009.7,68,0,27.0,264,0.0,0,0.0,25.1,71.0,3,90,HotDry
29.0,21.4,24.8,1009.4,77,18,24.1,260,0.0,2,0.0,25.5,68.0,4,91,HotDry
28.9,22.5,25.3,1008.9,76,16,20.5,256,0.0,1,0.0,24.8,77.0,4,92,HotDry
31.6,22.7,26.2,1011.1,72,23,23.4,279,0.2,51,0.0,25.3,76.0,4,93,HotDry
32.5,22.0,26.7,1011.3,66,1,23.0,278,0.0,0,0.2,26.2,72.0,4,94,HotDry
32.4,22.2,26.6,1009.6,68,0,22.0,271,0.0,0,0.0,26.7,66.0,4,95,HotDry
31.1,21.7,25.9,1008.3,69,0,25.6,263,0.0,0,0.0,26.6,68.0,4,96,HotDry
28.7,22.1,25.0,1007.8,69,9,28.1,256,0.0,1,0.0,25.9,69.0,4,97,HotDry
27.6,22.2,24.5,1007.9,79,23,20.1,223,1.6,53,0.0,25.0,69.0,4,98,HotDry
28.2,22.9,25.2,1008.5,77,16,22.0,237,0.0,1,1.6,24.5,79.0,4,99,HotDry
28.8,21.5,25.3,1009.5,70,11,20.6,260,0.0,1,0.0,25.2,77.0,4,100,HotDry
31.6,22.0,26.8,1010.1,65,46,24.7,270,0.0,3,0.0,25.3,70.0,4,101,HotDry
31.8,23.4,27.1,1009.9,67,13,26.4,270,0.0,2,0.0,26.8,65.0,4,102,HotDry
33.1,23.6,27.5,1010.1,70,1,24.9,269,0.0,0,0.0,27.1,67.0,4,103,HotDry
33.0,23.6,27.6,1009.2,70,18,26.4,258,0.0,3,0.0,27.5,70.0,4,104,HotDry
33.7,24.2,28.2,1007.1,64,35,32.2,257,0.0,3,0.0,27.6,70.0,4,105,HotDry
33.3,24.1,27.8,1005.6,73,5,24.6,259,0.0,1,0.0,28.2,64.0,4,106,HotDry
35.5,22.8,28.5,1003.7,66,7,30.0,258,0.0,2,0.0,27.8,73.0,4,107,HotDry
31.7,23.9,27.6,1004.0,73,22,24.8,243,0.0,3,0.0,28.5,66.0,4,108,HotDry
31.5,24.3,27.4,1004.7,80,30,20.4,241,0.0,3,0.0,27.6,73.0,4,109,HotDry
30.8,25.2,27.5,1004.4,78,40,23.8,229,0.0,3,0.0,27.4,80.0,4,110,HotDry
31.7,25.9,28.0,1005.4,76,45,22.0,211,0.0,3,0.0,27.5,78.0,4,111,HotDry
32.3,26.4,28.1,1008.3,78,59,19.5,246,3.5,61,0.0,28.0,76.0,4,112,HotDry
33.1,24.4,28.2,1010.9,70,20,25.5,270,0.0,3,3.5,28.1,78.0,4,113,HotDry
31.1,25.8,28.4,1011.4,70,70,33.0,284,0.0,3,0.0,28.2,70.0,4,114,HotDry
32.4,26.1,28.5,1010.8,64,59,32.8,267,0.0,3,0.0,28.4,70.0,4,115,HotDry
33.5,24.7,28.6,1010.4,67,21,26.6,269,0.0,3,0.0,28.5,64.0,4,116,HotDry
35.6,26.2,30.1,1010.1,54,82,27.2,275,0.0,3,0.0,28.6,67.0,4,117,HotDry
34.2,25.8,29.4,1008.6,63,26,28.7,266,0.0,3,0.0,30.1,54.0,4,118,HotDry
35.0,26.0,29.3,1008.2,67,43,25.1,255,0.8,53,0.0,29.4,63.0,4,119,HotDry
38.9,24.4,31.2,1008.1,48,42,23.0,275,0.0,3,0.8,29.3,67.0,4,120,HotDry
38.6,25.0,31.5,1006.9,41,11,23.5,276,0.0,1,0.0,31.2,48.0,5,121,HotDry
38.9,25.2,31.3,1004.1,45,1,27.7,275,0.0,0,0.0,31.5,41.0,5,122,HotDry
34.7,27.3,30.6,1002.2,57,0,30.9,266,0.0,0,0.0,31.3,45.0,5,123,HotDry
33.6,27.1,29.8,1001.7,61,0,28.8,257,0.0,0,0.0,30.6,57.0,5,124,HotDry
37.7,24.8,30.5,1002.3,62,0,24.2,244,0.0,0,0.0,29.8,61.0,5,125,HotDry
34.2,25.5,29.5,1004.4,68,9,24.4,255,0.0,2,0.0,30.5,62.0,5,126,HotDry
32.8,24.9,28.5,1005.2,71,13,25.6,256,0.0,3,0.0,29.5,68.0,5,127,HotDry
32.3,24.9,28.3,1006.0,68,17,29.3,259,0.0,3,0.0,28.5,71.0,5,128,HotDry
32.2,24.9,28.3,1005.6,70,5,28.9,257,0.0,1,0.0,28.3,68.0,5,129,HotDry
32.8,26.0,29.0,1004.9,69,0,33.7,256,0.0,0,0.0,28.3,70.0,5,130,HotDry
32.1,25.9,28.6,1002.9,72,1,31.6,252,0.0,0,0.0,29.0,69.0,5,131,HotDry
34.6,25.8,29.4,1002.9,71,0,32.1,249,0.0,0,0.0,28.6,72.0,5,132,HotDry
33.6,25.7,29.3,1004.0,71,0,27.1,254,0.0,0,0.0,29.4,71.0,5,133,HotDry
33.0,25.7,28.9,1003.8,76,4,27.9,253,0.0,1,0.0,29.3,71.0,5,134,HotDry
33.6,25.9,29.2,1003.0,76,4,28.6,255,0.0,1,0.0,28.9,76.0,5,135,HotDry
34.1,26.1,29.5,1002.9,76,6,26.8,260,0.0,1,0.0,29.2,76.0,5,136,HotDry
34.7,26.6,30.2,1003.8,68,0,31.9,254,0.0,0,0.0,29.5,76.0,5,137,HotDry
34.7,26.6,29.9,1004.3,71,0,29.3,255,0.0,0,0.0,30.2,68.0,5,138,HotDry
34.0,26.6,29.7,1004.1,74,2,32.5,250,0.0,0,0.0,29.9,71.0,5,139,HotDry
33.5,26.6,29.5,1004.2,75,13,29.2,257,0.0,2,0.0,29.7,74.0,5,140,HotDry
34.2,26.3,29.6,1005.3,72,10,32.1,259,0.0,2,0.0,29.5,75.0,5,141,HotDry
33.4,26.6,29.5,1004.7,75,8,37.9,260,0.0,1,0.0,29.6,72.0,5,142,HotDry
33.4,26.9,29.6,1003.4,76,4,35.9,257,0.0,0,0.0,29.5,75.0,5,143,HotDry
33.0,26.9,29.6,1002.7,80,25,36.0,250,0.0,2,0.0,29.6,76.0,5,144,HotDry
32.8,27.8,29.8,1003.1,78,56,35.8,247,0.1,51,0.0,29.6,80.0,5,145,HotDry
32.3,27.7,29.6,1003.6,77,38,33.9,251,0.0,3,0.1,29.8,78.0,5,146,HotDry
32.7,27.1,29.4,1004.4,76,30,29.0,248,0.0,2,0.0,29.6,77.0,5,147,HotDry
32.8,27.4,29.5,1005.0,77,25,33.8,256,0.0,1,0.0,29.4,76.0,5,148,HotDry
32.6,27.4,29.5,1004.5,75,29,36.6,260,0.0,2,0.0,29.5,77.0,5,149,HotDry
32.7,27.3,29.6,1003.6,73,27,34.3,263,0.0,2,0.0,29.5,75.0,5,150,HotDry
33.0,27.6,29.8,1002.3,74,33,33.8,261,0.0,3,0.0,29.6,73.0,5,151,HotDry
33.1,27.8,30.0,1001.9,72,35,27.1,254,0.0,2,0.0,29.8,74.0,6,152,Monsoon
33.4,27.2,30.0,1002.1,70,18,22.3,254,0.0,1,0.0,30.0,72.0,6,153,Monsoon
34.6,27.1,30.4,1001.6,65,10,21.5,257,0.0,1,0.0,30.0,70.0,6,154,Monsoon
36.0,27.6,31.4,1002.9,64,19,24.3,232,0.0,2,0.0,30.4,65.0,6,155,Monsoon
34.2,28.8,31.0,1004.2,70,19,23.2,238,0.0,2,0.0,31.4,64.0,6,156,Monsoon
33.5,29.0,30.8,1001.7,73,28,34.9,255,0.0,2,0.0,31.0,70.0,6,157,Monsoon
33.0,28.5,30.5,999.6,76,55,32.4,253,0.1,51,0.0,30.8,73.0,6,158,Monsoon
33.3,28.1,30.5,999.2,73,38,21.0,248,0.0,3,0.1,30.5,76.0,6,159,Monsoon
34.4,28.2,30.9,997.8,72,28,20.3,248,0.0,3,0.0,30.5,73.0,6,160,Monsoon
35.5,28.5,31.6,996.7,71,26,22.1,259,0.0,2,0.0,30.9,72.0,6,161,Monsoon
35.6,28.9,31.7,996.2,73,46,21.1,253,0.0,3,0.0,31.6,71.0,6,162,Monsoon
39.4,29.5,33.5,995.5,61,51,25.0,67,0.5,51,0.0,31.7,73.0,6,163,Monsoon
35.3,28.7,31.5,996.1,67,90,26.0,73,4.3,55,0.5,33.5,61.0,6,164,Monsoon
37.1,28.8,32.2,996.2,70,40,20.2,129,0.0,3,4.3,31.5,67.0,6,165,Monsoon
36.5,29.4,32.5,995.2,68,2,24.3,247,0.0,0,0.0,32.2,70.0,6,166,Monsoon
35.4,29.0,31.6,995.0,75,52,19.4,242,0.3,51,0.0,32.5,68.0,6,167,Monsoon
34.4,29.2,31.2,995.3,72,58,25.1,245,0.0,3,0.3,31.6,75.0,6,168,Monsoon
34.0,28.8,30.9,996.8,71,50,23.5,249,0.0,3,0.0,31.2,72.0,6,169,Monsoon
33.2,28.4,30.4,999.6,72,49,21.1,246,0.0,3,0.0,30.9,71.0,6,170,Monsoon
32.8,28.0,30.1,1001.8,70,52,21.7,245,0.0,3,0.0,30.4,72.0,6,171,Monsoon
32.7,28.3,30.1,1001.1,67,39,28.6,249,0.0,2,0.0,30.1,70.0,6,172,Monsoon
32.9,27.9,30.2,1000.1,68,44,29.6,248,0.0,3,0.0,30.1,67.0,6,173,Monsoon
33.0,28.3,30.4,998.9,68,33,26.1,244,0.0,3,0.0,30.2,68.0,6,174,Monsoon
32.9,28.4,30.5,998.0,65,69,24.1,237,0.0,3,0.0,30.4,68.0,6,175,Monsoon
33.2,28.3,30.6,998.9,67,44,19.9,227,0.0,2,0.0,30.5,65.0,6,176,Monsoon
33.4,28.4,30.6,1000.0,68,60,21.3,235,0.0,3,0.0,30.6,67.0,6,177,Monsoon
33.3,28.4,30.4,998.7,71,50,27.4,241,0.0,3,0.0,30.6,68.0,6,178,Monsoon
32.5,28.5,30.3,998.0,74,55,26.4,239,0.0,3,0.0,30.4,71.0,6,179,Monsoon
32.2,28.4,30.1,998.6,75,58,26.3,234,0.6,51,0.0,30.3,74.0,6,180,Monsoon
31.7,28.3,29.7,999.4,77,65,29.6,242,0.1,51,0.6,30.1,75.0,6,181,Monsoon
32.0,27.7,29.6,999.0,74,59,31.7,252,0.0,3,0.1,29.7,77.0,7,182,Monsoon
32.3,28.0,29.8,997.9,71,60,28.8,255,0.0,3,0.0,29.6,74.0,7,183,Monsoon
32.4,27.6,29.8,998.5,71,63,27.7,256,0.0,3,0.0,29.8,71.0,7,184,Monsoon
32.9,27.9,30.0,998.3,70,88,26.0,251,0.0,3,0.0,29.8,71.0,7,185,Monsoon
31.9,28.0,29.6,997.5,74,82,28.0,256,0.8,51,0.0,30.0,70.0,7,186,Monsoon
32.1,28.3,30.0,998.9,76,81,26.8,241,0.0,3,0.8,29.6,74.0,7,187,Monsoon
30.8,28.4,29.4,1000.2,79,99,24.9,239,0.0,3,0.0,30.0,76.0,7,188,Monsoon
31.9,28.2,29.6,998.8,77,89,26.7,238,0.5,51,0.0,29.4,79.0,7,189,Monsoon
31.6,27.8,29.4,997.2,77,80,30.3,242,0.2,51,0.5,29.6,77.0,7,190,Monsoon
31.4,27.3,29.0,996.5,78,65,35.9,248,0.7,51,0.2,29.4,77.0,7,191,Monsoon
31.6,27.3,29.2,998.1,74,48,29.3,251,0.0,3,0.7,29.0,78.0,7,192,Monsoon
32.7,26.9,29.4,999.9,74,84,26.1,257,0.0,3,0.0,29.2,74.0,7,193,Monsoon
30.7,27.5,28.7,1000.0,80,98,25.2,255,4.1,53,0.0,29.4,74.0,7,194,Monsoon
29.7,26.4,28.1,999.9,83,71,26.9,252,5.8,61,4.1,28.7,80.0,7,195,Monsoon
30.2,27.3,28.5,999.8,82,74,34.2,249,0.4,51,5.8,28.1,83.0,7,196,Monsoon
29.9,27.3,28.4,999.4,82,68,31.1,252,0.3,51,0.4,28.5,82.0,7,197,Monsoon
30.6,27.0,28.7,999.7,81,58,24.5,247,0.1,51,0.3,28.4,82.0,7,198,Monsoon
30.6,27.3,28.7,998.7,82,78,27.1,250,0.1,51,0.1,28.7,81.0,7,199,Monsoon
30.5,27.2,28.5,996.0,82,88,29.5,245,0.5,51,0.1,28.7,82.0,7,200,Monsoon
31.1,26.8,28.6,996.6,80,74,19.9,229,0.0,3,0.5,28.5,82.0,7,201,Monsoon
31.1,26.8,28.7,997.7,80,62,22.5,228,0.0,3,0.0,28.6,80.0,7,202,Monsoon
30.8,27.0,28.7,996.2,79,53,23.4,244,0.3,51,0.0,28.7,80.0,7,203,Monsoon
31.6,26.8,28.9,997.0,78,75,20.6,237,0.0,3,0.3,28.7,79.0,7,204,Monsoon
32.5,27.3,29.3,996.6,78,86,24.3,241,0.0,3,0.0,28.9,78.0,7,205,Monsoon
32.3,27.3,29.3,995.6,78,80,27.5,238,0.0,3,0.0,29.3,78.0,7,206,Monsoon
31.9,27.4,29.4,994.6,77,96,21.7,230,0.1,51,0.0,29.3,78.0,7,207,Monsoon
33.2,27.8,29.7,997.4,74,78,26.7,226,0.0,3,0.1,29.4,77.0,7,208,Monsoon
30.6,27.8,29.0,999.8,77,93,23.4,247,2.0,51,0.0,29.7,74.0,7,209,Monsoon
30.2,27.5,28.4,999.2,82,95,28.0,253,4.3,55,2.0,29.0,77.0,7,210,Monsoon
30.7,27.0,28.5,997.6,82,81,23.8,245,0.3,51,4.3,28.4,82.0,7,211,Monsoon
30.7,27.2,28.6,997.0,81,92,21.9,238,0.0,3,0.3,28.5,82.0,7,212,Monsoon
29.7,26.9,28.1,996.7,83,94,20.3,237,13.4,61,0.0,28.6,81.0,8,213,Monsoon
29.7,26.7,28.0,997.1,86,97,17.7,230,0.0,3,13.4,28.1,83.0,8,214,Monsoon
29.4,26.1,27.1,999.0,90,100,18.8,282,33.9,63,0.0,28.0,86.0,8,215,Monsoon
29.0,26.0,27.3,1001.2,86,80,11.2,242,17.2,61,33.9,27.1,90.0,8,216,Monsoon
29.6,26.2,27.8,1001.9,83,34,16.8,223,0.3,51,17.2,27.3,86.0,8,217,Monsoon
29.7,26.5,27.9,1001.8,82,70,22.4,241,0.5,51,0.3,27.8,83.0,8,218,Monsoon
30.5,26.5,28.1,1003.0,81,55,19.7,242,0.0,3,0.5,27.9,82.0,8,219,Monsoon
29.9,26.6,28.0,1002.8,81,88,22.4,248,0.2,51,0.0,28.1,81.0,8,220,Monsoon
29.7,26.8,28.1,1001.2,82,61,29.6,249,1.2,51,0.2,28.0,81.0,8,221,Monsoon
29.8,26.8,28.1,1000.4,83,65,20.8,244,0.9,51,1.2,28.1,82.0,8,222,Monsoon
29.5,26.8,28.1,1001.3,85,75,13.6,225,0.2,51,0.9,28.1,83.0,8,223,Monsoon
30.2,26.8,28.3,1002.0,86,96,14.6,227,0.3,51,0.2,28.1,85.0,8,224,Monsoon
29.1,27.0,27.9,999.6,88,93,24.7,251,0.3,51,0.3,28.3,86.0,8,225,Monsoon
29.4,26.8,27.8,998.5,87,99,21.6,243,0.4,51,0.3,27.9,88.0,8,226,Monsoon
30.4,26.6,28.0,1000.7,88,100,16.8,248,0.9,51,0.4,27.8,87.0,8,227,Monsoon
30.0,26.4,27.9,1001.5,84,57,19.8,253,0.0,3,0.9,28.0,88.0,8,228,Monsoon
29.9,26.4,27.8,1001.1,81,44,23.7,252,0.0,3,0.0,27.9,84.0,8,229,Monsoon
30.3,26.1,27.9,1001.5,80,44,24.0,249,0.0,3,0.0,27.8,81.0,8,230,Monsoon
30.2,26.1,27.9,1002.3,79,50,27.4,252,0.0,3,0.0,27.9,80.0,8,231,Monsoon
30.4,26.2,27.9,1001.9,79,57,29.9,257,0.0,3,0.0,27.9,79.0,8,232,Monsoon
30.1,25.9,27.7,1001.1,79,65,28.6,252,0.0,3,0.0,27.9,79.0,8,233,Monsoon
30.4,25.9,27.7,1002.4,79,59,27.7,256,0.0,3,0.0,27.7,79.0,8,234,Monsoon
29.8,25.6,27.4,1003.1,79,46,25.9,263,0.0,2,0.0,27.7,79.0,8,235,Monsoon
30.0,25.6,27.4,1002.8,78,63,23.3,257,0.0,3,0.0,27.4,79.0,8,236,Monsoon
30.0,25.9,27.7,1002.7,76,51,23.2,255,0.0,3,0.0,27.4,78.0,8,237,Monsoon
29.6,26.4,27.7,1002.0,75,67,28.7,250,0.0,3,0.0,27.7,76.0,8,238,Monsoon
29.5,25.9,27.4,1002.2,76,49,28.2,248,0.0,3,0.0,27.7,75.0,8,239,Monsoon
30.0,25.7,27.6,1003.8,76,46,27.7,249,0.0,2,0.0,27.4,76.0,8,240,Monsoon
30.2,25.6,27.7,1005.5,76,47,24.3,253,0.0,3,0.0,27.6,76.0,8,241,Monsoon
30.1,25.8,27.6,1005.4,75,36,27.5,255,0.0,3,0.0,27.7,76.0,8,242,Monsoon
29.4,25.9,27.5,1004.9,78,45,27.7,252,0.1,51,0.0,27.6,75.0,8,243,Monsoon
29.0,25.6,27.2,1006.1,79,48,24.5,252,0.2,51,0.1,27.5,78.0,9,244,Monsoon
29.4,25.4,27.1,1007.0,79,39,28.3,256,0.0,2,0.2,27.2,79.0,9,245,Monsoon
29.0,25.5,27.1,1005.6,78,56,29.3,254,0.3,51,0.0,27.1,79.0,9,246,Monsoon
29.8,25.5,27.4,1005.4,80,52,26.1,251,0.0,2,0.3,27.1,78.0,9,247,Monsoon
29.5,25.5,27.3,1004.8,81,51,31.3,254,0.0,3,0.0,27.4,80.0,9,248,Monsoon
29.2,25.5,27.1,1005.2,80,47,30.3,255,0.0,3,0.0,27.3,81.0,9,249,Monsoon
29.1,25.3,26.9,1006.2,81,39,27.2,255,0.3,51,0.0,27.1,80.0,9,250,Monsoon
29.6,25.2,27.1,1006.9,80,37,19.0,249,0.2,51,0.3,26.9,81.0,9,251,Monsoon
30.3,24.9,27.3,1008.8,77,14,17.1,253,0.0,2,0.2,27.1,80.0,9,252,Monsoon
30.4,25.2,27.4,1007.5,75,16,20.3,259,0.0,2,0.0,27.3,77.0,9,253,Monsoon
30.8,25.3,27.6,1006.6,74,16,20.9,260,0.0,2,0.0,27.4,75.0,9,254,Monsoon
31.8,25.1,27.8,1008.1,75,12,21.7,269,0.0,2,0.0,27.6,74.0,9,255,Monsoon
32.5,25.0,28.0,1008.5,78,12,18.5,270,0.0,2,0.0,27.8,75.0,9,256,Monsoon
32.4,25.5,28.3,1006.7,78,14,22.1,266,0.0,3,0.0,28.0,78.0,9,257,Monsoon
31.5,26.0,28.2,1003.4,80,21,27.5,256,0.0,2,0.0,28.3,78.0,9,258,Monsoon
30.9,25.9,28.0,1002.2,82,60,24.5,249,0.0,3,0.0,28.2,80.0,9,259,Monsoon
31.8,25.9,28.1,1003.8,80,43,19.3,258,0.0,3,0.0,28.0,82.0,9,260,Monsoon
31.7,25.9,28.2,1004.4,78,29,19.4,265,0.0,3,0.0,28.1,80.0,9,261,Monsoon
31.6,25.6,27.9,1004.4,78,17,23.5,272,0.0,1,0.0,28.2,78.0,9,262,Monsoon
31.5,25.4,27.8,1003.1,80,19,23.3,269,0.0,2,0.0,27.9,78.0,9,263,Monsoon
32.4,25.3,28.0,1002.5,80,29,24.8,274,0.0,3,0.0,27.8,80.0,9,264,Monsoon
33.0,25.6,28.6,1002.3,78,33,26.4,280,0.0,2,0.0,28.0,80.0,9,265,Monsoon
32.2,25.6,28.2,1001.5,78,33,23.5,273,0.0,3,0.0,28.6,78.0,9,266,Monsoon
33.5,25.4,28.7,1001.7,78,49,24.2,274,0.0,3,0.0,28.2,78.0,9,267,Monsoon
38.4,26.4,31.3,1002.4,66,62,20.5,296,0.0,3,0.0,28.7,78.0,9,268,Monsoon
38.7,28.1,32.4,1003.1,59,59,15.6,328,0.0,3,0.0,31.3,66.0,9,269,Monsoon
33.4,27.6,29.7,1003.6,77,54,16.3,282,5.3,63,0.0,32.4,59.0,9,270,Monsoon
31.8,26.6,28.6,1004.4,83,19,17.5,243,0.0,1,5.3,29.7,77.0,9,271,Monsoon
32.5,25.5,28.5,1003.5,81,29,17.4,238,0.0,3,0.0,28.6,83.0,9,272,Monsoon
33.9,26.0,29.6,1002.9,70,22,21.2,264,0.0,2,0.0,28.5,81.0,9,273,Monsoon
31.7,26.4,29.0,1005.4,74,42,16.8,262,0.0,3,0.0,29.6,70.0,10,274,PostMonsoon
37.5,27.7,32.3,1007.0,59,20,16.1,355,0.0,1,0.0,29.0,74.0,10,275,PostMonsoon
38.6,29.6,33.3,1006.6,55,18,16.2,315,0.0,2,0.0,32.3,59.0,10,276,PostMonsoon
37.0,28.5,31.9,1005.2,53,18,22.9,270,0.0,1,0.0,33.3,55.0,10,277,PostMonsoon
33.3,26.2,29.1,1005.1,77,15,22.2,267,0.0,1,0.0,31.9,53.0,10,278,PostMonsoon
31.3,26.1,28.3,1005.1,78,30,23.6,261,0.0,2,0.0,29.1,77.0,10,279,PostMonsoon
31.5,25.8,28.0,1008.3,77,31,16.0,239,0.0,3,0.0,28.3,78.0,10,280,PostMonsoon
31.7,24.6,27.9,1009.7,75,18,17.6,246,0.0,2,0.0,28.0,77.0,10,281,PostMonsoon
31.4,25.8,28.3,1009.4,75,18,19.0,272,0.0,2,0.0,27.9,75.0,10,282,PostMonsoon
33.7,26.4,29.2,1008.8,74,24,10.9,340,4.9,61,0.0,28.3,75.0,10,283,PostMonsoon
33.5,27.2,29.8,1008.9,75,11,10.7,151,0.2,51,4.9,29.2,74.0,10,284,PostMonsoon
32.7,26.7,29.3,1007.3,78,6,17.3,269,0.0,1,0.2,29.8,75.0,10,285,PostMonsoon
33.7,26.9,29.7,1007.9,74,9,17.7,283,0.3,51,0.0,29.3,78.0,10,286,PostMonsoon
34.3,26.7,29.9,1008.9,70,5,20.4,280,0.2,51,0.3,29.7,74.0,10,287,PostMonsoon
31.9,26.1,28.5,1009.3,80,5,26.2,264,0.0,1,0.2,29.9,70.0,10,288,PostMonsoon
31.6,26.0,28.2,1009.2,81,19,25.3,259,0.0,2,0.0,28.5,80.0,10,289,PostMonsoon
31.6,26.1,28.3,1010.0,81,42,16.7,239,0.0,3,0.0,28.2,81.0,10,290,PostMonsoon
31.9,25.4,28.0,1011.8,78,32,17.3,204,0.0,2,0.0,28.3,81.0,10,291,PostMonsoon
33.0,24.4,28.1,1012.2,73,16,18.8,263,0.0,3,0.0,28.0,78.0,10,292,PostMonsoon
31.6,24.4,27.4,1011.3,78,24,20.6,268,0.0,3,0.0,28.1,73.0,10,293,PostMonsoon
31.2,24.0,27.4,1009.3,78,30,20.0,257,0.0,3,0.0,27.4,78.0,10,294,PostMonsoon
31.6,23.0,27.1,1010.3,74,13,16.9,249,0.0,2,0.0,27.4,78.0,10,295,PostMonsoon
34.0,22.9,28.5,1012.4,57,1,15.1,310,0.0,0,0.0,27.1,74.0,10,296,PostMonsoon
35.9,24.2,29.7,1012.0,39,0,15.8,339,0.0,0,0.0,28.5,57.0,10,297,PostMonsoon
35.9,24.6,29.9,1010.5,41,0,16.6,4,0.0,0,0.0,29.7,39.0,10,298,PostMonsoon
34.5,22.8,28.6,1010.1,53,0,18.8,292,0.0,0,0.0,29.9,41.0,10,299,PostMonsoon
33.3,22.4,27.8,1010.6,63,0,19.7,275,0.0,0,0.0,28.6,53.0,10,300,PostMonsoon
32.1,23.5,27.4,1010.9,70,0,22.1,267,0.0,0,0.0,27.8,63.0,10,301,PostMonsoon
30.0,23.4,26.6,1011.2,78,29,23.2,255,0.0,3,0.0,27.4,70.0,10,302,PostMonsoon
30.2,25.0,27.2,1012.5,76,26,22.4,257,0.0,2,0.0,26.6,78.0,10,303,PostMonsoon
31.1,24.7,27.4,1013.1,77,27,16.2,242,0.0,3,0.0,27.2,76.0,10,304,PostMonsoon
32.3,23.6,27.8,1013.9,71,1,18.0,279,0.0,0,0.0,27.4,77.0,11,305,PostMonsoon
31.7,22.6,27.2,1014.3,66,0,13.5,277,0.0,0,0.0,27.8,71.0,11,306,PostMonsoon
32.5,21.3,27.0,1014.5,58,0,15.6,324,0.0,0,0.0,27.2,66.0,11,307,PostMonsoon
32.5,20.6,26.8,1015.6,57,0,14.4,313,0.0,0,0.0,27.0,58.0,11,308,PostMonsoon
31.8,20.9,26.3,1014.7,61,4,18.1,278,0.0,1,0.0,26.8,57.0,11,309,PostMonsoon
30.7,22.5,26.6,1013.9,64,20,15.4,289,0.0,2,0.0,26.3,61.0,11,310,PostMonsoon
29.8,22.0,25.7,1013.8,56,3,19.5,56,0.0,1,0.0,26.6,64.0,11,311,PostMonsoon
29.3,21.2,25.2,1015.1,45,1,22.6,52,0.0,0,0.0,25.7,56.0,11,312,PostMonsoon
29.0,20.2,24.6,1016.3,44,4,18.5,57,0.0,1,0.0,25.2,45.0,11,313,PostMonsoon
29.0,20.2,24.4,1017.4,43,0,21.1,58,0.0,0,0.0,24.6,44.0,11,314,PostMonsoon
28.3,18.2,23.4,1014.6,52,0,16.3,321,0.0,0,0.0,24.4,43.0,11,315,PostMonsoon
28.4,18.3,23.7,1012.8,68,2,15.0,262,0.0,1,0.0,23.4,52.0,11,316,PostMonsoon
29.2,19.2,24.2,1013.4,66,0,15.2,308,0.0,0,0.0,23.7,68.0,11,317,PostMonsoon
30.2,19.6,24.9,1013.9,56,0,10.0,34,0.0,0,0.0,24.2,66.0,11,318,PostMonsoon
30.5,20.2,25.0,1015.1,35,0,21.2,63,0.0,0,0.0,24.9,56.0,11,319,PostMonsoon
30.2,20.6,25.1,1016.3,32,1,21.7,66,0.0,0,0.0,25.0,35.0,11,320,PostMonsoon
30.6,20.5,25.1,1016.6,36,0,23.4,61,0.0,0,0.0,25.1,32.0,11,321,PostMonsoon
30.9,20.7,25.3,1016.8,35,0,22.2,59,0.0,0,0.0,25.1,36.0,11,322,PostMonsoon
30.3,18.7,24.5,1016.3,44,0,14.5,4,0.0,0,0.0,25.3,35.0,11,323,PostMonsoon
30.0,19.0,24.2,1013.0,69,0,15.9,282,0.0,0,0.0,24.5,44.0,11,324,PostMonsoon
29.5,18.4,24.1,1009.4,78,0,14.3,159,0.0,0,0.0,24.2,69.0,11,325,PostMonsoon
30.4,19.5,24.5,1012.2,69,4,19.7,103,0.0,1,0.0,24.1,78.0,11,326,PostMonsoon
30.4,19.0,24.5,1013.1,56,25,12.7,46,0.0,2,0.0,24.5,69.0,11,327,PostMonsoon
31.0,20.8,25.4,1014.1,49,11,15.6,54,0.0,2,0.0,24.5,56.0,11,328,PostMonsoon
30.1,19.1,24.6,1013.9,60,1,14.7,333,0.0,0,0.0,25.4,49.0,11,329,PostMonsoon
29.8,19.5,24.6,1012.9,68,32,16.1,293,0.0,3,0.0,24.6,60.0,11,330,PostMonsoon
28.8,19.5,23.9,1013.4,74,0,15.5,281,0.0,0,0.0,24.6,68.0,11,331,PostMonsoon
30.6,18.3,24.6,1015.2,59,4,12.1,31,0.0,1,0.0,23.9,74.0,11,332,PostMonsoon
31.6,21.6,26.0,1016.8,40,0,22.1,50,0.0,0,0.0,24.6,59.0,11,333,PostMonsoon
30.1,19.9,24.9,1016.5,49,0,16.6,356,0.0,0,0.0,26.0,40.0,11,334,PostMonsoon
28.9,20.0,24.0,1014.7,70,0,18.6,243,0.0,0,0.0,24.9,49.0,12,335,Winter
28.5,17.5,23.3,1014.1,68,2,12.9,276,0.0,1,0.0,24.0,70.0,12,336,Winter
29.8,17.0,23.7,1014.6,51,3,18.4,71,0.0,1,0.0,23.3,68.0,12,337,Winter
28.7,19.6,23.6,1016.5,42,0,25.2,55,0.0,0,0.0,23.7,51.0,12,338,Winter
29.0,19.5,23.7,1015.8,40,0,22.5,47,0.0,0,0.0,23.6,42.0,12,339,Winter
27.7,15.6,21.9,1013.8,58,0,15.5,276,0.0,0,0.0,23.7,40.0,12,340,Winter
27.2,19.7,23.0,1012.5,75,21,20.5,263,0.0,3,0.0,21.9,58.0,12,341,Winter
27.9,19.0,23.2,1012.6,77,21,11.8,296,0.0,3,0.0,23.0,75.0,12,342,Winter
27.9,17.9,22.8,1012.6,66,3,16.0,323,0.0,1,0.0,23.2,77.0,12,343,Winter
27.3,17.1,22.3,1012.2,72,3,14.3,301,0.0,1,0.0,22.8,66.0,12,344,Winter
26.0,17.3,21.8,1013.9,75,1,12.8,294,0.0,0,0.0,22.3,72.0,12,345,Winter
28.6,17.7,22.9,1015.5,61,0,15.9,48,0.0,0,0.0,21.8,75.0,12,346,Winter
27.6,17.0,22.3,1015.4,67,0,16.6,295,0.0,0,0.0,22.9,61.0,12,347,Winter
27.2,19.1,23.0,1013.4,71,0,20.6,267,0.0,0,0.0,22.3,67.0,12,348,Winter
26.8,20.1,23.3,1012.8,74,9,19.8,256,0.0,0,0.0,23.0,71.0,12,349,Winter
26.3,18.8,22.3,1014.8,77,42,12.6,281,0.0,3,0.0,23.3,74.0,12,350,Winter
27.5,17.6,22.4,1014.2,78,59,11.8,297,0.0,3,0.0,22.3,77.0,12,351,Winter
29.2,18.8,23.3,1013.1,56,33,16.9,318,0.0,3,0.0,22.4,78.0,12,352,Winter
26.5,16.5,21.6,1013.2,43,6,14.7,355,0.0,1,0.0,23.3,56.0,12,353,Winter
25.3,16.5,20.4,1015.2,41,0,22.2,68,0.0,0,0.0,21.6,43.0,12,354,Winter
23.7,14.9,19.5,1015.3,54,7,15.3,73,0.0,1,0.0,20.4,41.0,12,355,Winter
23.3,16.6,19.5,1017.6,53,15,22.2,64,0.0,1,0.0,19.5,54.0,12,356,Winter
22.1,14.7,17.9,1020.8,55,0,30.0,56,0.0,0,0.0,19.5,53.0,12,357,Winter
22.8,13.5,17.9,1021.9,55,1,19.5,53,0.0,0,0.0,17.9,55.0,12,358,Winter
23.3,14.1,18.4,1021.5,54,4,13.8,40,0.0,0,0.0,17.9,55.0,12,359,Winter
23.6,14.0,18.4,1019.7,47,0,13.5,13,0.0,0,0.0,18.4,54.0,12,360,Winter
22.5,11.0,17.0,1018.5,51,0,10.5,343,0.0,0,0.0,18.4,47.0,12,361,Winter
22.2,10.1,16.5,1018.7,49,0,11.1,57,0.0,0,0.0,17.0,51.0,12,362,Winter
22.2,11.1,16.6,1018.1,43,0,13.4,37,0.0,0,0.0,16.5,49.0,12,363,Winter
21.3,10.4,15.5,1017.3,44,0,17.8,19,0.0,0,0.0,16.6,43.0,12,364,Winter
19.9,8.9,14.4,1020.4,29,0,17.2,44,0.0,0,0.0,15.5,44.0,12,365,Winter
19.5,10.3,14.3,1021.5,33,0,32.9,50,0.0,0,0.0,14.4,29.0,1,1,Winter
20.6,10.9,15.0,1020.9,39,0,28.1,47,0.0,0,0.0,14.3,33.0,1,2,Winter
21.4,10.3,15.6,1019.0,40,0,17.9,3,0.0,0,0.0,15.0,39.0,1,3,Winter
23.8,11.4,17.9,1015.9,57,2,11.5,316,0.0,1,0.0,15.6,40.0,1,4,Winter
23.4,10.8,17.4,1015.4,51,0,11.2,38,0.0,0,0.0,17.9,57.0,1,5,Winter
23.2,10.3,17.1,1016.4,49,5,15.3,69,0.0,3,0.0,17.4,51.0,1,6,Winter
23.6,13.1,17.8,1016.2,34,0,21.9,63,0.0,0,0.0,17.1,49.0,1,7,Winter
22.1,12.3,16.6,1015.7,42,23,16.9,45,0.0,2,0.0,17.8,34.0,1,8,Winter
21.1,12.7,16.6,1018.2,47,6,16.7,36,0.0,1,0.0,16.6,42.0,1,9,Winter
21.8,10.6,16.1,1018.0,45,2,20.7,31,0.0,1,0.0,16.6,47.0,1,10,Winter
21.5,11.1,16.0,1020.6,40,40,19.7,47,0.0,3,0.0,16.1,45.0,1,11,Winter
22.2,11.7,16.5,1021.1,42,23,18.1,41,0.0,3,0.0,16.0,40.0,1,12,Winter
22.4,12.5,17.3,1019.1,50,38,11.0,68,0.0,3,0.0,16.5,42.0,1,13,Winter
23.9,11.4,17.6,1017.6,51,0,11.6,29,0.0,0,0.0,17.3,50.0,1,14,Winter
24.2,12.1,18.2,1019.0,54,0,12.7,11,0.0,0,0.0,17.6,51.0,1,15,Winter
24.1,12.5,18.5,1018.7,55,4,13.9,345,0.0,1,0.0,18.2,54.0,1,16,Winter
24.3,13.8,19.1,1016.5,60,3,9.8,330,0.0,0,0.0,18.5,55.0,1,17,Winter
24.7,12.6,18.8,1018.3,44,0,12.1,25,0.0,0,0.0,19.1,60.0,1,18,Winter
23.8,14.6,18.8,1021.4,45,0,29.4,57,0.0,0,0.0,18.8,44.0,1,19,Winter
22.3,13.2,17.5,1019.5,53,7,26.9,56,0.0,1,0.0,18.8,45.0,1,20,Winter
23.8,13.1,18.4,1018.6,51,14,17.3,46,0.0,1,0.0,17.5,53.0,1,21,Winter
23.5,13.6,18.7,1018.9,55,3,15.6,329,0.0,1,0.0,18.4,51.0,1,22,Winter
24.3,13.4,19.1,1019.6,63,2,9.6,16,0.0,0,0.0,18.7,55.0,1,23,Winter
24.5,14.7,19.4,1019.5,47,0,20.7,58,0.0,0,0.0,19.1,63.0,1,24,Winter
25.0,13.7,19.3,1018.6,49,36,15.9,59,0.0,3,0.0,19.4,47.0,1,25,Winter
26.6,14.6,20.3,1018.5,45,0,17.2,46,0.0,0,0.0,19.3,49.0,1,26,Winter
27.5,15.3,20.9,1018.7,40,46,19.5,59,0.0,3,0.0,20.3,45.0,1,27,Winter
27.9,16.1,21.5,1017.6,44,32,15.3,23,0.0,3,0.0,20.9,40.0,1,28,Winter
26.4,14.5,20.4,1015.9,63,11,17.4,285,0.0,2,0.0,21.5,44.0,1,29,Winter
26.7,13.3,20.1,1016.7,66,47,11.5,313,0.0,3,0.0,20.4,63.0,1,30,Winter
27.9,14.6,21.2,1016.4,61,18,13.3,22,0.0,2,0.0,20.1,66.0,1,31,Winter
27.7,17.4,21.9,1015.6,51,53,17.3,84,0.3,51,0.0,21.2,61.0,2,32,Winter
27.4,17.8,22.1,1014.9,51,50,14.8,54,0.0,3,0.3,21.9,51.0,2,33,Winter
26.0,16.0,21.0,1014.0,71,21,18.8,260,0.0,3,0.0,22.1,51.0,2,34,Winter
27.2,16.7,21.9,1012.6,68,0,16.4,249,0.0,0,0.0,21.0,71.0,2,35,Winter
25.7,18.2,21.7,1011.1,75,12,16.2,259,0.0,2,0.0,21.9,68.0,2,36,Winter
25.4,19.3,22.0,1009.9,77,47,30.3,249,0.0,3,0.0,21.7,75.0,2,37,Winter
23.6,16.7,20.4,1011.5,46,34,24.7,297,0.0,3,0.0,22.0,77.0,2,38,Winter
23.3,12.2,18.3,1012.6,48,30,14.2,328,0.0,3,0.0,20.4,46.0,2,39,Winter
23.5,11.8,18.1,1013.1,52,1,14.7,297,0.0,0,0.0,18.3,48.0,2,40,Winter
23.8,17.2,20.5,1011.0,41,23,24.8,280,0.0,3,0.0,18.1,52.0,2,41,Winter
24.5,12.3,18.8,1012.2,36,0,14.9,40,0.0,0,0.0,20.5,41.0,2,42,Winter
24.5,13.8,19.1,1011.9,32,0,24.1,46,0.0,0,0.0,18.8,36.0,2,43,Winter
24.2,16.0,19.7,1010.9,37,27,29.1,37,0.0,2,0.0,19.1,32.0,2,44,Winter
24.5,14.9,19.7,1011.8,52,21,17.7,290,0.2,51,0.0,19.7,37.0,2,45,Winter
24.1,15.0,19.5,1011.3,40,0,19.8,301,0.0,0,0.2,19.7,52.0,2,46,Winter
25.6,11.3,19.1,1014.8,40,0,19.5,53,0.0,0,0.0,19.5,40.0,2,47,Winter
26.5,15.2,20.7,1018.3,28,0,23.1,52,0.0,0,0.0,19.1,40.0,2,48,Winter
26.2,12.5,19.6,1017.4,44,0,18.7,300,0.0,0,0.0,20.7,28.0,2,49,Winter
24.1,16.0,20.1,1014.2,68,1,21.8,272,0.0,0,0.0,19.6,44.0,2,50,Winter
26.6,14.9,20.9,1012.5,73,0,19.1,217,0.0,0,0.0,20.1,68.0,2,51,Winter
27.8,14.8,21.3,1013.2,65,9,15.1,310,0.0,2,0.0,20.9,73.0,2,52,Winter
27.2,16.2,21.6,1016.0,49,0,19.2,77,0.0,0,0.0,21.3,65.0,2,53,Winter
27.3,16.6,21.8,1018.0,40,26,22.6,57,0.0,3,0.0,21.6,49.0,2,54,Winter
27.2,17.6,22.1,1017.5,33,44,27.0,57,0.0,3,0.0,21.8,40.0,2,55,Winter
27.8,16.7,22.1,1016.2,38,0,16.0,19,0.0,0,0.0,22.1,33.0,2,56,Winter
27.8,14.7,21.5,1014.3,58,0,16.9,274,0.0,0,0.0,22.1,38.0,2,57,Winter
28.8,16.2,22.3,1012.6,52,0,23.8,296,0.0,0,0.0,21.5,58.0,2,58,Winter
26.5,15.2,21.1,1013.4,47,0,21.4,310,0.0,0,0.0,22.3,52.0,2,59,Winter
25.8,14.2,20.5,1014.8,58,0,22.3,247,0.0,0,0.0,21.1,47.0,3,60,HotDry
25.7,17.4,21.6,1014.9,74,40,16.8,239,0.5,53,0.0,20.5,58.0,3,61,HotDry
24.1,18.2,20.8,1014.8,78,77,15.8,256,3.0,61,0.5,21.6,74.0,3,62,HotDry
26.5,17.1,21.8,1015.9,71,59,15.9,45,0.0,3,3.0,20.8,78.0,3,63,HotDry
27.6,17.8,22.7,1016.1,57,14,18.5,34,0.0,3,0.0,21.8,71.0,3,64,HotDry
28.6,17.2,23.2,1015.5,60,1,16.0,4,0.0,0,0.0,22.7,57.0,3,65,HotDry
30.4,18.6,24.7,1015.5,51,0,15.5,357,0.0,0,0.0,23.2,60.0,3,66,HotDry
31.5,18.3,25.2,1015.9,50,1,18.7,339,0.0,0,0.0,24.7,51.0,3,67,HotDry
30.4,19.0,24.6,1014.3,50,1,22.7,278,0.0,0,0.0,25.2,50.0,3,68,HotDry
30.2,19.3,24.4,1012.0,67,0,20.1,265,0.0,0,0.0,24.6,50.0,3,69,HotDry
28.5,19.8,23.9,1013.2,28,40,18.6,308,0.0,3,0.0,24.4,67.0,3,70,HotDry
30.1,17.7,24.3,1015.5,30,40,20.9,76,0.0,3,0.0,23.9,28.0,3,71,HotDry
30.1,19.8,25.0,1016.4,25,0,29.3,64,0.0,0,0.0,24.3,30.0,3,72,HotDry
31.1,19.4,25.2,1014.7,34,2,14.0,21,0.0,0,0.0,25.0,25.0,3,73,HotDry
32.1,19.5,25.7,1014.3,39,28,20.2,298,0.0,2,0.0,25.2,34.0,3,74,HotDry
30.3,19.3,24.9,1015.6,54,24,24.3,280,0.0,3,0.0,25.7,39.0,3,75,HotDry
28.5,21.9,24.4,1014.6,66,19,31.6,259,0.0,2,0.0,24.9,54.0,3,76,HotDry
31.6,17.2,24.7,1014.8,53,0,20.3,280,0.0,0,0.0,24.4,66.0,3,77,HotDry
31.9,18.4,25.1,1014.5,44,0,21.3,297,0.0,0,0.0,24.7,53.0,3,78,HotDry
28.9,18.6,23.7,1011.7,64,10,23.5,268,0.0,1,0.0,25.1,44.0,3,79,HotDry
28.3,21.3,24.2,1008.6,72,1,27.5,261,0.0,0,0.0,23.7,64.0,3,80,HotDry
31.1,21.6,25.3,1007.4,74,14,20.4,262,0.0,2,0.0,24.2,72.0,3,81,HotDry
29.4,20.4,24.7,1008.8,77,15,20.8,253,0.0,2,0.0,25.3,74.0,3,82,HotDry
29.7,21.8,25.2,1011.3,67,23,20.3,280,0.9,53,0.0,24.7,77.0,3,83,HotDry
30.6,21.5,25.7,1011.5,62,46,25.9,288,0.0,3,0.9,25.2,67.0,3,84,HotDry
31.4,21.0,26.0,1011.8,51,75,22.7,285,0.0,3,0.0,25.7,62.0,3,85,HotDry
31.3,23.9,27.2,1011.9,41,93,17.7,308,0.0,3,0.0,26.0,51.0,3,86,HotDry
29.4,22.5,25.8,1012.1,59,69,20.6,249,0.0,3,0.0,27.2,41.0,3,87,HotDry
29.8,22.1,25.1,1012.8,66,49,21.2,274,0.0,3,0.0,25.8,59.0,3,88,HotDry
31.2,20.0,25.2,1012.0,69,77,24.2,272,0.0,3,0.0,25.1,66.0,3,89,HotDry
31.8,21.9,26.0,1010.3,62,27,28.7,269,0.0,3,0.0,25.2,69.0,3,90,HotDry
29.9,22.5,25.4,1009.2,75,8,29.6,265,0.0,1,0.0,26.0,62.0,4,91,HotDry
29.7,23.0,25.6,1008.3,78,18,26.0,259,0.0,2,0.0,25.4,75.0,4,92,HotDry
30.9,21.2,25.5,1010.2,77,1,21.5,259,0.0,0,0.0,25.6,78.0,4,93,HotDry
32.2,21.8,25.9,1011.1,73,24,24.3,274,0.0,3,0.0,25.5,77.0,4,94,HotDry
30.2,22.4,25.6,1010.5,77,38,23.9,263,0.0,3,0.0,25.9,73.0,4,95,HotDry
33.9,24.2,27.7,1009.8,62,2,27.8,266,0.0,0,0.0,25.6,77.0,4,96,HotDry
33.1,20.7,27.4,1012.2,47,0,20.0,272,0.0,0,0.0,27.7,62.0,4,97,HotDry
33.4,20.0,26.8,1012.2,49,0,22.7,267,0.0,0,0.0,27.4,47.0,4,98,HotDry
32.7,20.4,26.0,1011.4,64,3,22.5,255,0.0,1,0.0,26.8,49.0,4,99,HotDry
31.7,19.6,25.7,1011.8,70,10,23.1,267,0.0,2,0.0,26.0,64.0,4,100,HotDry
31.9,21.7,26.4,1011.0,66,0,26.3,266,0.0,0,0.0,25.7,70.0,4,101,HotDry
30.1,22.5,25.9,1009.1,75,0,25.8,256,0.0,0,0.0,26.4,66.0,4,102,HotDry
30.6,23.6,26.4,1008.2,76,25,21.1,250,0.0,2,0.0,25.9,75.0,4,103,HotDry
33.2,22.5,27.1,1009.5,75,52,21.7,242,0.0,3,0.0,26.4,76.0,4,104,HotDry
33.4,23.7,27.8,1010.7,73,43,22.6,255,0.0,3,0.0,27.1,75.0,4,105,HotDry
32.7,24.1,27.3,1009.2,74,52,22.6,260,0.0,3,0.0,27.8,73.0,4,106,HotDry
30.5,24.3,26.9,1006.2,79,73,25.1,252,0.0,3,0.0,27.3,74.0,4,107,HotDry
31.8,24.5,27.4,1008.5,78,43,19.1,220,0.0,3,0.0,26.9,79.0,4,108,HotDry
33.6,24.5,28.1,1009.8,76,16,19.9,250,0.6,53,0.0,27.4,78.0,4,109,HotDry
35.1,24.7,29.0,1009.5,67,24,18.9,273,1.3,61,0.6,28.1,76.0,4,110,HotDry
35.0,24.0,29.2,1009.7,64,44,20.5,290,1.1,53,1.3,29.0,67.0,4,111,HotDry
34.8,24.9,29.7,1013.1,51,12,21.3,305,0.1,51,1.1,29.2,64.0,4,112,HotDry
35.1,24.7,29.4,1012.1,54,54,24.5,275,0.0,3,0.1,29.7,51.0,4,113,HotDry
32.5,24.0,27.7,1009.3,73,34,26.3,266,0.0,2,0.0,29.4,54.0,4,114,HotDry
32.6,25.3,28.4,1008.5,75,54,24.3,261,0.0,3,0.0,27.7,73.0,4,115,HotDry
33.9,25.0,28.8,1008.6,75,31,20.3,263,0.0,3,0.0,28.4,75.0,4,116,HotDry
36.2,25.0,29.9,1008.9,70,13,21.6,264,0.0,2,0.0,28.8,75.0,4,117,HotDry
37.5,24.9,30.5,1008.4,62,0,22.1,277,0.0,0,0.0,29.9,70.0,4,118,HotDry
34.6,25.1,29.7,1006.8,67,5,25.5,258,0.0,1,0.0,30.5,62.0,4,119,HotDry
33.6,25.5,29.1,1006.6,73,0,29.7,250,0.0,0,0.0,29.7,67.0,4,120,HotDry
33.3,25.9,29.0,1006.4,76,10,28.0,258,0.0,1,0.0,29.1,73.0,5,121,HotDry
33.1,26.3,29.2,1004.8,76,19,30.3,254,0.0,2,0.0,29.0,76.0,5,122,HotDry
32.7,25.9,29.0,1004.3,77,17,25.3,243,0.0,2,0.0,29.2,76.0,5,123,HotDry
34.0,25.7,29.4,1004.1,76,22,23.5,226,0.0,3,0.0,29.0,77.0,5,124,HotDry
35.6,26.3,30.1,1006.0,72,20,22.0,258,0.0,3,0.0,29.4,76.0,5,125,HotDry
36.9,26.8,31.1,1007.7,61,0,23.1,272,0.0,0,0.0,30.1,72.0,5,126,HotDry
37.3,26.1,31.1,1007.1,57,2,25.2,282,0.0,0,0.0,31.1,61.0,5,127,HotDry
34.8,25.5,29.6,1006.4,68,1,27.1,262,0.0,0,0.0,31.1,57.0,5,128,HotDry
35.4,26.7,30.1,1003.6,67,0,25.5,264,0.0,0,0.0,29.6,68.0,5,129,HotDry
33.9,26.9,29.8,1002.0,71,2,27.5,246,0.0,0,0.0,30.1,67.0,5,130,HotDry
32.7,26.2,29.0,1005.5,78,18,31.6,241,0.0,2,0.0,29.8,71.0,5,131,HotDry
31.6,26.8,28.9,1006.7,77,64,35.1,246,0.2,51,0.0,29.0,78.0,5,132,HotDry
32.1,27.1,29.2,1006.3,74,48,34.2,248,0.0,2,0.2,28.9,77.0,5,133,HotDry
31.9,27.1,29.2,1007.3,72,55,26.4,242,0.0,2,0.0,29.2,74.0,5,134,HotDry
31.5,27.1,28.9,1007.0,75,42,27.8,243,0.4,51,0.0,29.2,72.0,5,135,HotDry
31.9,26.9,29.0,1005.9,75,35,25.3,243,0.0,2,0.4,28.9,75.0,5,136,HotDry
32.0,27.0,29.0,1007.8,70,23,23.3,235,0.0,2,0.0,29.0,75.0,5,137,HotDry
32.1,24.8,28.3,1009.4,69,18,21.4,250,0.0,2,0.0,29.0,70.0,5,138,HotDry
33.3,26.0,29.2,1009.5,65,8,23.7,267,0.0,1,0.0,28.3,69.0,5,139,HotDry
33.7,26.1,29.3,1008.5,72,1,28.6,263,0.0,0,0.0,29.2,65.0,5,140,HotDry
33.5,26.4,29.4,1006.8,75,7,30.0,262,0.0,1,0.0,29.3,72.0,5,141,HotDry
33.9,26.7,29.8,1004.7,73,1,33.9,257,0.0,0,0.0,29.4,75.0,5,142,HotDry
34.1,27.3,30.3,1002.8,72,1,31.7,257,0.0,0,0.0,29.8,73.0,5,143,HotDry
35.6,27.1,30.8,1003.5,74,1,22.4,252,0.0,0,0.0,30.3,72.0,5,144,HotDry
35.0,26.4,30.4,1004.6,77,13,21.2,243,0.0,3,0.0,30.8,74.0,5,145,HotDry
35.0,25.6,30.2,1005.5,75,4,18.7,248,0.0,1,0.0,30.4,77.0,5,146,HotDry
36.3,25.6,30.4,1005.8,73,17,22.6,263,0.0,2,0.0,30.2,75.0,5,147,HotDry
34.0,26.5,29.7,1005.3,76,21,25.6,260,0.0,3,0.0,30.4,73.0,5,148,HotDry
33.2,27.5,29.9,1005.0,76,24,30.5,251,0.0,2,0.0,29.7,76.0,5,149,HotDry
33.3,27.7,30.1,1003.9,76,32,31.7,256,0.0,2,0.0,29.9,76.0,5,150,HotDry
33.4,28.1,30.4,1003.0,76,31,28.9,250,0.0,2,0.0,30.1,76.0,5,151,HotDry
33.9,27.9,30.4,1003.4,76,19,24.3,258,0.0,2,0.0,30.4,76.0,6,152,Monsoon
34.0,27.7,30.5,1005.1,77,20,23.7,264,0.0,2,0.0,30.4,76.0,6,153,Monsoon
35.3,27.9,31.0,1003.3,74,7,26.1,258,0.0,1,0.0,30.5,77.0,6,154,Monsoon
36.0,27.4,31.3,1001.3,72,5,28.8,260,0.0,1,0.0,31.0,74.0,6,155,Monsoon
36.2,28.1,31.6,1000.5,69,3,29.3,259,0.0,0,0.0,31.3,72.0,6,156,Monsoon
35.2,27.9,30.8,1000.5,76,14,28.7,257,0.0,2,0.0,31.6,69.0,6,157,Monsoon
34.4,27.8,30.7,999.6,75,11,31.0,254,0.0,1,0.0,30.8,76.0,6,158,Monsoon
38.8,28.4,32.6,996.8,63,0,24.8,250,0.0,0,0.0,30.7,75.0,6,159,Monsoon
34.6,27.6,30.5,997.0,74,3,26.3,182,0.0,1,0.0,32.6,63.0,6,160,Monsoon
33.2,27.4,29.8,999.4,76,28,26.5,207,0.0,2,0.0,30.5,74.0,6,161,Monsoon
33.8,27.5,30.5,999.9,72,22,22.1,222,0.0,2,0.0,29.8,76.0,6,162,Monsoon
34.2,28.5,31.0,999.4,72,34,24.7,191,0.0,3,0.0,30.5,72.0,6,163,Monsoon
34.4,28.4,31.0,999.6,74,31,24.8,172,0.5,51,0.0,31.0,72.0,6,164,Monsoon
34.3,29.1,31.3,999.2,75,40,26.4,195,0.1,51,0.5,31.0,74.0,6,165,Monsoon
34.9,29.2,31.6,998.7,74,25,19.5,225,0.0,2,0.1,31.3,75.0,6,166,Monsoon
33.6,29.5,31.2,998.8,71,33,23.7,235,0.0,2,0.0,31.6,74.0,6,167,Monsoon
32.7,28.7,30.6,998.6,71,68,25.2,227,0.0,3,0.0,31.2,71.0,6,168,Monsoon
33.2,28.4,30.4,996.3,75,32,24.1,228,0.0,2,0.0,30.6,71.0,6,169,Monsoon
33.8,27.7,30.4,995.2,79,36,19.8,207,0.0,3,0.0,30.4,75.0,6,170,Monsoon
34.4,28.0,30.7,995.2,78,23,25.3,230,0.0,2,0.0,30.4,79.0,6,171,Monsoon
34.8,29.3,31.6,995.3,74,7,37.7,243,0.0,2,0.0,30.7,78.0,6,172,Monsoon
33.7,28.9,31.0,997.9,77,14,40.5,249,0.0,2,0.0,31.6,74.0,6,173,Monsoon
33.2,28.5,30.3,999.7,79,31,41.4,248,0.0,2,0.0,31.0,77.0,6,174,Monsoon
33.2,28.2,30.2,998.7,76,43,39.8,251,0.0,3,0.0,30.3,79.0,6,175,Monsoon
33.1,28.5,30.4,999.0,72,53,36.0,247,0.0,2,0.0,30.2,76.0,6,176,Monsoon
32.8,28.5,30.3,1002.2,73,58,31.6,240,0.2,51,0.0,30.4,72.0,6,177,Monsoon
32.4,28.2,30.0,1005.3,73,46,30.1,244,0.0,2,0.2,30.3,73.0,6,178,Monsoon
32.2,28.0,29.7,1004.7,71,41,36.0,254,0.0,2,0.0,30.0,73.0,6,179,Monsoon
31.9,28.0,29.7,1002.7,68,46,41.7,256,0.0,3,0.0,29.7,71.0,6,180,Monsoon
31.9,28.1,29.6,1001.4,70,55,42.8,254,0.0,2,0.0,29.7,68.0,6,181,Monsoon
31.5,27.8,29.4,1002.1,74,50,41.6,252,0.1,51,0.0,29.6,70.0,7,182,Monsoon
31.3,27.5,29.1,1003.1,77,49,34.2,250,0.5,51,0.1,29.4,74.0,7,183,Monsoon
30.7,27.2,28.7,1001.3,78,49,37.4,250,0.7,51,0.5,29.1,77.0,7,184,Monsoon
31.1,27.2,28.8,1000.6,77,55,33.6,248,0.0,2,0.7,28.7,78.0,7,185,Monsoon
31.6,27.1,29.1,1001.6,76,40,27.3,247,0.0,2,0.0,28.8,77.0,7,186,Monsoon
31.8,26.7,29.1,1003.3,75,31,27.1,248,0.0,2,0.0,29.1,76.0,7,187,Monsoon
32.2,27.3,29.4,1003.2,74,41,29.7,249,0.0,2,0.0,29.1,75.0,7,188,Monsoon
31.9,27.4,29.4,1001.4,71,39,28.5,249,0.0,2,0.0,29.4,74.0,7,189,Monsoon
32.3,27.5,29.6,1000.3,71,44,27.8,247,0.0,2,0.0,29.4,71.0,7,190,Monsoon
32.6,27.6,29.8,1000.6,72,43,27.3,247,0.0,2,0.0,29.6,71.0,7,191,Monsoon
31.7,27.8,29.6,1000.3,77,55,27.9,247,0.6,51,0.0,29.8,72.0,7,192,Monsoon
32.2,27.4,29.6,999.1,75,42,21.6,240,0.1,51,0.6,29.6,77.0,7,193,Monsoon
33.3,26.8,29.9,999.0,73,24,20.2,229,0.0,3,0.1,29.6,75.0,7,194,Monsoon
33.9,28.6,30.6,998.7,73,57,20.9,234,0.0,3,0.0,29.9,73.0,7,195,Monsoon
34.0,28.3,30.7,996.9,75,49,24.2,249,0.0,3,0.0,30.6,73.0,7,196,Monsoon
33.2,28.4,30.3,996.1,76,72,22.3,240,0.0,3,0.0,30.7,75.0,7,197,Monsoon
33.2,28.1,30.3,995.9,74,70,19.5,235,0.0,3,0.0,30.3,76.0,7,198,Monsoon
33.1,28.0,30.0,995.9,75,81,24.4,245,0.0,3,0.0,30.3,74.0,7,199,Monsoon
32.6,27.5,29.8,996.9,74,56,28.8,246,0.0,3,0.0,30.0,75.0,7,200,Monsoon
32.5,27.7,29.7,998.8,75,48,30.3,247,0.0,2,0.0,29.8,74.0,7,201,Monsoon
31.9,27.7,29.5,999.2,76,49,32.2,251,0.1,51,0.0,29.7,75.0,7,202,Monsoon
31.9,27.6,29.4,998.7,75,64,32.4,252,0.0,3,0.1,29.5,76.0,7,203,Monsoon
32.0,27.4,29.4,997.8,75,83,28.2,257,0.0,3,0.0,29.4,75.0,7,204,Monsoon
31.8,27.6,29.2,997.8,78,95,30.6,250,0.1,51,0.0,29.4,75.0,7,205,Monsoon
29.8,27.7,28.5,999.6,84,97,26.4,255,4.3,53,0.1,29.2,78.0,7,206,Monsoon
30.7,26.0,28.0,1002.2,83,69,19.1,259,19.0,63,4.3,28.5,84.0,7,207,Monsoon
30.5,27.2,28.7,1003.2,84,83,21.7,242,0.0,3,19.0,28.0,83.0,7,208,Monsoon
30.5,27.2,28.5,1000.0,84,90,28.2,253,0.0,3,0.0,28.7,84.0,7,209,Monsoon
30.9,27.0,28.6,998.4,82,82,23.6,244,0.0,3,0.0,28.5,84.0,7,210,Monsoon
31.3,27.0,28.9,999.2,83,74,22.6,243,0.0,3,0.0,28.6,82.0,7,211,Monsoon
32.8,27.9,29.7,998.9,82,91,18.4,268,1.2,55,0.0,28.9,83.0,7,212,Monsoon
33.2,28.1,30.2,997.7,81,95,20.3,270,0.0,3,1.2,29.7,82.0,8,213,Monsoon
31.5,27.7,29.0,998.1,83,91,27.6,263,4.3,61,0.0,30.2,81.0,8,214,Monsoon
30.5,27.1,28.5,997.7,83,61,26.5,242,0.3,51,4.3,29.0,83.0,8,215,Monsoon
30.4,26.4,28.1,997.2,81,55,24.3,245,0.0,3,0.3,28.5,83.0,8,216,Monsoon
30.4,26.0,27.8,997.8,80,95,20.9,243,0.0,3,0.0,28.1,81.0,8,217,Monsoon
29.8,26.2,27.9,999.0,79,92,19.1,246,0.0,3,0.0,27.8,80.0,8,218,Monsoon
30.7,26.4,28.3,998.4,78,93,22.5,242,0.0,3,0.0,27.9,79.0,8,219,Monsoon
30.8,26.6,28.4,998.7,76,81,20.6,240,0.0,3,0.0,28.3,78.0,8,220,Monsoon
31.8,27.0,29.0,1001.2,72,56,19.1,224,0.0,3,0.0,28.4,76.0,8,221,Monsoon
33.4,27.3,29.6,1002.6,73,49,24.3,230,0.0,3,0.0,29.0,72.0,8,222,Monsoon
31.9,27.2,29.2,1001.8,74,83,19.7,233,0.0,3,0.0,29.6,73.0,8,223,Monsoon
32.4,27.4,29.4,1001.7,73,48,22.2,235,0.1,51,0.0,29.2,74.0,8,224,Monsoon
31.5,27.2,29.0,1001.9,75,53,28.2,245,0.5,51,0.1,29.4,73.0,8,225,Monsoon
31.2,27.1,28.6,1000.7,77,59,34.1,250,0.3,51,0.5,29.0,75.0,8,226,Monsoon
30.5,26.8,28.4,999.2,76,71,32.4,243,0.2,51,0.3,28.6,77.0,8,227,Monsoon
30.8,26.9,28.4,999.9,80,63,29.1,237,0.1,51,0.2,28.4,76.0,8,228,Monsoon
31.4,26.2,28.3,1003.9,81,55,23.5,243,0.0,3,0.1,28.4,80.0,8,229,Monsoon
31.0,26.2,28.2,1006.8,77,24,21.4,254,0.0,2,0.0,28.3,81.0,8,230,Monsoon
31.2,26.3,28.5,1008.4,74,38,19.6,252,0.0,2,0.0,28.2,77.0,8,231,Monsoon
31.2,26.7,28.4,1006.7,72,47,24.9,253,0.0,2,0.0,28.5,74.0,8,232,Monsoon
30.6,26.0,28.0,1004.0,71,54,25.5,247,0.0,3,0.0,28.4,72.0,8,233,Monsoon
30.2,26.1,28.1,1003.6,73,64,23.2,242,0.0,3,0.0,28.0,71.0,8,234,Monsoon
31.0,26.4,28.4,1005.3,73,49,18.9,240,0.0,3,0.0,28.1,73.0,8,235,Monsoon
31.4,26.5,28.5,1005.8,73,52,20.2,250,0.0,3,0.0,28.4,73.0,8,236,Monsoon
31.4,26.7,28.6,1006.0,72,30,28.0,256,0.0,2,0.0,28.5,73.0,8,237,Monsoon
31.1,26.8,28.5,1005.0,73,34,33.5,261,0.0,2,0.0,28.6,72.0,8,238,Monsoon
30.4,26.5,28.1,1003.6,74,36,28.0,259,0.0,2,0.0,28.5,73.0,8,239,Monsoon
32.2,26.1,28.6,1004.0,74,19,24.4,263,0.0,1,0.0,28.1,74.0,8,240,Monsoon
34.0,26.4,29.3,1003.9,74,21,20.7,271,1.0,55,0.0,28.6,74.0,8,241,Monsoon
34.0,26.9,29.6,1003.0,75,15,24.8,270,0.0,2,1.0,29.3,74.0,8,242,Monsoon
34.0,26.7,29.7,1000.6,75,67,23.3,270,0.0,3,0.0,29.6,75.0,8,243,Monsoon
36.6,27.0,31.5,998.3,68,80,18.9,276,0.3,51,0.0,29.7,75.0,9,244,Monsoon
37.0,29.6,32.6,999.7,59,96,24.5,32,0.8,53,0.3,31.5,68.0,9,245,Monsoon
38.2,30.5,33.3,999.9,56,86,24.0,11,0.2,51,0.8,32.6,59.0,9,246,Monsoon
32.5,27.5,29.8,999.9,69,89,25.9,256,0.0,3,0.2,33.3,56.0,9,247,Monsoon
31.6,27.0,28.8,1000.4,73,47,27.0,248,0.0,2,0.0,29.8,69.0,9,248,Monsoon
31.6,26.5,28.7,1001.9,74,45,24.1,246,0.0,2,0.0,28.8,73.0,9,249,Monsoon
32.0,26.7,28.8,1003.8,74,43,20.4,248,0.0,2,0.0,28.7,74.0,9,250,Monsoon
32.8,26.7,29.1,1004.8,74,33,23.9,258,0.0,2,0.0,28.8,74.0,9,251,Monsoon
31.3,26.5,28.5,1004.2,75,58,26.1,258,0.0,3,0.0,29.1,74.0,9,252,Monsoon
31.0,26.4,28.3,1003.7,73,71,25.6,260,0.0,3,0.0,28.5,75.0,9,253,Monsoon
31.0,26.3,28.3,1004.9,75,48,21.3,253,0.0,3,0.0,28.3,73.0,9,254,Monsoon
30.9,26.3,28.3,1006.2,75,48,22.4,251,0.0,2,0.0,28.3,75.0,9,255,Monsoon
30.8,26.3,28.2,1005.6,72,44,24.6,251,0.0,3,0.0,28.3,75.0,9,256,Monsoon
31.0,25.6,28.1,1005.1,73,32,20.5,244,0.0,2,0.0,28.2,72.0,9,257,Monsoon
31.3,25.4,28.1,1005.7,72,38,21.4,236,0.0,3,0.0,28.1,73.0,9,258,Monsoon
31.2,25.7,28.2,1005.5,71,30,23.4,248,0.0,3,0.0,28.1,72.0,9,259,Monsoon
30.4,26.5,28.1,1004.9,71,37,22.4,256,0.0,2,0.0,28.2,71.0,9,260,Monsoon
31.2,26.2,28.4,1006.5,68,33,25.7,254,0.0,2,0.0,28.1,71.0,9,261,Monsoon
30.7,26.3,28.0,1007.3,69,24,26.5,253,0.0,2,0.0,28.4,68.0,9,262,Monsoon
30.2,25.9,27.7,1005.8,71,57,25.3,249,0.4,51,0.0,28.0,69.0,9,263,Monsoon
30.1,25.6,27.6,1006.1,75,43,22.3,250,0.0,3,0.4,27.7,71.0,9,264,Monsoon
30.5,25.4,27.7,1007.8,74,36,23.5,249,0.0,2,0.0,27.6,75.0,9,265,Monsoon
30.0,25.5,27.4,1007.9,72,37,27.2,252,0.3,51,0.0,27.7,74.0,9,266,Monsoon
30.2,25.9,27.8,1007.7,70,35,29.6,256,0.0,2,0.3,27.4,72.0,9,267,Monsoon
30.5,26.0,28.0,1008.3,70,35,27.9,255,0.0,2,0.0,27.8,70.0,9,268,Monsoon
31.1,25.7,27.9,1010.0,71,21,22.8,259,0.0,1,0.0,28.0,70.0,9,269,Monsoon
31.0,25.9,27.9,1010.8,71,17,26.6,260,0.0,2,0.0,27.9,71.0,9,270,Monsoon
31.0,26.0,28.0,1010.8,75,10,27.8,260,0.0,1,0.0,27.9,71.0,9,271,Monsoon
30.8,25.8,27.8,1010.2,77,21,26.0,256,0.0,1,0.0,28.0,75.0,9,272,Monsoon
30.9,25.6,27.8,1009.6,78,34,22.8,249,0.0,2,0.0,27.8,77.0,9,273,Monsoon
30.7,25.4,27.6,1011.3,76,23,18.8,249,0.0,2,0.0,27.8,78.0,10,274,PostMonsoon
31.9,25.2,27.6,1011.7,74,15,18.1,259,0.0,1,0.0,27.6,76.0,10,275,PostMonsoon
31.4,25.0,27.5,1010.4,75,22,24.7,264,0.0,3,0.0,27.6,74.0,10,276,PostMonsoon
31.2,25.5,27.7,1010.6,76,15,27.9,261,0.0,2,0.0,27.5,75.0,10,277,PostMonsoon
30.9,25.9,27.9,1011.2,78,17,28.0,259,0.0,1,0.0,27.7,76.0,10,278,PostMonsoon
31.2,26.1,28.0,1011.8,78,23,20.3,257,0.0,2,0.0,27.9,78.0,10,279,PostMonsoon
31.3,25.1,27.6,1009.9,78,17,17.6,259,0.0,2,0.0,28.0,78.0,10,280,PostMonsoon
30.9,24.4,27.3,1009.5,78,20,18.5,265,0.0,2,0.0,27.6,78.0,10,281,PostMonsoon
34.9,23.3,28.5,1010.7,73,16,19.3,292,0.0,3,0.0,27.3,78.0,10,282,PostMonsoon
36.1,25.3,30.0,1009.7,69,8,17.7,277,0.0,1,0.0,28.5,73.0,10,283,PostMonsoon
38.1,24.7,30.1,1007.9,61,0,18.2,281,0.0,0,0.0,30.0,69.0,10,284,PostMonsoon
37.3,23.1,30.2,1007.8,54,0,18.7,263,0.0,0,0.0,30.1,61.0,10,285,PostMonsoon
37.1,23.6,29.8,1007.8,59,0,15.0,290,0.0,0,0.0,30.2,54.0,10,286,PostMonsoon
34.2,24.9,29.1,1009.7,47,0,31.0,49,0.0,0,0.0,29.8,59.0,10,287,PostMonsoon
33.6,22.4,28.1,1013.3,48,0,15.1,6,0.0,0,0.0,29.1,47.0,10,288,PostMonsoon
33.8,23.0,28.3,1013.8,47,0,18.2,18,0.0,0,0.0,28.1,48.0,10,289,PostMonsoon
33.8,21.6,27.8,1013.2,51,0,19.3,294,0.0,0,0.0,28.3,47.0,10,290,PostMonsoon
33.8,21.0,27.3,1012.2,58,0,19.0,296,0.0,0,0.0,27.8,51.0,10,291,PostMonsoon
34.3,22.2,27.4,1011.4,64,0,18.7,284,0.0,0,0.0,27.3,58.0,10,292,PostMonsoon
34.7,22.0,27.9,1012.4,63,6,17.0,295,0.0,1,0.0,27.4,64.0,10,293,PostMonsoon
35.7,22.1,29.0,1013.5,49,0,18.3,303,0.0,0,0.0,27.9,63.0,10,294,PostMonsoon
35.8,23.2,29.5,1013.7,44,0,16.3,308,0.0,0,0.0,29.0,49.0,10,295,PostMonsoon
34.9,22.5,28.6,1012.7,54,0,19.1,281,0.0,0,0.0,29.5,44.0,10,296,PostMonsoon
34.1,22.5,27.6,1011.5,58,0,15.7,289,0.0,0,0.0,28.6,54.0,10,297,PostMonsoon
34.6,21.6,28.0,1011.1,49,0,16.2,313,0.0,0,0.0,27.6,58.0,10,298,PostMonsoon
36.5,24.8,30.3,1012.1,34,7,14.4,19,0.0,1,0.0,28.0,49.0,10,299,PostMonsoon
34.5,22.8,28.6,1013.3,59,1,20.9,234,0.0,0,0.0,30.3,34.0,10,300,PostMonsoon
33.8,23.5,28.3,1012.5,67,27,20.3,258,0.0,3,0.0,28.6,59.0,10,301,PostMonsoon
32.2,22.6,27.5,1012.4,66,100,15.3,246,0.0,3,0.0,28.3,67.0,10,302,PostMonsoon
31.1,26.4,28.3,1011.8,55,97,15.1,75,0.4,51,0.0,27.5,66.0,10,303,PostMonsoon
29.6,24.1,26.3,1012.8,58,77,19.9,76,1.5,53,0.4,28.3,55.0,10,304,PostMonsoon
26.8,22.1,24.3,1013.5,72,54,22.8,83,8.3,61,1.5,26.3,58.0,11,305,PostMonsoon
29.2,22.0,25.2,1013.8,72,16,14.8,119,0.0,2,8.3,24.3,72.0,11,306,PostMonsoon
28.7,22.1,25.1,1014.2,84,14,17.1,265,0.0,2,0.0,25.2,72.0,11,307,PostMonsoon
28.7,24.3,26.0,1013.2,81,27,19.7,265,0.0,2,0.0,25.1,84.0,11,308,PostMonsoon
28.4,23.8,25.6,1014.1,82,21,17.7,267,0.0,2,0.0,26.0,81.0,11,309,PostMonsoon
28.9,23.5,25.7,1012.9,79,20,23.9,263,0.0,2,0.0,25.6,82.0,11,310,PostMonsoon
30.6,23.9,26.4,1012.4,76,7,16.9,262,0.0,2,0.0,25.7,79.0,11,311,PostMonsoon
32.0,21.5,26.4,1015.2,47,0,21.1,38,0.0,0,0.0,26.4,76.0,11,312,PostMonsoon
31.4,22.6,26.5,1016.5,28,1,27.0,47,0.0,0,0.0,26.4,47.0,11,313,PostMonsoon
30.8,22.0,26.0,1015.5,29,8,22.6,43,0.0,1,0.0,26.5,28.0,11,314,PostMonsoon
31.8,19.0,25.3,1014.0,35,0,11.0,10,0.0,0,0.0,26.0,29.0,11,315,PostMonsoon
31.9,18.7,25.5,1014.4,35,40,12.1,41,0.0,3,0.0,25.3,35.0,11,316,PostMonsoon
32.7,22.1,26.9,1015.3,26,95,21.3,53,0.0,3,0.0,25.5,35.0,11,317,PostMonsoon
32.9,21.8,26.9,1016.4,29,54,15.8,38,0.0,3,0.0,26.9,26.0,11,318,PostMonsoon
30.7,17.7,24.3,1014.8,49,6,15.5,314,0.0,1,0.0,26.9,29.0,11,319,PostMonsoon
31.8,17.4,24.6,1013.6,46,0,12.0,42,0.0,0,0.0,24.3,49.0,11,320,PostMonsoon
32.7,20.2,26.4,1014.4,31,0,16.8,56,0.0,0,0.0,24.6,46.0,11,321,PostMonsoon
31.8,20.2,25.9,1015.6,38,19,13.8,34,0.0,3,0.0,26.4,31.0,11,322,PostMonsoon
31.2,19.4,25.4,1015.5,51,41,14.5,312,0.0,3,0.0,25.9,38.0,11,323,PostMonsoon
30.3,21.5,25.6,1014.6,65,97,16.0,290,0.0,3,0.0,25.4,51.0,11,324,PostMonsoon
29.6,20.6,24.7,1014.0,76,17,15.6,266,0.0,3,0.0,25.6,65.0,11,325,PostMonsoon
30.1,19.7,24.6,1012.8,69,16,15.2,281,0.0,3,0.0,24.7,76.0,11,326,PostMonsoon
30.6,17.9,24.7,1013.5,54,0,14.5,68,0.0,0,0.0,24.6,69.0,11,327,PostMonsoon
30.6,20.8,25.4,1014.7,38,6,21.1,47,0.0,2,0.0,24.7,54.0,11,328,PostMonsoon
30.0,17.5,23.8,1014.7,53,0,14.0,332,0.0,0,0.0,25.4,38.0,11,329,PostMonsoon
29.6,18.7,24.0,1012.4,71,0,17.4,285,0.0,0,0.0,23.8,53.0,11,330,PostMonsoon
28.9,22.9,25.1,1010.5,80,10,20.2,268,0.0,1,0.0,24.0,71.0,11,331,PostMonsoon
29.1,22.6,25.2,1011.3,81,30,14.5,244,0.0,3,0.0,25.1,80.0,11,332,PostMonsoon
29.2,21.7,25.0,1013.0,74,30,14.3,220,0.0,3,0.0,25.2,81.0,11,333,PostMonsoon
28.8,20.6,24.4,1014.2,75,6,14.0,300,0.0,2,0.0,25.0,74.0,11,334,PostMonsoon
29.8,19.8,24.7,1015.3,69,0,11.9,340,0.0,0,0.0,24.4,75.0,12,335,Winter
29.4,20.0,24.6,1015.5,66,20,16.7,306,0.0,2,0.0,24.7,69.0,12,336,Winter
29.0,20.4,24.3,1015.2,69,32,17.5,289,0.0,2,0.0,24.6,66.0,12,337,Winter
29.8,18.5,23.9,1015.3,70,22,12.2,299,0.0,3,0.0,24.3,69.0,12,338,Winter
30.5,19.2,24.7,1016.3,58,0,9.9,18,0.0,0,0.0,23.9,70.0,12,339,Winter
30.3,19.9,24.9,1016.6,39,39,17.7,52,0.0,3,0.0,24.7,58.0,12,340,Winter
29.2,18.5,23.7,1015.9,44,57,13.0,14,0.0,3,0.0,24.9,39.0,12,341,Winter
28.8,16.4,22.6,1015.1,59,4,9.0,16,0.0,1,0.0,23.7,44.0,12,342,Winter
28.2,16.5,22.4,1016.2,51,14,12.9,32,0.0,3,0.0,22.6,59.0,12,343,Winter
26.9,16.9,21.6,1017.1,31,7,17.6,48,0.0,3,0.0,22.4,51.0,12,344,Winter
26.1,15.1,20.2,1016.3,35,0,19.3,48,0.0,0,0.0,21.6,31.0,12,345,Winter
26.2,15.2,20.2,1015.6,33,0,18.4,33,0.0,0,0.0,20.2,35.0,12,346,Winter
24.6,14.8,19.6,1015.9,45,0,15.4,347,0.0,0,0.0,20.2,33.0,12,347,Winter
24.1,13.3,19.2,1017.2,53,0,10.6,59,0.0,0,0.0,19.6,45.0,12,348,Winter
24.2,12.8,18.7,1019.3,54,0,10.1,34,0.0,0,0.0,19.2,53.0,12,349,Winter
25.4,12.8,19.0,1019.9,48,22,13.9,69,0.0,3,0.0,18.7,54.0,12,350,Winter
25.4,14.4,19.7,1019.8,39,47,17.3,66,0.0,3,0.0,19.0,48.0,12,351,Winter
25.1,13.5,19.4,1018.9,42,92,12.0,60,0.0,3,0.0,19.7,39.0,12,352,Winter
24.8,15.9,19.8,1020.1,44,92,14.5,59,0.0,3,0.0,19.4,42.0,12,353,Winter
24.8,14.8,19.0,1019.2,55,0,22.6,53,0.0,0,0.0,19.8,44.0,12,354,Winter
23.5,12.3,18.1,1015.5,68,8,14.2,51,0.0,2,0.0,19.0,55.0,12,355,Winter
24.6,14.7,20.0,1013.3,74,21,13.0,231,0.0,2,0.0,18.1,68.0,12,356,Winter
23.8,16.7,20.1,1015.4,60,24,18.9,79,0.0,1,0.0,20.0,74.0,12,357,Winter
24.7,15.5,19.7,1018.8,52,4,25.9,65,0.0,0,0.0,20.1,60.0,12,358,Winter
25.7,15.1,20.1,1019.5,55,2,14.1,25,0.0,0,0.0,19.7,52.0,12,359,Winter
26.7,15.6,20.8,1018.6,49,0,15.5,62,0.0,0,0.0,20.1,55.0,12,360,Winter
24.7,13.6,19.3,1016.8,50,0,15.3,32,0.0,0,0.0,20.8,49.0,12,361,Winter
24.5,13.5,19.9,1016.7,61,0,10.8,61,0.0,0,0.0,19.3,50.0,12,362,Winter
24.7,14.8,19.5,1015.7,42,0,15.9,52,0.0,0,0.0,19.9,61.0,12,363,Winter
23.6,14.2,18.6,1013.5,44,0,18.8,46,0.0,0,0.0,19.5,42.0,12,364,Winter
23.3,13.9,18.0,1014.6,47,0,25.1,46,0.0,0,0.0,18.6,44.0,12,365,Winter
22.4,14.0,17.8,1016.7,49,0,34.0,36,0.0,0,0.0,18.0,47.0,1,1,Winter
24.9,15.3,19.5,1017.2,50,2,21.5,30,0.0,0,0.0,17.8,49.0,1,2,Winter
24.6,13.1,19.1,1016.8,58,0,15.1,305,0.0,0,0.0,19.5,50.0,1,3,Winter
25.5,13.1,19.7,1017.5,66,0,12.0,262,0.0,0,0.0,19.1,58.0,1,4,Winter
25.5,14.6,19.8,1017.6,66,0,14.8,322,0.0,0,0.0,19.7,66.0,1,5,Winter
25.0,15.3,20.4,1015.9,76,2,20.1,281,0.0,1,0.0,19.8,66.0,1,6,Winter
26.9,16.7,21.8,1014.4,76,56,13.2,291,0.0,3,0.0,20.4,76.0,1,7,Winter
26.4,15.8,20.8,1015.9,70,34,13.5,93,0.0,3,0.0,21.8,76.0,1,8,Winter
25.0,14.9,20.0,1017.1,79,32,9.9,305,0.0,2,0.0,20.8,70.0,1,9,Winter
26.3,15.9,20.8,1018.5,66,35,14.0,33,0.0,3,0.0,20.0,79.0,1,10,Winter
25.0,14.2,19.8,1018.5,70,25,19.8,298,0.0,2,0.0,20.8,66.0,1,11,Winter
25.4,16.7,21.0,1016.5,75,83,17.6,274,0.0,3,0.0,19.8,70.0,1,12,Winter
28.4,20.2,23.3,1014.1,72,52,15.5,279,0.0,3,0.0,21.0,75.0,1,13,Winter
25.6,16.6,20.7,1015.6,45,1,29.0,40,0.0,0,0.0,23.3,72.0,1,14,Winter
23.9,14.4,18.7,1019.4,54,3,26.3,57,0.0,1,0.0,20.7,45.0,1,15,Winter
24.2,13.7,18.6,1019.5,52,0,17.6,58,0.0,0,0.0,18.7,54.0,1,16,Winter
24.4,13.1,18.5,1018.9,49,21,18.8,59,0.0,2,0.0,18.6,52.0,1,17,Winter
24.7,13.3,18.9,1017.7,46,14,15.0,57,0.0,2,0.0,18.5,49.0,1,18,Winter
25.4,13.7,19.4,1015.6,46,22,17.8,70,0.0,3,0.0,18.9,46.0,1,19,Winter
23.2,15.9,18.9,1013.9,59,32,23.9,97,0.7,51,0.0,19.4,46.0,1,20,Winter
22.0,15.7,19.0,1016.1,73,22,12.1,264,0.0,1,0.7,18.9,59.0,1,21,Winter
23.0,14.8,18.9,1018.6,64,29,19.9,50,0.0,2,0.0,19.0,73.0,1,22,Winter
23.6,14.4,19.1,1019.5,52,5,18.5,65,0.0,0,0.0,18.9,64.0,1,23,Winter
23.0,14.3,18.6,1019.8,51,13,20.3,65,0.0,3,0.0,19.1,52.0,1,24,Winter
22.9,13.5,18.3,1019.8,58,2,16.5,38,0.0,0,0.0,18.6,51.0,1,25,Winter
23.0,14.5,18.8,1019.6,66,3,15.1,306,0.0,0,0.0,18.3,58.0,1,26,Winter
23.1,13.0,18.3,1019.2,52,0,13.9,33,0.0,0,0.0,18.8,66.0,1,27,Winter
22.6,14.1,18.3,1018.5,36,0,21.9,63,0.0,0,0.0,18.3,52.0,1,28,Winter
23.8,12.4,18.2,1018.3,66,0,14.2,278,0.0,0,0.0,18.3,36.0,1,29,Winter
25.9,14.8,20.1,1019.8,57,0,13.8,64,0.0,0,0.0,18.2,66.0,1,30,Winter
24.4,14.3,19.6,1016.9,76,2,18.8,278,0.0,0,0.0,20.1,57.0,1,31,Winter
25.7,19.9,22.5,1013.5,73,50,21.3,263,0.0,2,0.0,19.6,76.0,2,32,Winter
26.3,18.1,22.1,1014.8,64,16,20.2,80,0.0,1,0.0,22.5,73.0,2,33,Winter
26.6,16.5,21.3,1019.7,51,2,21.3,66,0.0,0,0.0,22.1,64.0,2,34,Winter
27.8,15.9,21.8,1021.1,48,20,18.7,63,0.0,3,0.0,21.3,51.0,2,35,Winter
26.7,17.1,21.8,1018.5,48,12,19.5,52,0.0,1,0.0,21.8,48.0,2,36,Winter
26.4,15.1,20.8,1016.2,61,0,17.8,286,0.0,0,0.0,21.8,48.0,2,37,Winter
24.9,16.3,20.5,1015.4,75,8,17.1,294,0.0,1,0.0,20.8,61.0,2,38,Winter
26.4,16.7,21.4,1017.1,57,0,21.8,40,0.0,0,0.0,20.5,75.0,2,39,Winter
26.5,16.7,21.3,1019.1,44,0,26.2,49,0.0,0,0.0,21.4,57.0,2,40,Winter
27.2,17.4,22.1,1019.3,37,0,25.2,52,0.0,0,0.0,21.3,44.0,2,41,Winter
27.0,15.1,21.2,1017.5,47,0,16.4,302,0.0,0,0.0,22.1,37.0,2,42,Winter
28.4,17.2,22.3,1016.0,70,7,20.1,278,0.0,3,0.0,21.2,47.0,2,43,Winter
26.2,19.4,22.4,1014.0,82,31,24.4,270,0.0,3,0.0,22.3,70.0,2,44,Winter
27.8,20.9,23.4,1011.4,82,18,20.6,267,0.0,2,0.0,22.4,82.0,2,45,Winter
27.3,21.2,23.5,1011.3,81,42,19.9,261,0.0,3,0.0,23.4,82.0,2,46,Winter
28.8,21.6,24.4,1011.7,73,7,32.1,267,0.0,2,0.0,23.5,81.0,2,47,Winter
28.8,21.4,24.3,1012.7,74,0,19.9,261,0.0,0,0.0,24.4,73.0,2,48,Winter
27.8,19.0,23.0,1011.2,83,24,17.6,253,0.0,3,0.0,24.3,74.0,2,49,Winter
27.4,20.5,23.4,1010.0,83,33,18.1,251,0.0,3,0.0,23.0,83.0,2,50,Winter
29.1,20.8,24.1,1012.1,81,13,18.3,266,0.0,1,0.0,23.4,83.0,2,51,Winter
31.7,18.2,24.9,1014.5,65,5,18.0,52,0.0,1,0.0,24.1,81.0,2,52,Winter
31.7,20.9,25.8,1014.1,59,46,20.9,76,0.0,3,0.0,24.9,65.0,2,53,Winter
27.1,19.2,23.5,1013.1,75,81,21.6,241,0.0,3,0.0,25.8,59.0,2,54,Winter
25.5,20.9,22.7,1011.6,44,22,29.1,260,0.0,3,0.0,23.5,75.0,2,55,Winter
23.4,16.3,20.1,1012.0,35,9,25.5,296,0.0,1,0.0,22.7,44.0,2,56,Winter
25.1,15.9,20.6,1011.6,33,3,21.1,308,0.0,1,0.0,20.1,35.0,2,57,Winter
25.5,16.5,21.1,1011.6,58,34,17.7,211,0.6,51,0.0,20.6,33.0,2,58,Winter
20.8,16.5,18.5,1010.3,54,94,36.0,35,2.0,51,0.6,21.1,58.0,2,59,Winter
22.1,14.7,17.9,1009.3,57,52,33.7,30,0.0,3,2.0,18.5,54.0,3,60,HotDry
24.5,13.8,19.3,1012.5,61,7,22.9,247,0.0,1,0.0,17.9,57.0,3,61,HotDry
25.0,17.3,21.1,1013.9,61,2,22.2,271,0.0,0,0.0,19.3,61.0,3,62,HotDry
26.2,17.5,22.1,1013.1,61,18,20.9,253,0.0,2,0.0,21.1,61.0,3,63,HotDry
26.2,20.2,23.1,1013.5,69,28,22.5,238,0.2,51,0.0,22.1,61.0,3,64,HotDry
27.9,19.5,23.3,1016.0,71,43,19.0,257,0.0,3,0.2,23.1,69.0,3,65,HotDry
27.9,19.7,23.1,1014.4,65,59,20.3,287,0.1,51,0.0,23.3,71.0,3,66,HotDry
28.6,17.7,22.7,1015.5,29,0,23.1,318,0.0,0,0.1,23.1,65.0,3,67,HotDry
29.0,15.8,22.6,1018.7,35,0,24.8,72,0.0,0,0.0,22.7,29.0,3,68,HotDry
27.5,17.6,22.4,1019.5,28,47,35.0,59,0.0,3,0.0,22.6,35.0,3,69,HotDry
28.8,17.2,23.2,1016.8,31,52,25.3,56,0.0,3,0.0,22.4,28.0,3,70,HotDry
30.5,19.6,24.9,1015.8,31,28,28.7,58,0.0,3,0.0,23.2,31.0,3,71,HotDry
27.1,18.6,22.4,1013.6,57,44,16.1,240,2.0,53,0.0,24.9,31.0,3,72,HotDry
24.6,18.4,21.5,1012.7,67,18,21.5,257,0.2,51,2.0,22.4,57.0,3,73,HotDry
25.3,16.3,21.2,1012.7,61,4,23.3,257,0.0,1,0.2,21.5,67.0,3,74,HotDry
28.1,17.6,22.9,1015.1,66,16,23.2,268,0.0,3,0.0,21.2,61.0,3,75,HotDry
30.7,19.2,24.7,1017.6,62,24,19.5,290,0.0,3,0.0,22.9,66.0,3,76,HotDry
30.0,18.8,24.1,1015.1,60,4,22.0,269,0.0,1,0.0,24.7,62.0,3,77,HotDry
29.1,20.3,24.4,1013.5,77,12,23.7,253,0.0,2,0.0,24.1,60.0,3,78,HotDry
31.7,21.1,25.8,1013.7,71,12,20.3,256,0.0,3,0.0,24.4,77.0,3,79,HotDry
32.7,21.0,26.4,1014.4,72,32,18.1,258,0.0,3,0.0,25.8,71.0,3,80,HotDry
35.0,23.0,28.2,1013.9,56,56,20.3,272,0.0,3,0.0,26.4,72.0,3,81,HotDry
34.2,21.4,27.1,1011.9,63,1,26.9,275,0.0,0,0.0,28.2,56.0,3,82,HotDry
31.3,22.5,26.4,1010.8,68,32,24.5,269,0.0,3,0.0,27.1,63.0,3,83,HotDry
33.9,21.1,27.0,1010.2,69,82,21.1,162,0.0,3,0.0,26.4,68.0,3,84,HotDry
35.6,23.8,29.2,1011.6,61,75,16.4,98,0.0,3,0.0,27.0,69.0,3,85,HotDry
36.7,23.1,29.5,1012.2,58,31,21.0,290,0.0,3,0.0,29.2,61.0,3,86,HotDry
33.2,23.4,28.2,1010.3,58,90,25.2,268,0.0,3,0.0,29.5,58.0,3,87,HotDry
34.6,25.6,29.2,1008.6,47,36,27.7,276,0.0,3,0.0,28.2,58.0,3,88,HotDry
33.3,22.2,27.5,1008.8,42,4,23.9,281,0.0,2,0.0,29.2,47.0,3,89,HotDry
30.7,20.9,25.8,1010.0,69,2,23.0,258,0.0,1,0.0,27.5,42.0,3,90,HotDry
29.8,23.2,26.0,1008.4,78,26,29.7,255,0.0,2,0.0,25.8,69.0,4,91,HotDry
30.5,23.9,26.6,1006.9,78,25,29.1,253,0.0,3,0.0,26.0,78.0,4,92,HotDry
29.7,24.1,26.4,1005.2,79,41,33.0,239,0.8,51,0.0,26.6,78.0,4,93,HotDry
29.6,23.2,25.6,1004.7,77,7,25.0,256,0.0,1,0.8,26.4,79.0,4,94,HotDry
29.3,21.8,25.1,1006.2,76,18,19.6,253,0.0,2,0.0,25.6,77.0,4,95,HotDry
30.3,21.1,25.1,1006.9,73,24,22.8,262,0.0,3,0.0,25.1,76.0,4,96,HotDry
32.2,20.9,26.1,1008.0,69,5,18.6,255,0.0,2,0.0,25.1,73.0,4,97,HotDry
35.8,20.7,28.4,1010.4,57,2,19.1,296,0.0,0,0.0,26.1,69.0,4,98,HotDry
35.8,23.1,29.7,1010.3,45,0,21.3,289,0.0,0,0.0,28.4,57.0,4,99,HotDry
35.5,24.9,29.5,1008.7,40,5,20.3,289,0.0,1,0.0,29.7,45.0,4,100,HotDry
32.4,22.9,27.0,1008.4,73,2,23.4,243,0.0,0,0.0,29.5,40.0,4,101,HotDry
35.8,24.0,29.1,1009.7,63,1,15.5,147,0.0,0,0.0,27.0,73.0,4,102,HotDry
36.8,24.4,30.4,1011.5,52,19,15.8,328,0.0,2,0.0,29.1,63.0,4,103,HotDry
36.7,25.2,30.7,1010.5,49,7,23.1,294,0.0,1,0.0,30.4,52.0,4,104,HotDry
37.6,25.2,31.4,1010.7,40,0,24.6,289,0.0,0,0.0,30.7,49.0,4,105,HotDry
37.2,25.3,30.9,1012.1,48,0,23.8,271,0.0,0,0.0,31.4,40.0,4,106,HotDry
34.1,25.5,29.4,1010.4,63,2,26.6,265,0.0,1,0.0,30.9,48.0,4,107,HotDry
33.7,26.0,29.5,1005.8,63,0,30.5,257,0.0,0,0.0,29.4,63.0,4,108,HotDry
33.7,26.4,29.6,1005.2,61,0,32.4,258,0.0,0,0.0,29.5,63.0,4,109,HotDry
36.7,26.6,30.6,1007.8,54,0,24.3,265,0.0,0,0.0,29.6,61.0,4,110,HotDry
35.9,25.2,30.2,1008.7,55,0,26.8,263,0.0,0,0.0,30.6,54.0,4,111,HotDry
34.3,24.2,28.9,1007.0,60,0,31.8,262,0.0,0,0.0,30.2,55.0,4,112,HotDry
33.2,24.9,28.5,1006.9,65,0,29.5,264,0.0,0,0.0,28.9,60.0,4,113,HotDry
33.4,25.1,28.6,1006.9,70,0,28.6,262,0.0,0,0.0,28.5,65.0,4,114,HotDry
33.7,25.1,28.9,1005.2,71,2,25.0,248,0.0,1,0.0,28.6,70.0,4,115,HotDry
33.9,25.8,29.2,1005.7,72,0,24.1,243,0.0,0,0.0,28.9,71.0,4,116,HotDry
35.7,26.1,30.0,1006.7,69,1,21.7,240,0.0,0,0.0,29.2,72.0,4,117,HotDry
37.2,25.2,29.9,1007.3,66,0,25.1,257,0.0,0,0.0,30.0,69.0,4,118,HotDry
34.2,24.9,28.9,1006.4,70,0,27.9,257,0.0,0,0.0,29.9,66.0,4,119,HotDry
36.3,25.6,30.1,1006.6,65,0,23.8,265,0.0,0,0.0,28.9,70.0,4,120,HotDry
40.0,26.2,32.3,1007.1,50,0,28.0,276,0.0,0,0.0,30.1,65.0,5,121,HotDry
36.9,26.0,30.9,1006.9,57,0,28.2,261,0.0,0,0.0,32.3,50.0,5,122,HotDry
33.7,25.4,29.3,1007.0,67,0,23.5,252,0.0,0,0.0,30.9,57.0,5,123,HotDry
33.3,24.3,28.5,1008.2,75,17,21.6,259,0.0,2,0.0,29.3,67.0,5,124,HotDry
33.6,25.0,28.7,1007.6,75,28,23.0,264,0.0,3,0.0,28.5,75.0,5,125,HotDry
32.5,25.5,28.8,1006.3,76,62,26.0,255,0.0,3,0.0,28.7,75.0,5,126,HotDry
32.4,26.7,29.2,1006.8,76,69,31.4,250,0.0,3,0.0,28.8,76.0,5,127,HotDry
32.2,26.1,29.0,1006.9,78,46,30.9,253,0.0,3,0.0,29.2,76.0,5,128,HotDry
32.7,26.8,29.3,1005.3,76,63,27.1,245,0.0,3,0.0,29.0,78.0,5,129,HotDry
32.9,27.0,29.6,1005.3,75,60,26.4,251,0.0,3,0.0,29.3,76.0,5,130,HotDry
33.6,27.4,30.0,1005.5,75,40,24.8,249,0.0,3,0.0,29.6,75.0,5,131,HotDry
36.7,27.5,31.1,1005.4,69,5,21.9,246,1.6,61,0.0,30.0,75.0,5,132,HotDry
35.4,26.7,30.3,1005.3,73,13,19.9,221,0.0,2,1.6,31.1,69.0,5,133,HotDry
34.9,25.7,29.8,1007.3,74,13,21.7,230,0.0,2,0.0,30.3,73.0,5,134,HotDry
33.7,26.1,29.4,1008.1,75,19,24.5,262,0.0,2,0.0,29.8,74.0,5,135,HotDry
33.5,26.4,29.6,1005.1,76,15,29.6,256,0.0,2,0.0,29.4,75.0,5,136,HotDry
34.1,27.1,30.1,1002.5,76,11,30.3,252,0.0,1,0.0,29.6,76.0,5,137,HotDry
34.0,28.1,30.4,1003.1,77,24,27.8,250,0.0,2,0.0,30.1,76.0,5,138,HotDry
33.5,27.7,30.2,1004.3,78,34,24.9,250,0.0,2,0.0,30.4,77.0,5,139,HotDry
34.0,27.7,30.3,1005.2,76,26,28.5,258,0.0,2,0.0,30.2,78.0,5,140,HotDry
34.6,27.6,30.3,1005.4,76,15,33.3,261,0.0,2,0.0,30.3,76.0,5,141,HotDry
34.4,27.8,30.5,1004.4,77,16,36.3,260,0.0,2,0.0,30.3,76.0,5,142,HotDry
35.0,28.2,31.0,1003.0,75,1,38.9,259,0.0,0,0.0,30.5,77.0,5,143,HotDry
34.7,28.5,31.0,1003.0,74,0,37.1,260,0.0,0,0.0,31.0,75.0,5,144,HotDry
33.8,27.7,30.2,1004.0,81,10,35.8,256,0.0,2,0.0,31.0,74.0,5,145,HotDry
34.1,27.8,30.4,1004.5,80,24,30.8,250,0.0,2,0.0,30.2,81.0,5,146,HotDry
34.0,28.0,30.5,1004.7,79,30,30.3,245,0.0,2,0.0,30.4,80.0,5,147,HotDry
34.9,28.1,30.8,1003.2,75,2,30.6,242,0.0,0,0.0,30.5,79.0,5,148,HotDry
34.6,27.5,30.3,1005.1,72,15,21.3,250,0.0,2,0.0,30.8,75.0,5,149,HotDry
34.0,27.5,30.3,1005.5,72,15,25.1,253,0.0,2,0.0,30.3,72.0,5,150,HotDry
34.5,27.3,30.4,1003.0,78,19,22.9,246,0.0,2,0.0,30.3,72.0,5,151,HotDry
36.5,27.4,31.1,998.9,74,7,24.0,229,0.0,2,0.0,30.4,78.0,6,152,Monsoon
39.1,28.0,32.7,1000.2,64,8,20.5,117,2.2,53,0.0,31.1,74.0,6,153,Monsoon
35.4,28.1,31.0,1003.3,71,12,22.9,172,0.0,1,2.2,32.7,64.0,6,154,Monsoon
36.1,27.3,30.7,1005.7,68,12,22.4,239,1.2,53,0.0,31.0,71.0,6,155,Monsoon
36.4,27.1,31.1,1006.4,63,2,23.5,268,0.0,0,1.2,30.7,68.0,6,156,Monsoon
34.1,27.2,30.1,1004.7,71,2,24.2,264,0.0,0,0.0,31.1,63.0,6,157,Monsoon
33.8,27.1,29.9,1002.3,75,14,22.4,251,0.0,1,0.0,30.1,71.0,6,158,Monsoon
33.4,27.1,30.2,1002.4,71,81,23.2,224,0.0,3,0.0,29.9,75.0,6,159,Monsoon
33.7,28.4,30.5,1003.5,67,55,26.1,162,0.4,51,0.0,30.2,71.0,6,160,Monsoon
34.4,28.3,30.8,1003.1,68,15,21.5,205,0.0,1,0.4,30.5,67.0,6,161,Monsoon
34.5,28.5,30.8,1003.4,70,15,25.5,225,0.0,1,0.0,30.8,68.0,6,162,Monsoon
34.0,28.3,30.6,1003.0,73,23,23.5,236,0.0,1,0.0,30.8,70.0,6,163,Monsoon
33.6,28.4,30.5,1000.8,73,30,28.6,242,0.0,2,0.0,30.6,73.0,6,164,Monsoon
33.3,28.7,30.6,999.7,72,55,33.2,250,0.0,2,0.0,30.5,73.0,6,165,Monsoon
33.3,28.4,30.5,999.7,72,49,29.8,246,0.1,51,0.0,30.6,72.0,6,166,Monsoon
33.7,28.2,30.6,1000.0,76,32,21.0,251,0.3,51,0.1,30.5,72.0,6,167,Monsoon
35.1,28.5,31.3,999.5,72,25,20.1,257,0.0,2,0.3,30.6,76.0,6,168,Monsoon
36.6,28.7,32.1,998.8,68,27,17.5,266,0.0,3,0.0,31.3,72.0,6,169,Monsoon
37.9,29.5,32.9,997.6,66,37,22.7,260,0.1,51,0.0,32.1,68.0,6,170,Monsoon
39.4,30.0,34.0,995.3,63,13,19.3,272,0.0,1,0.1,32.9,66.0,6,171,Monsoon
41.0,30.8,36.0,994.6,53,50,22.8,72,0.3,51,0.0,34.0,63.0,6,172,Monsoon
40.3,32.3,35.7,994.2,57,22,18.3,236,0.0,2,0.3,36.0,53.0,6,173,Monsoon
37.9,29.8,34.1,993.8,58,32,25.3,257,0.0,3,0.0,35.7,57.0,6,174,Monsoon
34.0,28.4,30.8,994.8,77,50,22.7,234,0.0,3,0.0,34.1,58.0,6,175,Monsoon
35.0,28.4,31.2,994.9,75,50,20.4,216,0.0,2,0.0,30.8,77.0,6,176,Monsoon
35.0,28.4,31.2,995.3,76,29,23.5,222,0.0,2,0.0,31.2,75.0,6,177,Monsoon
35.1,29.0,31.7,996.9,72,5,24.9,236,0.0,0,0.0,31.2,76.0,6,178,Monsoon
36.4,29.3,32.3,999.9,70,1,27.2,244,0.0,0,0.0,31.7,72.0,6,179,Monsoon
35.3,29.2,31.8,1002.4,71,0,31.1,247,0.0,0,0.0,32.3,70.0,6,180,Monsoon
33.7,28.6,30.5,1002.3,75,23,32.0,248,0.0,1,0.0,31.8,71.0,6,181,Monsoon
32.9,28.1,30.1,1003.3,73,48,32.2,247,0.0,3,0.0,30.5,75.0,7,182,Monsoon
33.0,28.2,30.3,1004.2,71,58,32.8,246,0.0,2,0.0,30.1,73.0,7,183,Monsoon
33.0,28.4,30.4,1004.2,69,55,34.9,251,0.0,3,0.0,30.3,71.0,7,184,Monsoon
33.0,28.6,30.3,1002.9,71,67,38.0,251,0.0,3,0.0,30.4,69.0,7,185,Monsoon
32.1,28.4,29.9,999.5,76,62,40.3,246,0.2,51,0.0,30.3,71.0,7,186,Monsoon
32.8,28.2,30.0,996.2,79,21,38.5,239,0.0,2,0.2,29.9,76.0,7,187,Monsoon
33.1,28.2,30.0,996.3,79,30,31.8,237,0.0,2,0.0,30.0,79.0,7,188,Monsoon
32.0,27.7,29.4,999.9,79,72,25.0,240,0.4,51,0.0,30.0,79.0,7,189,Monsoon
31.2,27.6,29.0,1001.3,78,56,33.8,249,0.0,3,0.4,29.4,79.0,7,190,Monsoon
31.5,27.1,29.0,997.4,78,60,36.0,251,0.0,3,0.0,29.0,78.0,7,191,Monsoon
32.4,27.3,29.4,997.4,78,53,26.0,223,0.0,3,0.0,29.0,78.0,7,192,Monsoon
32.7,27.5,29.7,1001.2,77,40,22.7,204,0.0,3,0.0,29.4,78.0,7,193,Monsoon
32.6,27.6,29.6,1002.4,75,81,22.8,239,0.0,3,0.0,29.7,77.0,7,194,Monsoon
31.7,27.7,29.3,1001.8,74,68,27.9,246,0.0,3,0.0,29.6,75.0,7,195,Monsoon
31.1,27.3,29.0,998.3,75,65,33.1,250,0.0,3,0.0,29.3,74.0,7,196,Monsoon
32.3,27.7,29.5,994.5,77,69,32.3,245,0.0,3,0.0,29.0,75.0,7,197,Monsoon
32.0,27.1,29.3,994.6,82,79,24.6,221,0.1,51,0.0,29.5,77.0,7,198,Monsoon
31.3,27.3,28.9,997.9,80,89,23.0,220,0.0,3,0.1,29.3,82.0,7,199,Monsoon
31.0,27.0,28.7,998.2,79,75,27.0,241,0.4,51,0.0,28.9,80.0,7,200,Monsoon
31.9,27.1,29.0,998.4,78,78,24.6,238,0.1,51,0.4,28.7,79.0,7,201,Monsoon
32.9,27.4,29.7,999.3,76,80,21.4,240,0.0,3,0.1,29.0,78.0,7,202,Monsoon
31.1,28.0,29.0,1000.5,83,100,18.4,248,7.1,63,0.0,29.7,76.0,7,203,Monsoon
29.0,27.5,28.0,1000.8,86,100,20.5,272,9.9,63,7.1,29.0,83.0,7,204,Monsoon
30.6,26.8,28.3,1001.7,85,99,20.2,270,0.5,51,9.9,28.0,86.0,7,205,Monsoon
30.3,27.4,28.5,1000.8,86,98,25.8,247,0.2,51,0.5,28.3,85.0,7,206,Monsoon
29.9,27.1,28.3,999.1,84,92,30.4,254,0.7,51,0.2,28.5,86.0,7,207,Monsoon
27.6,26.9,27.2,999.6,89,100,26.2,269,11.7,61,0.7,28.3,84.0,7,208,Monsoon
29.0,26.6,27.5,999.0,87,99,29.0,261,0.4,51,11.7,27.2,89.0,7,209,Monsoon
29.0,26.1,27.3,999.9,87,72,29.2,248,1.0,51,0.4,27.5,87.0,7,210,Monsoon
28.8,26.0,27.1,1000.8,86,74,32.6,242,0.9,51,1.0,27.3,87.0,7,211,Monsoon
29.1,26.0,27.1,1000.7,86,86,34.6,246,1.1,51,0.9,27.1,86.0,7,212,Monsoon
28.7,25.9,27.1,1002.4,85,65,34.5,247,0.3,51,1.1,27.1,86.0,8,213,Monsoon
29.2,25.9,27.3,1004.5,83,58,28.9,249,0.0,3,0.3,27.1,85.0,8,214,Monsoon
29.7,25.8,27.4,1004.6,81,53,23.5,250,0.0,3,0.0,27.3,83.0,8,215,Monsoon
29.8,25.9,27.5,1003.3,80,55,30.4,257,0.0,3,0.0,27.4,81.0,8,216,Monsoon
29.9,25.8,27.4,1000.9,79,69,33.0,258,0.0,3,0.0,27.5,80.0,8,217,Monsoon
29.9,25.7,27.6,999.7,79,60,25.6,252,0.0,3,0.0,27.4,79.0,8,218,Monsoon
30.8,26.0,28.0,1000.2,80,65,22.9,245,0.0,3,0.0,27.6,79.0,8,219,Monsoon
31.0,26.2,28.2,1000.9,80,82,22.2,242,0.0,3,0.0,28.0,80.0,8,220,Monsoon
31.2,26.2,28.3,999.4,78,71,17.9,228,0.0,3,0.0,28.2,80.0,8,221,Monsoon
32.0,25.9,28.5,999.3,77,62,19.7,215,0.0,3,0.0,28.3,78.0,8,222,Monsoon
32.2,26.6,28.9,1002.2,77,47,20.3,215,0.0,3,0.0,28.5,77.0,8,223,Monsoon
31.8,27.0,29.0,1003.6,76,79,21.1,241,0.0,3,0.0,28.9,77.0,8,224,Monsoon
31.8,26.9,29.0,1003.3,76,57,21.5,257,0.3,51,0.0,29.0,76.0,8,225,Monsoon
32.3,27.3,29.3,1002.4,77,66,21.7,251,0.0,3,0.3,29.0,76.0,8,226,Monsoon
32.5,27.0,29.4,1003.2,77,38,23.1,250,0.0,2,0.0,29.3,77.0,8,227,Monsoon
32.1,27.3,29.4,1004.6,75,47,23.2,251,0.0,2,0.0,29.4,77.0,8,228,Monsoon
31.6,27.1,29.2,1003.6,75,50,26.1,255,0.0,3,0.0,29.4,75.0,8,229,Monsoon
32.2,27.2,29.2,1004.4,75,38,26.4,257,0.0,3,0.0,29.2,75.0,8,230,Monsoon
31.2,27.1,28.7,1005.5,74,44,32.6,252,0.0,2,0.0,29.2,75.0,8,231,Monsoon
30.5,27.0,28.4,1004.4,74,44,36.6,257,0.0,2,0.0,28.7,74.0,8,232,Monsoon
30.3,26.7,28.1,1003.3,79,49,36.6,253,0.7,51,0.0,28.4,74.0,8,233,Monsoon
29.9,26.6,28.0,1002.7,81,61,34.9,251,0.3,51,0.7,28.1,79.0,8,234,Monsoon
29.9,26.4,27.8,1002.6,82,71,31.6,247,0.1,51,0.3,28.0,81.0,8,235,Monsoon
29.8,26.3,27.8,1004.1,82,65,28.8,246,0.1,51,0.1,27.8,82.0,8,236,Monsoon
29.8,26.3,27.7,1004.5,82,57,25.2,247,0.2,51,0.1,27.8,82.0,8,237,Monsoon
30.3,26.2,27.8,1003.4,80,58,26.4,250,0.0,3,0.2,27.7,82.0,8,238,Monsoon
30.8,26.4,28.2,1002.7,80,58,21.3,241,0.0,3,0.0,27.8,80.0,8,239,Monsoon
30.5,26.3,28.2,1003.7,80,56,20.2,233,0.0,3,0.0,28.2,80.0,8,240,Monsoon
30.8,25.9,28.0,1003.9,80,48,22.1,246,0.0,3,0.0,28.2,80.0,8,241,Monsoon
30.3,26.0,27.6,1003.2,80,56,23.4,239,0.0,3,0.0,28.0,80.0,8,242,Monsoon
30.2,25.4,27.3,1003.8,81,56,24.1,222,0.0,3,0.0,27.6,80.0,8,243,Monsoon
29.8,25.0,27.1,1004.1,77,34,21.8,235,0.0,2,0.0,27.3,81.0,9,244,Monsoon
30.1,25.0,27.4,1003.8,70,36,23.4,244,0.0,2,0.0,27.1,77.0,9,245,Monsoon
30.3,25.4,27.7,1005.8,71,44,20.8,239,0.0,3,0.0,27.4,70.0,9,246,Monsoon
30.6,24.5,27.4,1010.0,73,33,18.2,241,0.0,3,0.0,27.7,71.0,9,247,Monsoon
30.9,25.1,27.6,1010.5,72,14,22.0,251,0.0,1,0.0,27.4,73.0,9,248,Monsoon
30.7,26.4,28.0,1008.7,71,35,28.7,255,0.0,2,0.0,27.6,72.0,9,249,Monsoon
30.7,26.1,28.0,1007.5,74,44,24.2,251,0.0,2,0.0,28.0,71.0,9,250,Monsoon
31.6,26.1,28.4,1007.6,74,41,19.4,242,0.0,2,0.0,28.0,74.0,9,251,Monsoon
31.6,26.1,28.4,1008.1,75,31,19.6,248,0.0,2,0.0,28.4,74.0,9,252,Monsoon
31.7,25.9,28.5,1008.6,75,16,18.1,250,0.0,2,0.0,28.4,75.0,9,253,Monsoon
32.7,25.2,28.5,1008.7,75,5,18.4,245,0.0,1,0.0,28.5,75.0,9,254,Monsoon
33.0,25.7,28.7,1008.1,72,18,20.0,263,0.0,2,0.0,28.5,75.0,9,255,Monsoon
32.3,25.9,28.5,1008.6,75,34,23.1,261,0.0,2,0.0,28.7,72.0,9,256,Monsoon
31.4,26.4,28.5,1006.7,76,41,28.7,257,0.0,3,0.0,28.5,75.0,9,257,Monsoon
31.7,26.5,28.6,1004.5,79,48,24.5,243,0.0,2,0.0,28.5,76.0,9,258,Monsoon
31.4,26.0,28.2,1004.8,78,32,20.6,242,0.0,3,0.0,28.6,79.0,9,259,Monsoon
32.3,26.1,28.6,1005.1,76,18,21.3,259,0.0,1,0.0,28.2,78.0,9,260,Monsoon
35.5,25.6,30.0,1004.8,72,86,21.3,283,0.0,3,0.0,28.6,76.0,9,261,Monsoon
38.9,27.7,32.2,1002.3,61,60,17.7,308,0.0,3,0.0,30.0,72.0,9,262,Monsoon
40.5,29.0,34.0,1000.4,48,39,17.7,356,0.0,3,0.0,32.2,61.0,9,263,Monsoon
37.6,29.6,32.6,1000.7,60,53,17.3,26,0.1,51,0.0,34.0,48.0,9,264,Monsoon
34.4,26.5,29.9,1002.4,63,3,23.9,208,0.0,1,0.1,32.6,60.0,9,265,Monsoon
33.3,26.4,29.0,1005.3,65,0,25.0,228,0.0,0,0.0,29.9,63.0,9,266,Monsoon
30.8,25.8,27.8,1007.0,79,26,27.3,245,0.0,2,0.0,29.0,65.0,9,267,Monsoon
30.7,25.8,27.8,1005.8,76,25,31.8,253,0.0,2,0.0,27.8,79.0,9,268,Monsoon
30.9,25.9,28.0,1006.3,75,32,31.1,254,0.0,2,0.0,27.8,76.0,9,269,Monsoon
31.4,25.7,28.0,1007.9,75,23,22.3,251,0.0,2,0.0,28.0,75.0,9,270,Monsoon
31.4,24.7,27.5,1009.0,77,28,17.7,243,0.0,3,0.0,28.0,75.0,9,271,Monsoon
33.0,24.0,28.0,1010.4,71,21,19.1,263,0.0,2,0.0,27.5,77.0,9,272,Monsoon
37.9,24.8,31.5,1012.2,47,0,14.3,336,0.0,0,0.0,28.0,71.0,9,273,Monsoon
38.6,26.3,32.3,1011.8,40,0,19.8,306,0.0,0,0.0,31.5,47.0,10,274,PostMonsoon
37.8,25.1,31.0,1011.3,53,13,18.1,276,0.0,2,0.0,32.3,40.0,10,275,PostMonsoon
35.0,25.9,29.7,1009.9,65,16,24.3,265,0.0,3,0.0,31.0,53.0,10,276,PostMonsoon
32.5,26.2,28.7,1008.8,81,21,21.3,231,0.0,2,0.0,29.7,65.0,10,277,PostMonsoon
32.2,26.0,28.3,1009.6,79,36,16.6,216,0.0,3,0.0,28.7,81.0,10,278,PostMonsoon
32.0,25.2,27.8,1009.8,79,35,18.7,251,0.0,3,0.0,28.3,79.0,10,279,PostMonsoon
32.5,24.7,28.2,1009.9,77,22,19.3,257,0.0,2,0.0,27.8,79.0,10,280,PostMonsoon
33.4,24.6,28.7,1009.7,77,24,20.2,264,0.0,3,0.0,28.2,77.0,10,281,PostMonsoon
32.3,25.8,28.4,1007.2,78,24,22.9,259,0.0,3,0.0,28.7,77.0,10,282,PostMonsoon
31.7,26.4,28.6,1006.3,77,30,26.1,246,0.0,2,0.0,28.4,78.0,10,283,PostMonsoon
31.5,26.3,28.7,1008.2,76,32,20.6,228,0.0,2,0.0,28.6,77.0,10,284,PostMonsoon
31.9,25.9,28.5,1011.1,75,31,17.8,235,0.0,2,0.0,28.7,76.0,10,285,PostMonsoon
31.9,25.6,27.9,1011.9,73,30,18.5,257,0.0,3,0.0,28.5,75.0,10,286,PostMonsoon
32.7,23.9,28.1,1012.9,73,18,20.5,271,0.0,3,0.0,27.9,73.0,10,287,PostMonsoon
34.1,24.8,29.2,1013.2,71,30,20.5,276,0.0,3,0.0,28.1,73.0,10,288,PostMonsoon
35.2,25.2,29.6,1013.4,72,28,20.3,275,0.0,3,0.0,29.2,71.0,10,289,PostMonsoon
35.0,24.8,29.6,1013.1,72,7,20.8,274,0.0,1,0.0,29.6,72.0,10,290,PostMonsoon
33.9,25.6,29.1,1013.2,74,19,18.8,270,0.0,3,0.0,29.6,72.0,10,291,PostMonsoon
32.6,26.8,28.9,1012.8,77,25,21.1,263,0.0,3,0.0,29.1,74.0,10,292,PostMonsoon
33.1,25.2,28.9,1011.2,76,29,18.4,255,0.0,2,0.0,28.9,77.0,10,293,PostMonsoon
33.9,25.2,29.4,1011.1,72,21,14.3,259,0.3,51,0.0,28.9,76.0,10,294,PostMonsoon
34.6,25.5,29.7,1012.5,66,2,17.9,285,0.0,0,0.3,29.4,72.0,10,295,PostMonsoon
34.6,24.6,29.0,1012.2,67,25,19.2,282,0.0,3,0.0,29.7,66.0,10,296,PostMonsoon
31.9,23.9,27.9,1010.6,78,20,22.6,261,0.0,3,0.0,29.0,67.0,10,297,PostMonsoon
32.3,26.2,28.7,1010.5,72,7,22.1,250,0.0,1,0.0,27.9,78.0,10,298,PostMonsoon
33.5,23.5,28.7,1013.7,59,6,19.7,70,0.0,1,0.0,28.7,72.0,10,299,PostMonsoon
32.9,23.9,28.4,1014.7,48,3,24.8,55,0.0,0,0.0,28.7,59.0,10,300,PostMonsoon
32.8,24.1,28.3,1014.7,45,3,22.9,59,0.0,0,0.0,28.4,48.0,10,301,PostMonsoon
32.4,22.5,27.3,1015.5,37,0,21.0,62,0.0,0,0.0,28.3,45.0,10,302,PostMonsoon
32.4,21.6,27.0,1015.3,36,1,21.1,57,0.0,0,0.0,27.3,37.0,10,303,PostMonsoon
32.8,22.5,27.6,1014.4,34,0,21.9,59,0.0,0,0.0,27.0,36.0,10,304,PostMonsoon
32.9,22.9,27.6,1014.1,36,0,21.5,54,0.0,0,0.0,27.6,34.0,11,305,PostMonsoon
32.9,23.4,28.1,1014.2,37,0,21.5,50,0.0,0,0.0,27.6,36.0,11,306,PostMonsoon
33.0,22.7,27.8,1014.1,46,0,16.6,0,0.0,0,0.0,28.1,37.0,11,307,PostMonsoon
32.9,22.6,27.5,1012.6,64,2,22.5,272,0.0,1,0.0,27.8,46.0,11,308,PostMonsoon
34.8,23.8,28.9,1012.0,54,5,16.3,322,0.0,2,0.0,27.5,64.0,11,309,PostMonsoon
32.5,22.3,27.2,1012.7,36,0,22.0,73,0.0,0,0.0,28.9,54.0,11,310,PostMonsoon
31.5,21.5,26.4,1013.9,36,0,17.9,51,0.0,0,0.0,27.2,36.0,11,311,PostMonsoon
31.1,19.5,25.6,1015.3,52,0,13.1,7,0.0,0,0.0,26.4,36.0,11,312,PostMonsoon
31.1,19.7,25.6,1014.8,54,0,12.9,351,0.0,0,0.0,25.6,52.0,11,313,PostMonsoon
31.7,20.4,26.2,1013.8,56,0,14.2,34,0.0,0,0.0,25.6,54.0,11,314,PostMonsoon
32.5,21.7,27.0,1014.4,47,0,18.5,56,0.0,0,0.0,26.2,56.0,11,315,PostMonsoon
32.2,22.4,27.0,1015.3,50,10,18.3,52,0.0,2,0.0,27.0,47.0,11,316,PostMonsoon
31.0,21.7,26.2,1015.3,68,1,19.7,276,0.0,0,0.0,27.0,50.0,11,317,PostMonsoon
30.5,22.1,26.2,1012.5,77,11,20.5,242,0.0,1,0.0,26.2,68.0,11,318,PostMonsoon
30.5,22.3,26.0,1012.1,67,7,16.6,277,0.0,1,0.0,26.2,77.0,11,319,PostMonsoon
32.3,21.3,26.7,1013.7,55,0,15.3,44,0.0,0,0.0,26.0,67.0,11,320,PostMonsoon
31.5,21.3,26.4,1013.7,45,3,12.4,3,0.0,1,0.0,26.7,55.0,11,321,PostMonsoon
31.4,19.5,25.7,1014.8,41,3,12.8,69,0.0,1,0.0,26.4,45.0,11,322,PostMonsoon
31.3,20.7,25.8,1015.9,32,5,20.1,65,0.0,1,0.0,25.7,41.0,11,323,PostMonsoon
30.8,19.7,25.3,1014.6,35,0,18.7,59,0.0,0,0.0,25.8,32.0,11,324,PostMonsoon
30.6,20.1,25.3,1013.7,33,0,21.1,46,0.0,0,0.0,25.3,35.0,11,325,PostMonsoon
30.5,19.7,24.9,1013.5,40,0,18.6,27,0.0,0,0.0,25.3,33.0,11,326,PostMonsoon
31.2,19.2,24.9,1014.4,44,1,13.5,39,0.0,1,0.0,24.9,40.0,11,327,PostMonsoon
30.4,21.2,25.2,1015.3,41,6,24.8,47,0.0,2,0.0,24.9,44.0,11,328,PostMonsoon
30.2,20.7,24.9,1015.7,40,62,19.5,28,0.0,3,0.0,25.2,41.0,11,329,PostMonsoon
30.2,18.5,23.8,1015.6,39,58,13.6,22,0.0,3,0.0,24.9,40.0,11,330,PostMonsoon
27.0,15.7,21.5,1014.6,38,72,13.1,347,0.0,3,0.0,23.8,39.0,11,331,PostMonsoon
27.9,16.0,22.0,1015.3,51,0,11.5,36,0.0,0,0.0,21.5,38.0,11,332,PostMonsoon
27.9,18.6,22.6,1017.5,35,0,23.8,53,0.0,0,0.0,22.0,51.0,11,333,PostMonsoon
29.0,18.3,23.3,1017.7,35,0,17.1,35,0.0,0,0.0,22.6,35.0,11,334,PostMonsoon
28.8,17.6,22.9,1016.3,46,0,17.8,334,0.0,0,0.0,23.3,35.0,12,335,Winter
28.9,15.5,22.4,1016.1,58,0,10.1,58,0.0,0,0.0,22.9,46.0,12,336,Winter
29.5,15.7,22.7,1017.4,45,0,12.6,348,0.0,0,0.0,22.4,58.0,12,337,Winter
28.3,18.0,22.7,1014.6,68,3,18.8,282,0.0,1,0.0,22.7,45.0,12,338,Winter
27.7,19.3,23.3,1014.5,77,6,11.3,265,0.0,1,0.0,22.7,68.0,12,339,Winter
28.6,17.8,23.1,1015.1,64,25,9.9,4,0.0,3,0.0,23.3,77.0,12,340,Winter
28.0,16.9,22.5,1015.4,63,53,9.2,18,0.0,3,0.0,23.1,64.0,12,341,Winter
27.3,17.3,22.4,1015.3,58,28,11.8,16,0.0,3,0.0,22.5,63.0,12,342,Winter
26.9,19.5,22.9,1013.6,66,12,18.5,288,0.0,1,0.0,22.4,58.0,12,343,Winter
25.0,15.6,20.6,1014.9,38,0,18.6,331,0.0,0,0.0,22.9,66.0,12,344,Winter
24.0,15.2,19.5,1013.9,29,0,22.7,355,0.0,0,0.0,20.6,38.0,12,345,Winter
24.9,13.7,19.0,1014.4,39,8,16.0,69,0.0,2,0.0,19.5,29.0,12,346,Winter
24.2,12.1,18.5,1015.3,44,0,11.9,25,0.0,0,0.0,19.0,39.0,12,347,Winter
25.0,14.3,19.0,1017.5,38,0,20.8,58,0.0,0,0.0,18.5,44.0,12,348,Winter
24.7,13.0,18.8,1016.3,40,14,14.8,48,0.0,1,0.0,19.0,38.0,12,349,Winter
24.7,14.6,20.0,1014.4,65,38,23.2,286,0.0,2,0.0,18.8,40.0,12,350,Winter
26.3,14.8,20.6,1016.1,46,16,15.6,36,0.0,2,0.0,20.0,65.0,12,351,Winter
25.1,14.7,19.5,1018.9,36,53,18.5,55,0.0,3,0.0,20.6,46.0,12,352,Winter
24.6,12.2,18.7,1018.1,54,52,13.1,358,0.0,3,0.0,19.5,36.0,12,353,Winter
25.3,13.3,19.7,1017.7,58,0,12.5,57,0.0,0,0.0,18.7,54.0,12,354,Winter
24.6,14.1,19.4,1017.7,45,66,13.4,65,0.0,3,0.0,19.7,58.0,12,355,Winter
25.3,14.4,20.0,1018.6,68,52,13.1,295,0.0,3,0.0,19.4,45.0,12,356,Winter
26.3,16.2,20.8,1021.0,43,0,17.7,27,0.0,0,0.0,20.0,68.0,12,357,Winter
23.8,13.8,18.5,1022.5,33,1,20.6,66,0.0,0,0.0,20.8,43.0,12,358,Winter
24.2,12.6,18.2,1021.2,36,11,13.1,70,0.0,2,0.0,18.5,33.0,12,359,Winter
24.6,14.8,19.1,1020.5,38,88,18.0,63,0.0,3,0.0,18.2,36.0,12,360,Winter
25.9,13.5,19.6,1020.7,50,63,9.8,27,0.0,3,0.0,19.1,38.0,12,361,Winter
28.9,14.6,21.3,1021.1,48,44,11.5,53,0.0,3,0.0,19.6,50.0,12,362,Winter
28.3,15.7,21.7,1019.1,53,12,11.9,347,0.0,1,0.0,21.3,48.0,12,363,Winter
27.6,15.8,21.6,1016.1,77,1,11.3,303,0.0,0,0.0,21.7,53.0,12,364,Winter
28.4,19.2,22.9,1018.4,47,49,26.0,55,0.0,3,0.0,21.6,77.0,12,365,Winter
28.9,17.3,22.5,1020.1,45,3,18.8,45,0.0,0,0.0,22.9,47.0,1,1,Winter
28.1,14.7,21.3,1020.3,57,14,10.8,351,0.0,2,0.0,22.5,45.0,1,2,Winter
27.3,14.8,20.9,1018.7,63,0,12.9,321,0.0,0,0.0,21.3,57.0,1,3,Winter
26.3,16.9,21.5,1017.5,80,26,19.4,280,0.0,2,0.0,20.9,63.0,1,4,Winter
27.4,18.5,22.7,1017.0,76,14,13.5,289,0.0,3,0.0,21.5,80.0,1,5,Winter
25.3,17.8,21.5,1016.3,73,41,15.8,182,0.3,51,0.0,22.7,76.0,1,6,Winter
25.1,18.9,22.0,1018.3,71,30,9.4,315,0.2,51,0.3,21.5,73.0,1,7,Winter
25.2,15.6,20.6,1019.8,69,0,13.0,328,0.0,0,0.2,22.0,71.0,1,8,Winter
25.0,15.3,20.2,1016.7,77,7,16.7,282,0.0,1,0.0,20.6,69.0,1,9,Winter
25.2,18.1,21.4,1015.7,73,10,16.7,264,0.0,1,0.0,20.2,77.0,1,10,Winter
26.2,17.8,21.7,1016.2,77,17,18.9,265,0.0,2,0.0,21.4,73.0,1,11,Winter
27.5,19.0,22.7,1014.2,57,4,16.3,310,0.0,1,0.0,21.7,77.0,1,12,Winter
25.9,17.0,21.1,1015.4,44,6,21.4,63,0.0,3,0.0,22.7,57.0,1,13,Winter
24.8,15.2,20.1,1015.5,52,20,12.3,358,0.0,2,0.0,21.1,44.0,1,14,Winter
25.1,14.9,20.0,1015.8,56,0,12.7,55,0.0,0,0.0,20.1,52.0,1,15,Winter
24.2,14.1,19.5,1014.6,66,1,18.5,271,0.0,0,0.0,20.0,56.0,1,16,Winter
25.7,18.5,21.7,1012.0,70,4,13.8,239,0.0,0,0.0,19.5,66.0,1,17,Winter
25.7,16.5,21.1,1012.8,62,12,13.0,46,0.0,1,0.0,21.7,70.0,1,18,Winter
25.2,16.3,20.7,1014.9,52,0,11.4,16,0.0,0,0.0,21.1,62.0,1,19,Winter
24.1,15.1,19.5,1018.7,59,0,13.8,36,0.0,0,0.0,20.7,52.0,1,20,Winter
24.5,16.1,20.1,1018.7,67,0,16.5,266,0.0,0,0.0,19.5,59.0,1,21,Winter
24.7,14.0,20.0,1017.4,73,2,16.8,225,0.0,0,0.0,20.1,67.0,1,22,Winter
25.0,14.7,20.5,1018.4,67,8,10.5,70,0.0,2,0.0,20.0,73.0,1,23,Winter
24.2,15.0,19.7,1018.4,65,0,11.1,15,0.0,0,0.0,20.5,67.0,1,24,Winter
23.4,14.9,19.5,1016.0,77,20,15.2,269,0.0,3,0.0,19.7,65.0,1,25,Winter
25.0,19.6,22.0,1014.0,69,38,20.1,268,0.0,3,0.0,19.5,77.0,1,26,Winter
26.1,18.8,22.4,1014.6,75,26,16.6,178,0.0,2,0.0,22.0,69.0,1,27,Winter
25.4,18.5,21.8,1015.9,74,38,16.5,181,0.0,3,0.0,22.4,75.0,1,28,Winter
26.1,20.3,22.9,1016.1,75,27,25.5,259,0.7,51,0.0,21.8,74.0,1,29,Winter
27.0,20.6,23.3,1016.0,60,0,20.2,270,0.0,0,0.7,22.9,75.0,1,30,Winter
27.4,16.5,22.4,1016.1,64,14,11.9,359,0.0,2,0.0,23.3,60.0,1,31,Winter
26.2,17.9,21.9,1017.6,60,29,16.9,345,0.0,3,0.0,22.4,64.0,2,32,Winter
25.8,15.9,21.0,1017.9,60,59,13.9,310,0.0,3,0.0,21.9,60.0,2,33,Winter
26.4,14.6,20.8,1018.3,50,11,9.8,16,0.0,2,0.0,21.0,60.0,2,34,Winter
25.8,14.0,20.2,1017.1,57,1,14.3,312,0.0,1,0.0,20.8,50.0,2,35,Winter
25.4,15.4,20.8,1014.7,70,3,16.0,271,0.0,1,0.0,20.2,57.0,2,36,Winter
26.7,17.1,21.6,1012.4,49,2,19.8,330,0.0,0,0.0,20.8,70.0,2,37,Winter
27.5,14.7,21.2,1015.6,61,0,15.6,306,0.0,0,0.0,21.6,49.0,2,38,Winter
27.8,14.4,21.4,1016.6,51,19,14.6,324,0.0,3,0.0,21.2,61.0,2,39,Winter
26.5,16.2,21.4,1015.0,53,1,17.9,283,0.0,1,0.0,21.4,51.0,2,40,Winter
26.0,19.5,22.3,1012.4,67,1,23.0,273,0.0,0,0.0,21.4,53.0,2,41,Winter
25.1,16.7,20.6,1011.8,32,0,21.6,306,0.0,0,0.0,22.3,67.0,2,42,Winter
25.7,17.1,21.2,1012.1,50,9,20.6,284,0.0,2,0.0,20.6,32.0,2,43,Winter
25.0,16.2,20.4,1015.6,44,12,17.8,72,0.0,2,0.0,21.2,50.0,2,44,Winter
25.4,14.6,20.2,1017.5,46,0,13.5,26,0.0,0,0.0,20.4,44.0,2,45,Winter
26.1,14.2,20.5,1018.3,44,1,10.6,34,0.0,0,0.0,20.2,46.0,2,46,Winter
26.3,16.5,21.0,1018.7,33,29,25.7,44,0.0,3,0.0,20.5,44.0,2,47,Winter
27.3,17.6,22.1,1017.4,29,13,35.2,42,0.0,2,0.0,21.0,33.0,2,48,Winter
28.1,19.9,23.4,1015.0,27,51,35.6,41,0.0,3,0.0,22.1,29.0,2,49,Winter
28.4,19.4,23.3,1015.4,36,40,21.3,323,0.0,3,0.0,23.4,27.0,2,50,Winter
29.5,17.4,23.2,1017.4,58,0,13.0,292,0.0,0,0.0,23.3,36.0,2,51,Winter
29.3,15.1,22.3,1016.9,50,0,20.2,292,0.0,0,0.0,23.2,58.0,2,52,Winter
29.0,16.9,22.7,1016.7,61,1,16.3,285,0.0,1,0.0,22.3,50.0,2,53,Winter
29.5,16.8,22.6,1015.0,70,43,19.1,287,0.0,3,0.0,22.7,61.0,2,54,Winter
28.6,16.8,22.1,1012.4,75,75,15.7,258,0.0,3,0.0,22.6,70.0,2,55,Winter
29.6,16.1,22.5,1013.0,71,73,13.3,221,0.0,3,0.0,22.1,75.0,2,56,Winter
33.6,17.2,25.8,1016.0,47,9,15.7,46,0.0,3,0.0,22.5,71.0,2,57,Winter
33.8,20.3,26.9,1016.8,33,0,13.3,13,0.0,0,0.0,25.8,47.0,2,58,Winter
33.1,18.1,25.7,1016.6,43,18,18.7,294,0.0,2,0.0,26.9,33.0,2,59,Winter
32.5,17.8,25.1,1016.2,50,22,12.9,296,0.0,3,0.0,25.7,43.0,2,60,Winter
32.9,19.0,25.8,1014.2,51,69,22.4,316,0.0,3,0.0,25.1,50.0,3,61,HotDry
32.3,21.1,26.7,1013.4,49,16,22.1,305,0.0,2,0.0,25.8,51.0,3,62,HotDry
32.8,20.2,26.6,1015.3,54,15,17.8,313,0.0,1,0.0,26.7,49.0,3,63,HotDry
30.0,21.2,25.5,1013.7,52,25,22.9,275,0.0,2,0.0,26.6,54.0,3,64,HotDry
30.7,20.4,25.1,1011.5,64,9,23.9,273,0.0,2,0.0,25.5,52.0,3,65,HotDry
29.5,20.4,24.8,1012.5,73,55,16.8,235,0.0,3,0.0,25.1,64.0,3,66,HotDry
30.3,22.0,25.9,1014.2,56,81,28.0,70,0.0,3,0.0,24.8,73.0,3,67,HotDry
28.1,20.3,24.5,1013.2,62,65,20.1,263,0.0,3,0.0,25.9,56.0,3,68,HotDry
28.3,21.0,24.3,1012.5,74,37,22.2,271,0.0,3,0.0,24.5,62.0,3,69,HotDry
28.2,22.5,24.8,1013.0,76,78,23.8,253,0.0,3,0.0,24.3,74.0,3,70,HotDry
25.7,22.2,23.4,1012.9,79,53,25.9,260,4.9,61,0.0,24.8,76.0,3,71,HotDry
27.9,21.9,24.3,1010.8,72,8,27.3,262,0.0,3,4.9,23.4,79.0,3,72,HotDry
27.8,22.3,24.5,1010.6,74,15,25.7,258,0.0,2,0.0,24.3,72.0,3,73,HotDry
29.3,20.5,24.2,1013.1,78,26,23.1,252,0.0,3,0.0,24.5,74.0,3,74,HotDry
30.3,19.8,24.8,1013.6,70,41,22.1,270,0.0,3,0.0,24.2,78.0,3,75,HotDry
29.5,20.9,25.0,1012.7,74,22,22.9,267,0.0,3,0.0,24.8,70.0,3,76,HotDry
29.6,24.1,26.1,1010.4,76,33,31.2,246,0.0,2,0.0,25.0,74.0,3,77,HotDry
30.7,23.6,26.6,1010.0,66,1,27.4,255,0.0,0,0.0,26.1,76.0,3,78,HotDry
30.3,24.3,26.9,1010.3,59,3,34.3,257,0.0,0,0.0,26.6,66.0,3,79,HotDry
31.2,22.8,26.5,1011.1,59,0,25.2,264,0.0,0,0.0,26.9,59.0,3,80,HotDry
34.0,18.3,26.5,1012.6,62,1,17.8,284,0.0,0,0.0,26.5,59.0,3,81,HotDry
34.1,20.7,26.9,1012.6,57,1,22.7,257,0.0,0,0.0,26.5,62.0,3,82,HotDry
32.8,19.9,26.3,1010.9,63,22,21.6,276,0.0,2,0.0,26.9,57.0,3,83,HotDry
32.7,24.4,27.8,1012.2,56,77,22.9,276,0.0,3,0.0,26.3,63.0,3,84,HotDry
32.7,23.6,27.3,1013.7,63,52,18.7,267,0.0,3,0.0,27.8,56.0,3,85,HotDry
33.1,23.5,27.6,1015.2,54,0,22.3,347,0.0,0,0.0,27.3,63.0,3,86,HotDry
33.1,21.5,27.1,1014.3,55,16,21.3,281,0.0,3,0.0,27.6,54.0,3,87,HotDry
32.9,20.9,26.5,1013.3,56,94,18.8,281,0.0,3,0.0,27.1,55.0,3,88,HotDry
30.4,21.4,25.5,1012.8,65,59,23.8,267,0.0,3,0.0,26.5,56.0,3,89,HotDry
30.0,23.0,26.0,1011.9,76,29,24.4,262,0.0,3,0.0,25.5,65.0,3,90,HotDry
30.1,23.9,26.4,1010.6,78,80,25.7,260,0.0,3,0.0,26.0,76.0,3,91,HotDry
30.7,24.1,26.7,1008.6,80,76,23.3,256,0.0,3,0.0,26.4,78.0,4,92,HotDry
31.0,24.2,27.0,1009.2,76,99,24.7,258,0.0,3,0.0,26.7,80.0,4,93,HotDry
29.3,24.8,26.8,1010.8,65,100,30.8,257,0.0,3,0.0,27.0,76.0,4,94,HotDry
30.3,22.6,25.8,1010.5,69,28,24.7,263,0.0,3,0.0,26.8,65.0,4,95,HotDry
29.3,22.5,25.6,1009.1,67,72,27.3,260,0.0,3,0.0,25.8,69.0,4,96,HotDry
29.2,22.9,25.6,1010.3,63,3,24.1,262,0.0,1,0.0,25.6,67.0,4,97,HotDry
30.7,22.1,25.9,1010.4,67,8,26.8,267,0.0,2,0.0,25.6,63.0,4,98,HotDry
31.0,22.8,26.2,1010.4,72,12,25.8,268,0.0,2,0.0,25.9,67.0,4,99,HotDry
32.4,24.2,27.8,1011.1,65,91,24.1,290,0.0,3,0.0,26.2,72.0,4,100,HotDry
30.9,24.5,27.1,1012.9,71,38,24.9,273,0.0,3,0.0,27.8,65.0,4,101,HotDry
31.9,24.2,27.2,1012.5,71,35,24.8,269,0.0,3,0.0,27.1,71.0,4,102,HotDry
32.5,23.0,27.2,1010.7,71,1,25.8,269,0.0,0,0.0,27.2,71.0,4,103,HotDry
33.2,24.0,27.6,1008.6,73,2,27.4,269,0.0,0,0.0,27.2,71.0,4,104,HotDry
32.2,24.5,27.7,1007.0,77,12,29.1,262,0.0,2,0.0,27.6,73.0,4,105,HotDry
32.1,25.3,28.2,1007.4,74,62,34.6,255,0.0,3,0.0,27.7,77.0,4,106,HotDry
33.0,25.4,28.8,1005.5,70,91,31.8,253,0.0,3,0.0,28.2,74.0,4,107,HotDry
31.9,25.2,28.5,1005.2,54,50,40.2,264,0.0,3,0.0,28.8,70.0,4,108,HotDry
29.9,23.9,26.5,1007.4,68,84,22.1,255,0.0,3,0.0,28.5,54.0,4,109,HotDry
31.9,23.8,27.0,1008.4,65,73,25.2,267,0.0,3,0.0,26.5,68.0,4,110,HotDry
32.1,23.0,27.1,1010.9,65,25,24.7,271,0.0,3,0.0,27.0,65.0,4,111,HotDry
31.8,23.5,27.2,1008.5,69,1,27.2,261,0.0,0,0.0,27.1,65.0,4,112,HotDry
37.3,24.8,29.7,1006.1,58,15,26.4,270,0.0,2,0.0,27.2,69.0,4,113,HotDry
36.7,24.4,29.3,1004.9,58,0,25.0,269,0.0,0,0.0,29.7,58.0,4,114,HotDry
37.2,23.9,29.3,1003.8,56,35,24.7,258,0.0,3,0.0,29.3,58.0,4,115,HotDry
34.2,24.7,28.8,1005.0,63,6,29.1,240,0.0,1,0.0,29.3,56.0,4,116,HotDry
34.4,25.2,29.2,1008.5,63,0,25.0,258,0.0,0,0.0,28.8,63.0,4,117,HotDry
34.1,24.2,28.5,1008.8,70,1,26.3,270,0.0,0,0.0,29.2,63.0,4,118,HotDry
34.0,23.9,28.7,1007.1,70,2,23.7,258,0.0,1,0.0,28.5,70.0,4,119,HotDry
33.8,24.5,28.8,1006.9,72,3,21.9,249,0.0,1,0.0,28.7,70.0,4,120,HotDry
34.2,25.3,29.3,1006.9,70,29,28.0,255,0.0,3,0.0,28.8,72.0,4,121,HotDry
34.2,26.2,29.9,1006.0,67,50,31.2,257,0.0,3,0.0,29.3,70.0,5,122,HotDry
34.6,27.3,30.3,1005.4,64,4,35.2,257,0.0,1,0.0,29.9,67.0,5,123,HotDry
32.8,25.7,28.8,1005.9,71,3,32.2,254,0.0,1,0.0,30.3,64.0,5,124,HotDry
32.4,25.4,28.5,1005.8,73,17,24.8,254,0.0,2,0.0,28.8,71.0,5,125,HotDry
32.8,25.5,28.5,1007.9,73,19,20.6,253,0.0,2,0.0,28.5,73.0,5,126,HotDry
32.7,25.1,28.4,1008.1,73,26,23.7,264,0.0,2,0.0,28.5,73.0,5,127,HotDry
32.4,26.0,28.8,1006.6,77,33,25.8,255,0.0,2,0.0,28.4,73.0,5,128,HotDry
32.9,26.9,29.4,1007.2,77,26,25.2,245,0.0,2,0.0,28.8,77.0,5,129,HotDry
33.8,26.7,29.6,1006.2,78,23,22.8,233,0.0,3,0.0,29.4,77.0,5,130,HotDry
33.8,26.8,29.7,1006.3,79,23,27.2,236,0.0,3,0.0,29.6,78.0,5,131,HotDry
33.8,26.9,29.7,1006.7,79,15,28.1,246,0.0,2,0.0,29.7,79.0,5,132,HotDry
34.3,26.9,30.0,1005.4,75,22,27.9,255,0.0,3,0.0,29.7,79.0,5,133,HotDry
34.7,27.2,30.3,1004.6,72,1,31.1,255,0.0,0,0.0,30.0,75.0,5,134,HotDry
33.5,27.1,29.8,1005.8,77,5,30.9,255,0.0,1,0.0,30.3,72.0,5,135,HotDry
33.6,26.9,29.7,1006.2,78,10,26.7,255,0.0,1,0.0,29.8,77.0,5,136,HotDry
33.8,27.1,29.8,1004.5,77,18,27.3,260,0.0,2,0.0,29.7,78.0,5,137,HotDry
35.3,26.8,30.6,1002.1,72,11,29.2,266,0.0,2,0.0,29.8,77.0,5,138,HotDry
36.5,27.6,31.6,1000.5,66,0,30.1,260,0.0,0,0.0,30.6,72.0,5,139,HotDry
35.1,28.5,31.2,999.3,70,0,29.5,255,0.0,0,0.0,31.6,66.0,5,140,HotDry
34.2,28.0,30.6,998.9,76,1,32.2,252,0.0,0,0.0,31.2,70.0,5,141,HotDry
33.7,28.2,30.5,999.8,78,4,38.6,249,0.0,1,0.0,30.6,76.0,5,142,HotDry
33.6,28.4,30.5,1000.8,79,6,39.5,252,0.0,1,0.0,30.5,78.0,5,143,HotDry
33.8,28.0,30.2,1002.8,79,26,37.2,252,0.0,2,0.0,30.5,79.0,5,144,HotDry
33.0,28.0,30.0,1003.2,74,32,31.2,252,0.0,2,0.0,30.2,79.0,5,145,HotDry
32.9,27.8,29.9,1002.9,73,24,34.1,251,0.0,1,0.0,30.0,74.0,5,146,HotDry
32.7,27.9,29.9,1003.1,71,27,29.7,251,0.0,1,0.0,29.9,73.0,5,147,HotDry
33.0,28.3,30.3,1004.8,67,32,30.3,249,0.0,2,0.0,29.9,71.0,5,148,HotDry
32.5,28.3,30.0,1004.3,71,41,36.0,254,0.0,2,0.0,30.3,67.0,5,149,HotDry
32.5,27.9,29.7,1002.6,75,42,37.7,254,0.0,3,0.0,30.0,71.0,5,150,HotDry
32.8,27.5,29.6,1001.4,77,33,37.8,252,0.0,2,0.0,29.7,75.0,5,151,HotDry
32.6,27.9,29.9,1003.9,75,43,31.3,247,0.0,2,0.0,29.6,77.0,5,152,HotDry
32.7,27.9,29.9,1005.2,75,48,26.9,250,0.0,2,0.0,29.9,75.0,6,153,Monsoon
33.5,28.0,30.2,1004.9,71,28,24.6,253,0.0,2,0.0,29.9,75.0,6,154,Monsoon
33.0,27.9,30.0,1005.5,68,22,21.3,245,0.0,2,0.0,30.2,71.0,6,155,Monsoon
34.4,26.9,29.9,1006.0,68,10,23.8,269,0.0,1,0.0,30.0,68.0,6,156,Monsoon
34.9,26.6,30.2,1005.3,68,7,27.6,268,0.0,2,0.0,29.9,68.0,6,157,Monsoon
34.3,27.1,30.2,1003.8,73,5,31.5,266,0.0,1,0.0,30.2,68.0,6,158,Monsoon
34.1,27.5,30.3,1002.6,76,9,33.7,256,0.0,1,0.0,30.2,73.0,6,159,Monsoon
33.9,27.7,30.4,1000.5,78,7,35.1,250,0.0,1,0.0,30.3,76.0,6,160,Monsoon
34.1,28.7,30.9,999.2,75,1,37.3,252,0.0,0,0.0,30.4,78.0,6,161,Monsoon
33.2,28.5,30.4,999.9,80,53,39.8,256,0.0,3,0.0,30.9,75.0,6,162,Monsoon
32.9,28.4,30.1,1000.6,79,39,39.2,252,0.0,2,0.0,30.4,80.0,6,163,Monsoon
33.0,28.1,30.2,1001.1,76,48,37.4,253,0.0,3,0.0,30.1,79.0,6,164,Monsoon
32.3,28.2,30.0,1000.9,79,60,34.1,242,1.2,51,0.0,30.2,76.0,6,165,Monsoon
32.3,28.0,29.7,1000.1,78,40,33.3,247,0.0,2,1.2,30.0,79.0,6,166,Monsoon
33.4,27.6,30.0,997.4,73,13,35.0,248,0.0,1,0.0,29.7,78.0,6,167,Monsoon
33.9,27.5,30.2,997.9,69,11,35.4,256,0.0,1,0.0,30.0,73.0,6,168,Monsoon
32.1,26.6,28.8,1000.8,79,29,32.4,253,0.0,2,0.0,30.2,69.0,6,169,Monsoon
31.9,27.1,29.0,1002.7,75,33,33.4,259,0.0,2,0.0,28.8,79.0,6,170,Monsoon
32.4,26.9,29.1,1002.3,75,27,31.6,265,0.0,2,0.0,29.0,75.0,6,171,Monsoon
32.8,27.0,29.4,1000.3,74,53,29.6,262,0.0,3,0.0,29.1,75.0,6,172,Monsoon
32.5,27.6,29.8,999.0,76,77,29.7,257,0.0,3,0.0,29.4,74.0,6,173,Monsoon
32.4,27.9,29.7,1000.9,76,82,31.0,249,0.0,3,0.0,29.8,76.0,6,174,Monsoon
33.0,27.4,29.9,1001.6,75,73,19.5,243,0.0,3,0.0,29.7,76.0,6,175,Monsoon
34.9,28.0,30.8,1000.3,70,56,21.0,245,0.0,3,0.0,29.9,75.0,6,176,Monsoon
36.3,28.7,31.8,1000.3,69,69,20.7,250,0.0,3,0.0,30.8,70.0,6,177,Monsoon
38.4,29.2,32.8,999.3,67,51,21.4,247,2.6,55,0.0,31.8,69.0,6,178,Monsoon
34.3,30.0,31.6,998.1,72,53,21.2,155,1.7,53,2.6,32.8,67.0,6,179,Monsoon
35.8,28.6,31.4,999.4,72,48,14.8,137,1.1,53,1.7,31.6,72.0,6,180,Monsoon
34.3,29.2,31.3,1000.5,74,75,11.0,151,3.1,61,1.1,31.4,72.0,6,181,Monsoon
33.6,28.9,31.0,999.3,78,66,15.1,239,4.3,55,3.1,31.3,74.0,6,182,Monsoon
34.1,29.0,31.3,996.9,76,45,17.3,232,0.0,3,4.3,31.0,78.0,7,183,Monsoon
34.0,29.7,31.4,995.4,78,69,29.8,249,0.0,3,0.0,31.3,76.0,7,184,Monsoon
33.8,28.9,30.9,996.8,77,71,22.7,239,0.0,3,0.0,31.4,78.0,7,185,Monsoon
33.2,28.6,30.6,998.7,72,62,23.2,238,0.0,3,0.0,30.9,77.0,7,186,Monsoon
32.4,28.6,30.2,998.4,73,75,30.3,248,0.0,3,0.0,30.6,72.0,7,187,Monsoon
32.3,28.3,29.9,998.1,74,69,32.3,248,0.0,3,0.0,30.2,73.0,7,188,Monsoon
31.2,28.5,29.6,998.9,77,87,33.5,248,0.1,51,0.0,29.9,74.0,7,189,Monsoon
31.6,28.3,29.7,998.8,77,67,32.2,249,0.4,51,0.1,29.6,77.0,7,190,Monsoon
31.7,28.2,29.8,996.6,78,87,30.1,245,0.3,51,0.4,29.7,77.0,7,191,Monsoon
31.7,28.3,29.8,996.4,81,79,23.2,235,0.6,51,0.3,29.8,78.0,7,192,Monsoon
32.2,27.8,29.7,996.8,80,92,22.0,232,0.0,3,0.6,29.8,81.0,7,193,Monsoon
32.8,27.7,29.9,998.0,74,91,22.8,220,0.0,3,0.0,29.7,80.0,7,194,Monsoon
33.4,28.5,30.3,998.6,73,73,20.9,219,0.3,51,0.0,29.9,74.0,7,195,Monsoon
33.0,28.6,30.2,998.6,75,75,21.1,241,0.3,51,0.3,30.3,73.0,7,196,Monsoon
32.6,28.2,30.1,999.3,74,65,26.3,236,0.0,3,0.3,30.2,75.0,7,197,Monsoon
32.0,28.1,29.7,999.0,76,90,26.0,237,0.3,51,0.0,30.1,74.0,7,198,Monsoon
32.2,28.0,29.7,1000.9,75,56,24.9,236,0.2,51,0.3,29.7,76.0,7,199,Monsoon
31.2,27.8,29.1,1002.0,79,65,31.1,246,0.6,51,0.2,29.7,75.0,7,200,Monsoon
30.8,27.4,28.9,1002.6,77,51,32.4,250,0.7,51,0.6,29.1,79.0,7,201,Monsoon
30.9,27.3,28.8,1002.6,77,53,33.6,255,0.0,3,0.7,28.9,77.0,7,202,Monsoon
30.8,27.1,28.7,1001.2,77,64,30.7,252,0.2,51,0.0,28.8,77.0,7,203,Monsoon
31.1,27.3,28.7,999.6,79,66,31.7,249,0.5,51,0.2,28.7,77.0,7,204,Monsoon
30.9,27.0,28.6,999.9,79,76,24.7,242,0.3,51,0.5,28.7,79.0,7,205,Monsoon
31.4,27.2,28.9,1002.0,77,63,20.4,243,0.0,3,0.3,28.6,79.0,7,206,Monsoon
32.7,27.0,29.4,1002.5,74,44,19.4,245,0.0,3,0.0,28.9,77.0,7,207,Monsoon
32.2,27.5,29.6,1002.7,74,95,21.5,247,0.0,3,0.0,29.4,74.0,7,208,Monsoon
32.2,27.7,29.5,1002.8,73,73,26.6,251,0.0,3,0.0,29.6,74.0,7,209,Monsoon
31.5,27.5,29.2,1003.5,75,87,28.3,257,0.0,3,0.0,29.5,73.0,7,210,Monsoon
31.6,27.4,29.0,1002.0,76,61,34.3,262,0.3,51,0.0,29.2,75.0,7,211,Monsoon
31.2,27.1,28.8,1000.9,76,80,28.5,253,0.0,3,0.3,29.0,76.0,7,212,Monsoon
30.8,27.1,28.6,1001.8,80,80,28.2,253,0.2,51,0.0,28.8,76.0,7,213,Monsoon
30.5,27.0,28.5,999.7,81,93,31.7,252,0.3,51,0.2,28.6,80.0,8,214,Monsoon
31.5,26.8,28.8,996.3,81,90,25.0,240,0.0,3,0.3,28.5,81.0,8,215,Monsoon
33.4,26.7,29.3,997.4,78,67,22.6,218,0.0,3,0.0,28.8,81.0,8,216,Monsoon
30.4,27.6,28.6,998.8,84,99,16.5,270,7.3,61,0.0,29.3,78.0,8,217,Monsoon
30.1,27.7,28.5,999.3,87,100,24.8,269,2.4,53,7.3,28.6,84.0,8,218,Monsoon
28.8,26.4,27.4,999.1,89,100,20.2,291,40.0,63,2.4,28.5,87.0,8,219,Monsoon
30.5,26.9,28.4,999.5,87,99,18.5,274,5.2,61,40.0,27.4,89.0,8,220,Monsoon
30.5,27.2,28.4,1000.8,87,85,21.0,261,0.0,3,5.2,28.4,87.0,8,221,Monsoon
30.1,27.0,28.1,1000.3,87,96,22.5,247,0.0,3,0.0,28.4,87.0,8,222,Monsoon
29.9,26.8,28.1,999.6,85,89,24.6,245,0.0,3,0.0,28.1,87.0,8,223,Monsoon
30.1,26.5,28.1,1001.6,84,59,19.2,237,0.0,3,0.0,28.1,85.0,8,224,Monsoon
30.3,26.4,28.0,1003.4,82,49,23.6,242,0.0,3,0.0,28.1,84.0,8,225,Monsoon
30.2,26.5,28.2,1002.5,81,66,24.5,247,0.0,3,0.0,28.0,82.0,8,226,Monsoon
30.0,26.5,28.0,1001.3,82,57,24.9,244,0.0,3,0.0,28.2,81.0,8,227,Monsoon
30.3,26.6,28.1,1000.9,81,53,28.7,245,0.0,2,0.0,28.0,82.0,8,228,Monsoon
30.7,26.8,28.3,999.2,80,62,30.1,248,0.0,3,0.0,28.1,81.0,8,229,Monsoon
30.9,26.3,28.1,998.3,81,40,22.1,240,0.0,3,0.0,28.3,80.0,8,230,Monsoon
30.5,26.1,27.9,1000.8,82,37,18.9,233,0.0,3,0.0,28.1,81.0,8,231,Monsoon
30.6,26.1,27.9,1002.2,76,39,23.7,251,0.0,2,0.0,27.9,82.0,8,232,Monsoon
30.7,26.6,28.2,1000.8,76,81,26.4,259,0.0,3,0.0,27.9,76.0,8,233,Monsoon
31.1,26.6,28.5,1000.9,81,69,20.1,252,0.0,3,0.0,28.2,76.0,8,234,Monsoon
31.7,26.7,28.6,1002.4,80,28,22.9,258,0.0,2,0.0,28.5,81.0,8,235,Monsoon
31.1,26.5,28.3,1002.8,80,79,23.4,262,0.0,3,0.0,28.6,80.0,8,236,Monsoon
30.0,26.8,28.1,1002.2,81,100,22.0,261,0.0,3,0.0,28.3,80.0,8,237,Monsoon
31.0,26.9,28.6,1003.6,78,74,21.4,263,0.0,3,0.0,28.1,81.0,8,238,Monsoon
34.0,26.9,29.6,1003.8,76,42,22.9,267,0.0,3,0.0,28.6,78.0,8,239,Monsoon
34.4,27.3,30.2,1003.9,75,46,16.6,273,3.1,55,0.0,29.6,76.0,8,240,Monsoon
31.0,27.4,29.3,1005.0,81,99,18.7,35,6.4,61,3.1,30.2,75.0,8,241,Monsoon
31.9,27.6,29.3,1004.1,83,65,17.9,269,0.6,51,6.4,29.3,81.0,8,242,Monsoon
30.2,26.7,28.3,1002.4,85,42,23.0,253,0.0,3,0.6,29.3,83.0,8,243,Monsoon
30.2,25.9,27.6,1002.6,81,38,21.1,238,0.0,2,0.0,28.3,85.0,8,244,Monsoon
29.9,25.6,27.4,1003.8,78,42,19.0,243,0.0,3,0.0,27.6,81.0,9,245,Monsoon
30.1,25.9,27.6,1004.0,73,42,23.7,252,0.0,3,0.0,27.4,78.0,9,246,Monsoon
30.2,25.8,27.7,1003.6,73,35,29.6,252,0.0,2,0.0,27.6,73.0,9,247,Monsoon
30.0,26.1,27.8,1004.6,75,58,30.9,247,0.0,3,0.0,27.7,73.0,9,248,Monsoon
29.2,26.0,27.4,1005.4,78,49,30.8,245,0.5,51,0.0,27.8,75.0,9,249,Monsoon
30.4,25.5,27.6,1005.9,76,41,26.6,245,0.0,3,0.5,27.4,78.0,9,250,Monsoon
30.3,25.6,27.6,1005.7,74,32,25.2,248,0.0,2,0.0,27.6,76.0,9,251,Monsoon
30.7,25.6,27.8,1006.8,70,20,23.4,254,0.0,2,0.0,27.6,74.0,9,252,Monsoon
30.7,26.0,27.9,1008.0,70,23,25.8,254,0.0,1,0.0,27.8,70.0,9,253,Monsoon
30.7,25.8,27.9,1006.9,71,37,29.0,251,0.0,2,0.0,27.9,70.0,9,254,Monsoon
29.8,26.1,27.7,1005.5,73,51,27.1,245,0.0,3,0.0,27.9,71.0,9,255,Monsoon
29.6,25.7,27.5,1005.2,76,55,20.7,239,0.2,51,0.0,27.7,73.0,9,256,Monsoon
31.0,25.2,27.8,1007.1,73,11,17.9,241,0.0,1,0.2,27.5,76.0,9,257,Monsoon
32.2,25.8,28.5,1007.9,71,11,18.8,259,0.0,2,0.0,27.8,73.0,9,258,Monsoon
32.5,25.6,28.5,1007.0,73,11,20.4,268,0.0,1,0.0,28.5,71.0,9,259,Monsoon
32.1,25.8,28.4,1006.0,78,16,23.0,264,0.0,2,0.0,28.5,73.0,9,260,Monsoon
31.4,26.1,28.1,1004.7,78,22,27.2,266,0.0,3,0.0,28.4,78.0,9,261,Monsoon
31.1,26.1,28.0,1005.6,78,23,27.3,266,0.0,2,0.0,28.1,78.0,9,262,Monsoon
31.1,26.0,28.0,1006.3,77,26,29.5,268,0.0,2,0.0,28.0,78.0,9,263,Monsoon
30.9,25.8,27.8,1005.4,76,14,33.5,266,0.0,2,0.0,28.0,77.0,9,264,Monsoon
30.7,25.9,27.9,1006.1,75,21,29.2,265,0.0,2,0.0,27.8,76.0,9,265,Monsoon
30.9,25.6,27.7,1007.8,77,14,26.2,265,0.0,1,0.0,27.9,75.0,9,266,Monsoon
30.7,25.0,27.4,1006.3,77,22,26.7,267,0.0,2,0.0,27.7,77.0,9,267,Monsoon
30.2,25.4,27.4,1004.4,76,17,27.9,263,0.0,1,0.0,27.4,77.0,9,268,Monsoon
30.6,25.5,27.6,1005.2,75,12,25.6,266,0.0,1,0.0,27.4,76.0,9,269,Monsoon
30.8,25.4,27.6,1007.2,78,12,27.1,263,0.0,1,0.0,27.6,75.0,9,270,Monsoon
30.5,25.8,27.6,1008.1,77,29,31.4,260,0.0,2,0.0,27.6,78.0,9,271,Monsoon
30.1,25.9,27.6,1006.7,77,30,31.6,258,0.0,2,0.0,27.6,77.0,9,272,Monsoon
30.3,25.7,27.8,1005.4,81,48,22.1,247,0.0,3,0.0,27.6,77.0,9,273,Monsoon
30.6,26.0,27.6,1006.3,78,46,18.4,247,0.0,3,0.0,27.8,81.0,9,274,Monsoon
31.4,25.2,27.6,1007.1,74,15,21.5,269,0.0,2,0.0,27.6,78.0,10,275,PostMonsoon
31.3,25.3,27.8,1008.4,75,40,20.5,271,0.0,2,0.0,27.6,74.0,10,276,PostMonsoon
33.7,26.2,29.1,1006.6,78,14,23.6,270,0.0,1,0.0,27.8,75.0,10,277,PostMonsoon
31.9,26.4,28.7,1005.3,80,50,23.1,255,0.0,3,0.0,29.1,78.0,10,278,PostMonsoon
31.3,26.4,28.3,1005.0,80,49,23.7,258,0.0,3,0.0,28.7,80.0,10,279,PostMonsoon
31.6,26.1,28.2,1006.1,81,25,21.1,261,0.0,2,0.0,28.3,80.0,10,280,PostMonsoon
32.6,25.8,28.4,1007.6,79,20,18.8,263,0.0,2,0.0,28.2,81.0,10,281,PostMonsoon
31.7,25.7,28.0,1008.0,81,36,21.6,258,0.0,2,0.0,28.4,79.0,10,282,PostMonsoon
32.6,26.1,28.5,1007.1,79,22,18.2,248,0.0,2,0.0,28.0,81.0,10,283,PostMonsoon
34.2,22.6,28.1,1006.4,69,3,17.6,253,0.0,2,0.0,28.5,79.0,10,284,PostMonsoon
31.0,23.8,26.9,1007.6,80,31,17.9,235,0.0,3,0.0,28.1,69.0,10,285,PostMonsoon
30.9,24.5,27.1,1007.7,80,29,20.7,242,0.0,3,0.0,26.9,80.0,10,286,PostMonsoon
31.7,25.0,27.7,1008.4,81,22,15.5,218,0.0,2,0.0,27.1,80.0,10,287,PostMonsoon
32.4,24.6,27.7,1009.4,81,33,18.1,208,0.0,3,0.0,27.7,81.0,10,288,PostMonsoon
31.1,25.0,27.5,1010.6,80,31,16.9,228,0.0,3,0.0,27.7,81.0,10,289,PostMonsoon
32.3,23.4,27.3,1011.8,73,18,19.9,274,0.0,3,0.0,27.5,80.0,10,290,PostMonsoon
31.7,24.0,27.4,1011.5,71,0,22.7,266,0.0,0,0.0,27.3,73.0,10,291,PostMonsoon
31.4,24.3,27.3,1010.9,71,2,26.7,259,0.0,1,0.0,27.4,71.0,10,292,PostMonsoon
30.4,24.7,27.0,1009.2,77,2,24.4,257,0.0,0,0.0,27.3,71.0,10,293,PostMonsoon
30.4,24.2,26.8,1007.7,83,34,18.7,251,0.0,3,0.0,27.0,77.0,10,294,PostMonsoon
30.2,24.0,26.5,1008.8,81,35,17.1,250,0.0,3,0.0,26.8,83.0,10,295,PostMonsoon
29.9,23.9,26.2,1010.8,79,32,18.2,254,0.0,3,0.0,26.5,81.0,10,296,PostMonsoon
29.1,23.2,26.0,1011.2,78,36,19.5,254,0.0,3,0.0,26.2,79.0,10,297,PostMonsoon
29.5,24.6,26.7,1010.1,74,27,23.7,258,0.0,2,0.0,26.0,78.0,10,298,PostMonsoon
31.3,24.7,27.2,1009.5,76,20,14.4,254,0.0,2,0.0,26.7,74.0,10,299,PostMonsoon
30.9,22.2,26.4,1011.8,77,25,11.8,202,0.0,3,0.0,27.2,76.0,10,300,PostMonsoon
33.8,22.5,28.0,1015.0,58,0,17.8,304,0.0,0,0.0,26.4,77.0,10,301,PostMonsoon
32.4,22.9,27.2,1013.3,55,0,22.2,278,0.0,0,0.0,28.0,58.0,10,302,PostMonsoon
31.0,22.0,26.0,1011.0,72,0,18.5,183,0.0,0,0.0,27.2,55.0,10,303,PostMonsoon
31.1,20.7,25.7,1013.4,70,20,13.1,238,0.0,3,0.0,26.0,72.0,10,304,PostMonsoon
33.7,22.2,28.1,1015.8,51,0,13.1,344,0.0,0,0.0,25.7,70.0,10,305,PostMonsoon
34.5,22.8,28.7,1015.3,41,0,13.0,13,0.0,0,0.0,28.1,51.0,11,306,PostMonsoon
34.0,21.3,27.9,1014.6,51,0,13.2,307,0.0,0,0.0,28.7,41.0,11,307,PostMonsoon
34.0,20.6,27.7,1015.2,48,0,15.7,313,0.0,0,0.0,27.9,51.0,11,308,PostMonsoon
33.6,21.4,27.5,1013.4,47,0,22.0,295,0.0,0,0.0,27.7,48.0,11,309,PostMonsoon
33.8,20.1,26.7,1010.6,60,0,17.5,280,0.0,0,0.0,27.5,47.0,11,310,PostMonsoon
31.2,21.1,25.5,1011.5,69,0,15.1,264,0.0,0,0.0,26.7,60.0,11,311,PostMonsoon
30.3,20.3,25.3,1014.0,75,7,12.3,203,0.0,1,0.0,25.5,69.0,11,312,PostMonsoon
30.4,20.6,24.8,1014.9,73,9,15.6,258,0.0,1,0.0,25.3,75.0,11,313,PostMonsoon
29.4,21.0,24.6,1015.3,78,11,15.0,255,0.0,3,0.0,24.8,73.0,11,314,PostMonsoon
28.9,20.0,24.1,1014.3,81,30,18.7,264,0.0,3,0.0,24.6,78.0,11,315,PostMonsoon
31.1,22.3,25.7,1012.7,68,16,18.3,276,0.0,2,0.0,24.1,81.0,11,316,PostMonsoon
32.4,19.0,26.0,1014.5,47,3,21.1,65,0.0,1,0.0,25.7,68.0,11,317,PostMonsoon
31.1,21.0,25.9,1017.5,30,0,20.2,55,0.0,0,0.0,26.0,47.0,11,318,PostMonsoon
29.6,18.1,24.0,1017.1,45,0,15.9,327,0.0,0,0.0,25.9,30.0,11,319,PostMonsoon
29.0,17.1,23.1,1015.8,65,0,14.3,315,0.0,0,0.0,24.0,45.0,11,320,PostMonsoon
30.4,17.1,24.1,1016.2,51,0,11.5,38,0.0,0,0.0,23.1,65.0,11,321,PostMonsoon
31.6,19.5,25.1,1017.0,38,0,17.9,50,0.0,0,0.0,24.1,51.0,11,322,PostMonsoon
30.0,16.5,23.2,1015.5,58,0,17.4,295,0.0,0,0.0,25.1,38.0,11,323,PostMonsoon
28.6,19.3,23.7,1012.1,79,7,18.1,258,0.0,3,0.0,23.2,58.0,11,324,PostMonsoon
27.5,22.2,24.4,1011.8,81,37,16.3,258,0.0,3,0.0,23.7,79.0,11,325,PostMonsoon
28.3,21.3,24.1,1013.0,77,18,14.5,274,0.0,2,0.0,24.4,81.0,11,326,PostMonsoon
28.7,18.2,23.0,1013.6,76,22,13.6,292,0.0,3,0.0,24.1,77.0,11,327,PostMonsoon
28.3,17.3,23.1,1013.1,67,0,12.6,294,0.0,0,0.0,23.0,76.0,11,328,PostMonsoon
29.8,16.9,23.8,1014.4,56,1,12.3,59,0.0,0,0.0,23.1,67.0,11,329,PostMonsoon
31.3,20.4,25.4,1015.1,46,0,19.9,53,0.0,0,0.0,23.8,56.0,11,330,PostMonsoon
30.5,18.9,24.6,1015.1,51,0,13.5,25,0.0,0,0.0,25.4,46.0,11,331,PostMonsoon
30.5,17.2,23.9,1015.2,56,0,10.3,11,0.0,0,0.0,24.6,51.0,11,332,PostMonsoon
29.8,17.9,23.5,1014.6,58,8,14.9,305,0.0,1,0.0,23.9,56.0,11,333,PostMonsoon
28.3,18.4,23.0,1014.1,75,0,17.3,268,0.0,0,0.0,23.5,58.0,11,334,PostMonsoon
29.1,19.0,23.9,1014.3,77,1,8.3,269,0.0,0,0.0,23.0,75.0,11,335,PostMonsoon
31.5,19.9,25.1,1015.7,56,3,19.2,55,0.0,1,0.0,23.9,77.0,12,336,Winter
31.2,20.7,25.4,1017.2,46,0,20.9,46,0.0,0,0.0,25.1,56.0,12,337,Winter
30.8,18.9,24.5,1017.6,49,0,13.0,42,0.0,0,0.0,25.4,46.0,12,338,Winter
30.0,17.6,23.6,1018.1,51,0,12.7,55,0.0,0,0.0,24.5,49.0,12,339,Winter
28.8,16.0,22.5,1017.0,60,0,10.7,355,0.0,0,0.0,23.6,51.0,12,340,Winter
28.4,16.5,22.6,1016.2,70,0,9.7,333,0.0,0,0.0,22.5,60.0,12,341,Winter
30.0,17.3,23.4,1016.3,61,0,11.0,19,0.0,0,0.0,22.6,70.0,12,342,Winter
28.7,18.2,23.2,1014.8,70,0,15.6,280,0.0,0,0.0,23.4,61.0,12,343,Winter
27.8,20.3,23.8,1012.7,81,20,17.4,264,0.0,2,0.0,23.2,70.0,12,344,Winter
27.7,22.2,24.5,1012.3,76,17,22.3,268,0.0,2,0.0,23.8,81.0,12,345,Winter
28.0,18.6,23.3,1013.0,80,19,14.0,255,0.0,3,0.0,24.5,76.0,12,346,Winter
26.2,20.0,23.1,1013.4,73,14,14.8,285,0.5,51,0.0,23.3,80.0,12,347,Winter
28.1,18.5,23.6,1014.4,54,12,20.8,22,0.0,2,0.5,23.1,73.0,12,348,Winter
27.3,19.2,23.0,1016.7,46,0,24.5,54,0.0,0,0.0,23.6,54.0,12,349,Winter
26.8,17.7,22.1,1016.4,49,0,15.5,17,0.0,0,0.0,23.0,46.0,12,350,Winter
26.8,15.6,21.3,1016.7,60,35,13.9,303,0.0,3,0.0,22.1,49.0,12,351,Winter
27.0,16.6,21.8,1017.1,70,33,12.3,313,0.0,3,0.0,21.3,60.0,12,352,Winter
26.0,16.6,21.4,1017.0,77,4,10.8,294,0.0,1,0.0,21.8,70.0,12,353,Winter
26.2,16.4,21.3,1017.8,73,8,11.9,310,0.0,2,0.0,21.4,77.0,12,354,Winter
28.4,16.7,22.5,1017.2,55,4,10.7,47,0.0,1,0.0,21.3,73.0,12,355,Winter
28.0,16.8,22.2,1017.7,52,0,13.2,358,0.0,0,0.0,22.5,55.0,12,356,Winter
28.0,17.5,22.2,1016.7,72,0,13.4,292,0.0,0,0.0,22.2,52.0,12,357,Winter
28.1,17.9,22.4,1014.2,80,3,14.2,286,0.0,1,0.0,22.2,72.0,12,358,Winter
31.6,17.3,23.9,1012.1,48,0,22.4,346,0.0,0,0.0,22.4,80.0,12,359,Winter
28.7,17.4,22.5,1015.4,23,0,20.4,38,0.0,0,0.0,23.9,48.0,12,360,Winter
27.2,16.7,21.7,1017.9,37,0,15.8,38,0.0,0,0.0,22.5,23.0,12,361,Winter
26.3,16.8,21.3,1016.1,71,0,13.6,281,0.0,0,0.0,21.7,37.0,12,362,Winter
27.2,15.1,21.0,1015.4,76,4,11.4,310,0.0,1,0.0,21.3,71.0,12,363,Winter
26.6,16.5,21.2,1015.2,82,20,15.0,291,0.0,3,0.0,21.0,76.0,12,364,Winter
27.3,18.1,21.9,1014.9,84,35,9.5,279,0.0,3,0.0,21.2,82.0,12,365,Winter
27.7,17.7,22.3,1014.5,72,42,9.4,75,0.0,3,0.0,21.9,84.0,12,366,Winter
28.0,17.0,22.1,1015.8,58,0,18.8,66,0.0,0,0.0,22.3,72.0,1,1,Winter
27.2,16.1,21.6,1017.4,56,0,18.3,67,0.0,0,0.0,22.1,58.0,1,2,Winter
25.3,15.5,20.6,1016.9,66,0,15.0,26,0.0,0,0.0,21.6,56.0,1,3,Winter
25.0,16.8,21.1,1014.8,77,6,16.3,275,0.0,1,0.0,20.6,66.0,1,4,Winter
24.5,17.8,21.8,1013.7,79,20,18.2,200,0.0,2,0.0,21.1,77.0,1,5,Winter
23.7,18.2,21.2,1012.3,81,14,15.1,202,0.0,1,0.0,21.8,79.0,1,6,Winter
23.5,14.6,19.1,1012.0,25,0,29.3,335,0.0,0,0.0,21.2,81.0,1,7,Winter
23.4,12.2,17.8,1013.5,31,0,19.5,72,0.0,0,0.0,19.1,25.0,1,8,Winter
23.3,13.6,18.0,1016.3,35,3,18.8,44,0.0,1,0.0,17.8,31.0,1,9,Winter
21.1,11.8,16.9,1017.4,61,1,14.8,125,0.0,0,0.0,18.0,35.0,1,10,Winter
21.6,13.1,17.8,1016.7,69,0,13.2,89,0.0,0,0.0,16.9,61.0,1,11,Winter
22.2,13.5,18.4,1014.6,63,0,17.6,142,0.0,0,0.0,17.8,69.0,1,12,Winter
22.4,18.0,20.7,1013.0,71,36,24.8,158,0.8,51,0.0,18.4,63.0,1,13,Winter
21.3,15.1,18.3,1013.0,65,85,31.9,93,21.1,65,0.8,20.7,71.0,1,14,Winter
20.9,14.2,16.7,1016.5,68,41,28.2,65,0.9,53,21.1,18.3,65.0,1,15,Winter
20.6,12.2,16.1,1018.3,72,0,18.4,60,0.0,0,0.9,16.7,68.0,1,16,Winter
20.4,13.5,16.7,1018.0,67,40,14.9,68,0.0,3,0.0,16.1,72.0,1,17,Winter
23.2,13.2,17.7,1019.3,70,18,20.2,44,0.0,3,0.0,16.7,67.0,1,18,Winter
21.0,13.7,17.0,1022.1,58,31,36.5,48,0.0,3,0.0,17.7,70.0,1,19,Winter
20.8,13.8,16.6,1021.5,53,81,34.7,46,0.0,3,0.0,17.0,58.0,1,20,Winter
23.4,13.4,17.5,1019.8,53,21,22.4,29,0.0,3,0.0,16.6,53.0,1,21,Winter
25.1,12.5,18.1,1020.5,54,1,15.1,17,0.0,0,0.0,17.5,53.0,1,22,Winter
26.6,14.7,19.9,1019.0,47,0,18.3,41,0.0,0,0.0,18.1,54.0,1,23,Winter
25.9,15.1,20.2,1016.9,49,85,13.0,26,0.1,51,0.0,19.9,47.0,1,24,Winter
24.4,16.7,19.7,1017.3,59,69,23.7,7,5.3,61,0.1,20.2,49.0,1,25,Winter
21.4,14.8,17.4,1018.2,71,11,20.1,318,1.0,53,5.3,19.7,59.0,1,26,Winter
21.5,12.3,16.6,1018.8,68,0,11.9,18,0.0,0,1.0,17.4,71.0,1,27,Winter
23.3,12.8,17.5,1018.5,62,2,15.2,7,0.0,1,0.0,16.6,68.0,1,28,Winter
23.7,13.0,17.9,1017.3,64,0,14.1,356,0.0,0,0.0,17.5,62.0,1,29,Winter
23.5,12.5,18.5,1015.8,78,2,22.2,287,0.0,1,0.0,17.9,64.0,1,30,Winter
25.1,17.0,20.3,1014.9,81,19,17.7,305,0.0,3,0.0,18.5,78.0,1,31,Winter
25.2,14.6,19.8,1015.6,58,0,18.3,331,0.0,0,0.0,20.3,81.0,2,32,Winter
26.9,15.5,20.8,1016.1,59,41,14.2,332,0.0,3,0.0,19.8,58.0,2,33,Winter
24.1,15.5,20.2,1015.0,62,90,19.8,252,0.0,3,0.0,20.8,59.0,2,34,Winter
21.7,16.1,20.0,1012.6,50,35,43.6,283,2.6,61,0.0,20.2,62.0,2,35,Winter
20.4,12.9,16.4,1015.4,38,0,28.2,311,0.0,0,2.6,20.0,50.0,2,36,Winter
22.9,10.5,16.7,1017.3,42,38,22.6,37,0.0,3,0.0,16.4,38.0,2,37,Winter
23.1,11.5,17.4,1016.8,46,52,20.6,338,0.0,3,0.0,16.7,42.0,2,38,Winter
25.4,14.4,19.4,1016.2,54,14,22.2,316,0.0,3,0.0,17.4,46.0,2,39,Winter
25.6,13.1,19.3,1017.2,46,15,16.8,1,0.0,2,0.0,19.4,54.0,2,40,Winter
25.1,13.5,19.2,1016.1,32,0,23.6,341,0.0,0,0.0,19.3,46.0,2,41,Winter
25.7,13.4,19.3,1015.1,49,0,22.3,320,0.0,0,0.0,19.2,32.0,2,42,Winter
28.8,14.2,21.1,1017.8,43,71,20.4,34,0.0,3,0.0,19.3,49.0,2,43,Winter
28.6,17.1,22.3,1019.9,31,7,34.0,49,0.0,2,0.0,21.1,43.0,2,44,Winter
29.7,18.7,23.8,1020.5,33,1,29.8,55,0.0,0,0.0,22.3,31.0,2,45,Winter
29.4,17.1,23.4,1019.1,35,45,16.6,21,0.0,3,0.0,23.8,33.0,2,46,Winter
29.2,16.6,23.5,1017.2,36,71,17.8,349,0.0,3,0.0,23.4,35.0,2,47,Winter
30.6,18.2,24.3,1016.2,40,40,13.7,14,0.0,3,0.0,23.5,36.0,2,48,Winter
29.5,17.9,24.0,1016.9,47,4,18.4,284,0.0,1,0.0,24.3,40.0,2,49,Winter
28.6,19.7,23.9,1015.8,69,0,28.2,279,0.0,0,0.0,24.0,47.0,2,50,Winter
25.3,18.7,22.3,1011.9,37,13,28.6,301,0.0,1,0.0,23.9,69.0,2,51,Winter
25.9,16.7,21.0,1009.7,29,10,24.5,301,0.0,2,0.0,22.3,37.0,2,52,Winter
27.7,16.4,22.0,1011.7,49,0,21.3,286,0.0,0,0.0,21.0,29.0,2,53,Winter
26.5,15.1,20.7,1015.1,62,0,18.4,286,0.0,0,0.0,22.0,49.0,2,54,Winter
28.0,14.8,21.9,1017.2,52,0,18.1,283,0.0,0,0.0,20.7,62.0,2,55,Winter
32.2,18.6,24.1,1016.2,64,0,22.3,295,0.0,0,0.0,21.9,52.0,2,56,Winter
27.5,18.0,23.3,1012.8,66,0,19.0,250,0.0,0,0.0,24.1,64.0,2,57,Winter
29.5,19.9,24.6,1012.4,64,31,21.7,265,0.0,3,0.0,23.3,66.0,2,58,Winter
28.7,21.9,24.6,1014.4,64,38,23.4,275,0.0,3,0.0,24.6,64.0,2,59,Winter
30.8,20.5,24.4,1013.8,56,0,24.3,294,0.0,0,0.0,24.6,64.0,3,60,HotDry
28.7,17.3,22.9,1012.9,52,0,22.6,285,0.0,0,0.0,24.4,56.0,3,61,HotDry
28.2,16.1,22.1,1011.4,55,1,19.3,272,0.0,0,0.0,22.9,52.0,3,62,HotDry
29.0,17.6,22.9,1010.1,72,0,21.0,271,0.0,0,0.0,22.1,55.0,3,63,HotDry
28.7,18.7,22.9,1010.9,76,22,20.1,280,0.0,3,0.0,22.9,72.0,3,64,HotDry
26.3,18.0,22.3,1009.8,83,20,25.2,263,0.0,3,0.0,22.9,76.0,3,65,HotDry
28.9,21.8,24.6,1008.1,76,16,27.3,255,0.0,3,0.0,22.3,83.0,3,66,HotDry
25.6,21.3,23.4,1008.6,84,30,20.5,242,0.1,51,0.0,24.6,76.0,3,67,HotDry
27.2,21.1,23.6,1008.0,78,4,25.6,259,0.0,1,0.1,23.4,84.0,3,68,HotDry
29.4,21.4,24.5,1008.6,32,30,34.6,307,0.0,2,0.0,23.6,78.0,3,69,HotDry
27.6,17.0,22.1,1012.3,19,1,37.2,324,0.0,1,0.0,24.5,32.0,3,70,HotDry
27.2,16.8,21.6,1013.5,23,15,24.3,306,0.0,2,0.0,22.1,19.0,3,71,HotDry
26.8,15.3,21.3,1013.9,57,0,21.8,272,0.0,0,0.0,21.6,23.0,3,72,HotDry
26.6,18.9,22.8,1013.4,76,41,21.4,266,0.0,3,0.0,21.3,57.0,3,73,HotDry
28.3,18.5,23.1,1013.3,61,11,20.9,274,0.0,1,0.0,22.8,76.0,3,74,HotDry
28.2,19.2,23.3,1012.6,78,2,24.3,279,0.0,0,0.0,23.1,61.0,3,75,HotDry
28.0,21.2,24.1,1011.6,78,2,26.5,263,0.0,1,0.0,23.3,78.0,3,76,HotDry
28.5,22.9,25.0,1010.4,74,1,38.6,260,0.0,0,0.0,24.1,78.0,3,77,HotDry
35.1,20.9,26.3,1011.4,62,0,25.8,284,0.0,0,0.0,25.0,74.0,3,78,HotDry
29.9,19.8,24.6,1012.9,66,0,21.1,270,0.0,0,0.0,26.3,62.0,3,79,HotDry
30.1,20.7,24.4,1013.0,76,6,22.7,270,0.0,2,0.0,24.6,66.0,3,80,HotDry
27.7,21.9,24.5,1012.5,80,25,25.9,266,0.0,3,0.0,24.4,76.0,3,81,HotDry
29.2,22.7,25.0,1011.5,76,7,25.5,268,0.0,1,0.0,24.5,80.0,3,82,HotDry
30.3,21.0,25.1,1011.5,76,22,26.1,268,0.0,3,0.0,25.0,76.0,3,83,HotDry
32.8,22.4,26.4,1011.2,70,10,23.9,272,0.0,2,0.0,25.1,76.0,3,84,HotDry
31.1,23.3,26.5,1012.5,74,4,29.2,270,0.0,2,0.0,26.4,70.0,3,85,HotDry
32.6,22.9,26.9,1012.4,66,3,26.5,275,0.0,1,0.0,26.5,74.0,3,86,HotDry
29.3,22.9,26.0,1011.5,76,0,27.1,258,0.0,0,0.0,26.9,66.0,3,87,HotDry
30.0,23.8,26.5,1010.0,72,11,28.9,259,0.0,2,0.0,26.0,76.0,3,88,HotDry
30.0,24.5,26.7,1009.5,70,18,31.3,259,0.0,2,0.0,26.5,72.0,3,89,HotDry
29.8,24.0,26.4,1009.8,74,21,27.4,252,0.0,3,0.0,26.7,70.0,3,90,HotDry
31.6,23.4,26.7,1008.8,73,0,28.4,253,0.0,0,0.0,26.4,74.0,4,91,HotDry
31.0,22.6,26.6,1006.9,78,0,23.9,249,0.0,0,0.0,26.7,73.0,4,92,HotDry
30.0,23.3,26.5,1006.1,83,0,22.2,226,0.0,0,0.0,26.6,78.0,4,93,HotDry
32.6,23.8,27.9,1005.7,74,0,24.0,254,0.0,0,0.0,26.5,83.0,4,94,HotDry
31.0,26.6,28.3,1004.3,63,0,35.5,256,0.0,0,0.0,27.9,74.0,4,95,HotDry
28.5,23.9,26.1,1006.8,29,0,31.4,293,0.0,0,0.0,28.3,63.0,4,96,HotDry
32.6,22.0,26.3,1010.3,26,0,28.6,305,0.0,0,0.0,26.1,29.0,4,97,HotDry
33.6,21.2,26.5,1011.6,53,0,24.0,275,0.0,0,0.0,26.3,26.0,4,98,HotDry
32.9,19.5,26.4,1012.5,52,0,20.5,281,0.0,0,0.0,26.5,53.0,4,99,HotDry
34.8,21.1,27.3,1011.3,56,0,22.6,278,0.0,0,0.0,26.4,52.0,4,100,HotDry
35.5,23.1,28.6,1010.3,56,0,24.1,281,0.0,0,0.0,27.3,56.0,4,101,HotDry
35.0,24.9,29.1,1009.5,54,0,26.5,273,0.0,0,0.0,28.6,56.0,4,102,HotDry
34.0,24.8,28.6,1008.5,59,0,28.1,267,0.0,0,0.0,29.1,54.0,4,103,HotDry
31.6,24.4,27.8,1006.9,68,0,28.2,252,0.0,0,0.0,28.6,59.0,4,104,HotDry
30.8,24.8,27.5,1006.3,72,16,28.2,253,0.0,2,0.0,27.8,68.0,4,105,HotDry
30.1,24.3,26.8,1006.6,82,77,28.2,252,0.0,3,0.0,27.5,72.0,4,106,HotDry
30.2,24.8,27.1,1008.0,81,7,30.6,257,0.0,2,0.0,26.8,82.0,4,107,HotDry
31.2,25.2,27.7,1007.0,73,7,36.2,268,0.0,2,0.0,27.1,81.0,4,108,HotDry
32.2,26.2,28.8,1003.8,65,4,38.1,265,0.0,1,0.0,27.7,73.0,4,109,HotDry
32.3,26.9,29.1,1002.8,63,0,36.4,256,0.0,0,0.0,28.8,65.0,4,110,HotDry
30.5,25.4,27.7,1003.5,76,0,25.4,244,0.0,0,0.0,29.1,63.0,4,111,HotDry
30.2,25.3,27.3,1004.7,78,4,25.6,229,0.0,1,0.0,27.7,76.0,4,112,HotDry
29.4,25.0,27.0,1005.3,84,17,28.9,231,0.0,2,0.0,27.3,78.0,4,113,HotDry
30.7,24.8,27.2,1006.0,76,5,28.6,231,0.0,1,0.0,27.0,84.0,4,114,HotDry
29.9,24.2,26.7,1007.8,80,2,28.4,245,0.0,1,0.0,27.2,76.0,4,115,HotDry
30.2,25.1,27.3,1007.9,80,22,31.6,250,0.0,2,0.0,26.7,80.0,4,116,HotDry
30.2,25.9,27.7,1008.0,80,42,35.4,248,0.0,3,0.0,27.3,80.0,4,117,HotDry
32.9,25.7,28.5,1007.4,76,12,33.4,248,0.0,1,0.0,27.7,80.0,4,118,HotDry
38.2,25.6,30.6,1006.9,56,0,32.0,271,0.0,0,0.0,28.5,76.0,4,119,HotDry
38.6,26.4,30.7,1007.0,54,0,31.3,278,0.0,0,0.0,30.6,56.0,4,120,HotDry
35.4,26.0,29.4,1007.1,65,36,27.7,264,0.0,3,0.0,30.7,54.0,5,121,HotDry
32.9,26.0,28.8,1008.0,76,63,26.2,257,0.0,3,0.0,29.4,65.0,5,122,HotDry
33.1,26.4,29.1,1008.5,75,9,30.1,263,0.0,3,0.0,28.8,76.0,5,123,HotDry
32.4,26.2,28.9,1009.4,71,76,30.9,268,0.0,3,0.0,29.1,75.0,5,124,HotDry
31.9,26.2,28.7,1008.8,73,17,31.0,267,0.0,3,0.0,28.9,71.0,5,125,HotDry
32.6,26.5,29.2,1007.9,72,8,30.8,260,0.0,1,0.0,28.7,73.0,5,126,HotDry
33.1,26.9,29.7,1007.8,68,30,30.7,260,0.0,3,0.0,29.2,72.0,5,127,HotDry
33.8,27.3,30.3,1006.3,65,16,33.3,257,0.0,2,0.0,29.7,68.0,5,128,HotDry
33.7,27.9,30.3,1004.1,67,17,36.1,251,0.0,3,0.0,30.3,65.0,5,129,HotDry
33.5,27.2,30.0,1003.9,74,14,34.9,247,0.0,3,0.0,30.3,67.0,5,130,HotDry
33.2,27.1,29.6,1006.5,78,19,29.6,251,0.0,2,0.0,30.0,74.0,5,131,HotDry
32.0,26.8,29.1,1008.2,82,38,29.4,259,0.0,3,0.0,29.6,78.0,5,132,HotDry
32.3,26.8,29.0,1007.5,77,29,27.4,260,0.0,3,0.0,29.1,82.0,5,133,HotDry
32.7,26.8,29.2,1005.5,79,15,34.4,256,0.0,2,0.0,29.0,77.0,5,134,HotDry
32.7,27.3,29.7,1003.7,75,23,34.7,259,0.0,3,0.0,29.2,79.0,5,135,HotDry
33.7,27.5,30.1,1002.6,72,0,33.0,261,0.0,0,0.0,29.7,75.0,5,136,HotDry
32.8,27.9,29.8,1003.0,75,0,34.1,253,0.0,0,0.0,30.1,72.0,5,137,HotDry
32.3,27.2,29.4,1004.3,80,8,37.9,252,0.0,1,0.0,29.8,75.0,5,138,HotDry
32.3,27.5,29.4,1005.3,79,3,39.1,253,0.0,0,0.0,29.4,80.0,5,139,HotDry
31.8,27.5,29.4,1004.2,79,42,38.4,251,0.0,3,0.0,29.4,79.0,5,140,HotDry
32.1,27.5,29.3,1002.4,82,23,40.6,249,0.0,2,0.0,29.4,79.0,5,141,HotDry
31.7,27.6,29.2,1005.2,80,25,31.6,246,0.2,51,0.0,29.3,82.0,5,142,HotDry
32.3,27.1,29.3,1006.5,76,23,35.7,260,0.0,2,0.2,29.2,80.0,5,143,HotDry
32.5,27.4,29.7,1004.5,78,5,40.7,265,0.0,1,0.0,29.3,76.0,5,144,HotDry
33.2,28.4,30.3,1002.6,74,1,40.1,263,0.0,0,0.0,29.7,78.0,5,145,HotDry
33.5,28.4,30.5,1001.2,74,0,34.5,252,0.0,0,0.0,30.3,74.0,5,146,HotDry
33.8,28.8,30.8,999.2,73,2,31.5,244,0.0,0,0.0,30.5,74.0,5,147,HotDry
33.3,28.8,30.6,997.8,75,0,25.4,234,0.0,0,0.0,30.8,73.0,5,148,HotDry
34.1,28.1,30.5,996.6,78,0,27.3,245,0.0,0,0.0,30.6,75.0,5,149,HotDry
32.2,26.6,29.4,996.3,85,2,21.6,184,0.0,1,0.0,30.5,78.0,5,150,HotDry
32.2,27.2,29.5,995.5,84,16,21.6,168,0.0,2,0.0,29.4,85.0,5,151,HotDry
32.2,27.7,29.7,999.0,82,7,30.3,163,0.0,1,0.0,29.5,84.0,6,152,Monsoon
31.5,27.9,29.3,1002.7,80,14,21.0,206,0.0,2,0.0,29.7,82.0,6,153,Monsoon
33.6,27.5,30.0,1003.3,75,7,24.0,261,0.0,1,0.0,29.3,80.0,6,154,Monsoon
32.3,28.0,30.1,1002.9,79,8,25.0,225,0.0,1,0.0,30.0,75.0,6,155,Monsoon
32.6,29.0,30.6,1002.9,74,20,27.9,224,0.4,51,0.0,30.1,79.0,6,156,Monsoon
32.4,29.2,30.6,1003.1,75,36,28.6,222,1.6,53,0.4,30.6,74.0,6,157,Monsoon
32.5,29.1,30.5,1003.4,78,28,26.0,226,1.1,51,1.6,30.6,75.0,6,158,Monsoon
31.8,28.4,30.0,1003.4,80,24,29.1,241,2.6,53,1.1,30.5,78.0,6,159,Monsoon
33.0,28.8,30.6,1002.4,76,31,32.8,258,0.1,51,2.6,30.0,80.0,6,160,Monsoon
32.7,28.9,30.7,1001.4,72,42,32.2,258,0.6,51,0.1,30.6,76.0,6,161,Monsoon
33.2,28.9,30.6,1000.6,72,34,27.2,245,0.1,51,0.6,30.7,72.0,6,162,Monsoon
32.4,28.9,30.5,1000.4,73,36,31.4,246,0.0,3,0.1,30.6,72.0,6,163,Monsoon
32.4,29.1,30.5,1000.0,73,61,32.1,242,0.1,51,0.0,30.5,73.0,6,164,Monsoon
32.2,29.0,30.4,1002.2,73,48,29.8,236,0.4,51,0.1,30.5,73.0,6,165,Monsoon
31.6,28.8,30.2,1003.3,71,61,36.1,248,1.1,51,0.4,30.4,73.0,6,166,Monsoon
32.4,29.1,30.3,1000.6,73,70,41.4,250,1.2,51,1.1,30.2,71.0,6,167,Monsoon
31.9,29.1,30.3,1000.8,74,49,36.8,242,2.0,51,1.2,30.3,73.0,6,168,Monsoon
32.0,28.9,30.3,1000.7,74,48,32.7,241,1.3,51,2.0,30.3,74.0,6,169,Monsoon
32.2,28.9,30.1,999.2,77,51,34.3,242,1.1,51,1.3,30.3,74.0,6,170,Monsoon
31.9,28.8,30.1,998.0,79,53,33.7,241,1.4,51,1.1,30.1,77.0,6,171,Monsoon
31.6,29.0,30.1,998.0,80,63,32.2,234,0.9,51,1.4,30.1,79.0,6,172,Monsoon
32.0,28.7,30.1,999.4,78,50,33.0,242,0.7,51,0.9,30.1,80.0,6,173,Monsoon
31.8,28.5,30.0,1000.4,76,49,33.7,245,0.7,51,0.7,30.1,78.0,6,174,Monsoon
32.7,28.6,30.3,998.2,74,27,27.1,244,0.0,3,0.7,30.0,76.0,6,175,Monsoon
32.1,28.7,30.2,996.3,77,18,23.1,197,0.0,2,0.0,30.3,74.0,6,176,Monsoon
32.9,28.5,30.4,997.5,81,54,22.5,205,0.0,3,0.0,30.2,77.0,6,177,Monsoon
33.0,28.9,30.7,997.4,80,64,22.6,236,0.0,3,0.0,30.4,81.0,6,178,Monsoon
32.5,28.9,30.4,996.8,78,81,25.0,250,0.0,3,0.0,30.7,80.0,6,179,Monsoon
33.7,29.2,30.7,997.4,75,94,28.1,265,0.7,51,0.0,30.4,78.0,6,180,Monsoon
32.4,29.2,30.4,997.0,75,99,30.8,262,0.1,51,0.7,30.7,75.0,6,181,Monsoon
33.3,29.5,30.9,997.1,71,96,36.9,259,0.0,3,0.1,30.4,75.0,7,182,Monsoon
33.1,29.0,30.7,996.9,70,69,34.8,250,0.0,3,0.0,30.9,71.0,7,183,Monsoon
32.6,29.4,30.6,998.7,71,93,35.6,247,0.5,51,0.0,30.7,70.0,7,184,Monsoon
33.1,29.3,30.6,999.0,69,74,41.0,252,0.2,51,0.5,30.6,71.0,7,185,Monsoon
31.7,28.8,30.2,998.8,72,67,41.7,249,0.4,51,0.2,30.6,69.0,7,186,Monsoon
31.7,28.7,29.8,999.3,76,57,35.2,238,1.8,51,0.4,30.2,72.0,7,187,Monsoon
31.1,28.0,29.4,1000.9,78,57,31.3,231,1.5,51,1.8,29.8,76.0,7,188,Monsoon
31.1,28.2,29.3,1002.4,78,45,31.7,239,0.9,51,1.5,29.4,78.0,7,189,Monsoon
31.1,27.8,29.2,1001.6,75,44,30.3,245,0.5,51,0.9,29.3,78.0,7,190,Monsoon
30.8,27.7,29.0,1001.8,78,84,36.9,246,1.9,51,0.5,29.2,75.0,7,191,Monsoon
30.3,27.7,28.8,1000.8,79,71,41.1,251,1.8,53,1.9,29.0,78.0,7,192,Monsoon
30.0,27.4,28.5,1000.3,81,83,37.3,250,2.8,53,1.8,28.8,79.0,7,193,Monsoon
29.6,27.2,28.3,1000.9,83,74,31.2,255,1.6,51,2.8,28.5,81.0,7,194,Monsoon
30.5,27.3,28.6,1000.9,81,91,30.4,262,0.1,51,1.6,28.3,83.0,7,195,Monsoon
30.0,27.5,28.5,999.7,81,100,33.0,265,3.9,61,0.1,28.6,81.0,7,196,Monsoon
29.8,26.9,28.2,998.9,84,97,31.2,270,10.7,63,3.9,28.5,81.0,7,197,Monsoon
30.7,27.6,28.9,999.0,82,92,29.6,263,0.0,3,10.7,28.2,84.0,7,198,Monsoon
30.7,27.5,29.0,998.3,82,58,28.5,253,0.0,3,0.0,28.9,82.0,7,199,Monsoon
32.6,27.3,29.3,998.1,82,94,17.1,314,6.1,63,0.0,29.0,82.0,7,200,Monsoon
31.6,27.6,29.3,996.9,86,70,21.3,272,0.1,51,6.1,29.3,82.0,7,201,Monsoon
30.7,27.8,29.0,997.7,86,89,23.8,263,0.0,3,0.1,29.3,86.0,7,202,Monsoon
31.2,27.8,29.1,998.3,79,96,28.4,258,0.0,3,0.0,29.0,86.0,7,203,Monsoon
30.9,27.7,29.0,998.2,78,97,28.6,258,0.0,3,0.0,29.1,79.0,7,204,Monsoon
30.8,27.7,29.0,997.8,78,100,30.4,254,0.0,3,0.0,29.0,78.0,7,205,Monsoon
30.5,27.6,28.9,997.3,80,99,32.2,255,0.1,51,0.0,29.0,78.0,7,206,Monsoon
30.4,27.7,28.7,998.7,83,100,30.0,250,0.1,51,0.1,28.9,80.0,7,207,Monsoon
30.4,27.7,28.7,1000.3,83,95,28.1,250,0.5,51,0.1,28.7,83.0,7,208,Monsoon
30.3,27.4,28.5,1001.5,82,79,28.4,244,0.5,51,0.5,28.7,83.0,7,209,Monsoon
29.5,27.0,28.1,1001.7,83,99,24.0,248,0.5,51,0.5,28.5,82.0,7,210,Monsoon
29.0,27.2,28.0,1002.3,85,95,28.1,246,0.1,51,0.5,28.1,83.0,7,211,Monsoon
30.5,27.4,28.6,1001.3,82,84,31.2,248,0.1,51,0.1,28.0,85.0,7,212,Monsoon
30.0,27.3,28.5,1001.1,83,76,28.2,237,1.6,51,0.1,28.6,82.0,8,213,Monsoon
29.9,27.1,28.3,1001.3,80,59,29.0,239,0.5,51,1.6,28.5,83.0,8,214,Monsoon
30.6,26.7,28.4,999.6,80,49,34.7,250,0.2,51,0.5,28.3,80.0,8,215,Monsoon
30.8,27.1,28.6,997.3,81,42,31.8,242,0.0,2,0.2,28.4,80.0,8,216,Monsoon
30.3,27.0,28.3,998.0,83,52,25.5,228,0.4,51,0.0,28.6,81.0,8,217,Monsoon
29.8,26.6,28.0,1000.3,83,54,21.8,230,0.1,51,0.4,28.3,83.0,8,218,Monsoon
30.0,26.8,28.0,1001.5,80,63,22.9,228,0.4,51,0.1,28.0,83.0,8,219,Monsoon
29.7,27.0,28.0,1002.4,81,69,24.2,237,1.2,51,0.4,28.0,80.0,8,220,Monsoon
29.4,26.8,27.8,1001.9,83,81,22.1,236,0.5,51,1.2,28.0,81.0,8,221,Monsoon
29.7,27.0,28.2,1000.9,82,61,27.0,241,2.5,51,0.5,27.8,83.0,8,222,Monsoon
30.0,27.2,28.2,1001.2,82,65,33.2,245,1.2,51,2.5,28.2,82.0,8,223,Monsoon
30.1,27.1,28.2,1000.9,79,70,40.1,251,0.8,51,1.2,28.2,82.0,8,224,Monsoon
30.2,27.1,28.2,1001.5,78,66,38.7,250,0.0,3,0.8,28.2,79.0,8,225,Monsoon
29.8,26.8,28.1,1004.2,80,64,33.5,247,0.7,51,0.0,28.2,78.0,8,226,Monsoon
30.1,26.5,27.9,1005.8,80,44,28.1,256,1.3,51,0.7,28.1,80.0,8,227,Monsoon
30.2,26.2,28.0,1004.3,79,38,35.9,260,0.8,51,1.3,27.9,80.0,8,228,Monsoon
30.6,26.8,28.2,1001.7,78,56,36.4,258,0.1,51,0.8,28.0,79.0,8,229,Monsoon
30.2,27.0,28.3,1000.8,80,77,28.3,248,0.4,51,0.1,28.2,78.0,8,230,Monsoon
30.4,26.5,28.1,1002.4,79,75,23.7,240,0.2,51,0.4,28.3,80.0,8,231,Monsoon
31.0,26.5,28.3,1001.9,78,83,23.4,257,0.0,3,0.2,28.1,79.0,8,232,Monsoon
31.7,26.5,28.8,999.4,79,69,28.4,272,0.0,3,0.0,28.3,78.0,8,233,Monsoon
30.9,27.4,28.5,999.3,84,88,27.3,266,6.8,63,0.0,28.8,79.0,8,234,Monsoon
29.6,27.1,28.3,1002.9,85,94,22.0,246,1.6,53,6.8,28.5,84.0,8,235,Monsoon
30.1,27.1,28.4,1003.5,84,58,27.7,254,0.4,51,1.6,28.3,85.0,8,236,Monsoon
30.1,27.4,28.4,1001.4,83,50,33.5,261,0.2,51,0.4,28.4,84.0,8,237,Monsoon
30.0,27.4,28.3,1000.0,81,74,31.4,257,0.8,51,0.2,28.4,83.0,8,238,Monsoon
30.5,26.9,28.2,1000.4,81,36,23.8,258,0.0,3,0.8,28.3,81.0,8,239,Monsoon
30.5,26.4,28.1,1000.0,81,67,22.9,269,0.0,3,0.0,28.2,81.0,8,240,Monsoon
34.9,26.3,29.5,998.5,77,73,25.9,288,0.1,51,0.0,28.1,81.0,8,241,Monsoon
34.8,27.2,30.1,998.4,73,100,25.4,331,26.3,63,0.1,29.5,77.0,8,242,Monsoon
29.6,25.9,27.3,999.1,89,100,28.8,322,47.7,63,26.3,30.1,73.0,8,243,Monsoon
29.0,26.1,27.4,1001.3,86,91,32.5,286,26.6,63,47.7,27.3,89.0,9,244,Monsoon
29.7,27.1,28.1,1002.5,84,53,28.8,251,0.0,3,26.6,27.4,86.0,9,245,Monsoon
29.0,26.9,27.7,1003.4,86,66,22.6,235,0.5,51,0.0,28.1,84.0,9,246,Monsoon
29.2,26.6,27.7,1005.8,84,59,24.3,244,0.0,3,0.5,27.7,86.0,9,247,Monsoon
29.2,26.5,27.5,1006.3,82,44,29.8,259,0.1,51,0.0,27.7,84.0,9,248,Monsoon
29.4,26.4,27.6,1005.3,80,48,30.5,256,0.0,3,0.1,27.5,82.0,9,249,Monsoon
29.1,26.3,27.4,1005.9,83,40,22.1,251,0.1,51,0.0,27.6,80.0,9,250,Monsoon
29.0,26.0,27.3,1006.8,84,38,22.0,257,0.0,3,0.1,27.4,83.0,9,251,Monsoon
29.1,25.7,27.1,1006.0,85,20,23.8,257,0.0,2,0.0,27.3,84.0,9,252,Monsoon
29.0,25.8,27.1,1005.5,82,40,24.5,250,0.0,3,0.0,27.1,85.0,9,253,Monsoon
29.2,25.7,27.2,1007.2,82,37,21.1,252,0.0,3,0.0,27.1,82.0,9,254,Monsoon
29.4,25.5,27.3,1007.8,85,41,21.7,259,0.0,3,0.0,27.2,82.0,9,255,Monsoon
29.5,25.8,27.3,1007.2,83,26,27.4,259,0.0,3,0.0,27.3,85.0,9,256,Monsoon
29.7,25.4,27.2,1006.5,80,34,27.5,257,0.0,3,0.0,27.3,83.0,9,257,Monsoon
30.2,25.6,27.5,1006.0,81,14,24.6,263,0.0,1,0.0,27.2,80.0,9,258,Monsoon
30.5,25.8,27.7,1005.3,83,14,22.5,263,0.0,1,0.0,27.5,81.0,9,259,Monsoon
31.3,25.5,27.8,1005.5,83,12,21.9,264,0.0,2,0.0,27.7,83.0,9,260,Monsoon
31.2,25.5,28.0,1005.3,82,14,24.2,265,0.0,2,0.0,27.8,83.0,9,261,Monsoon
32.9,25.9,28.5,1003.7,77,48,22.9,256,0.0,3,0.0,28.0,82.0,9,262,Monsoon
33.3,26.2,28.4,1002.2,74,49,22.7,246,0.0,3,0.0,28.5,77.0,9,263,Monsoon
30.0,25.4,27.5,1002.1,85,4,21.2,228,0.0,1,0.0,28.4,74.0,9,264,Monsoon
30.1,25.7,27.6,1004.0,82,32,22.3,239,0.0,2,0.0,27.5,85.0,9,265,Monsoon
30.3,26.3,27.9,1006.4,76,53,24.9,238,0.0,3,0.0,27.6,82.0,9,266,Monsoon
29.9,26.3,27.7,1007.9,75,52,27.2,243,0.0,3,0.0,27.9,76.0,9,267,Monsoon
30.1,26.2,27.6,1006.9,73,48,27.2,248,0.0,3,0.0,27.7,75.0,9,268,Monsoon
30.0,25.9,27.6,1007.0,72,45,24.5,243,0.0,3,0.0,27.6,73.0,9,269,Monsoon
30.3,25.9,27.7,1008.1,72,48,23.8,249,0.0,3,0.0,27.6,72.0,9,270,Monsoon
29.8,25.9,27.5,1007.4,76,23,23.8,250,0.0,2,0.0,27.7,72.0,9,271,Monsoon
29.5,25.8,27.3,1007.1,77,29,21.4,239,0.0,3,0.0,27.5,76.0,9,272,Monsoon
29.5,24.5,26.8,1009.2,80,6,19.9,248,0.0,1,0.0,27.3,77.0,9,273,Monsoon
29.8,24.4,27.0,1009.4,78,4,25.8,263,0.0,1,0.0,26.8,80.0,10,274,PostMonsoon
30.6,26.3,28.2,1006.8,77,25,22.1,242,0.0,2,0.0,27.0,78.0,10,275,PostMonsoon
29.5,26.1,27.5,1008.2,78,25,21.1,236,0.0,3,0.0,28.2,77.0,10,276,PostMonsoon
29.7,25.1,27.3,1009.6,78,30,25.3,254,0.0,3,0.0,27.5,78.0,10,277,PostMonsoon
29.9,25.2,27.2,1009.2,77,8,22.4,262,0.0,1,0.0,27.3,78.0,10,278,PostMonsoon
32.6,24.4,27.6,1009.5,73,1,23.1,295,0.0,0,0.0,27.2,77.0,10,279,PostMonsoon
36.0,24.5,28.9,1008.6,65,0,22.9,293,0.0,0,0.0,27.6,73.0,10,280,PostMonsoon
32.5,25.5,28.3,1006.6,77,4,23.5,270,0.0,1,0.0,28.9,65.0,10,281,PostMonsoon
32.1,24.3,27.6,1006.1,79,33,18.1,268,0.0,3,0.0,28.3,77.0,10,282,PostMonsoon
37.8,24.7,30.5,1005.8,45,5,26.1,304,0.0,1,0.0,27.6,79.0,10,283,PostMonsoon
36.5,25.2,30.6,1005.5,42,6,24.3,291,0.0,1,0.0,30.5,45.0,10,284,PostMonsoon
38.0,25.4,31.0,1005.7,37,1,26.7,301,0.0,1,0.0,30.6,42.0,10,285,PostMonsoon
33.6,24.9,28.6,1005.1,68,0,22.4,250,0.0,0,0.0,31.0,37.0,10,286,PostMonsoon
32.3,24.7,28.3,1005.0,80,5,22.5,247,0.0,2,0.0,28.6,68.0,10,287,PostMonsoon
32.3,25.4,28.1,1006.0,84,7,23.7,252,0.0,1,0.0,28.3,80.0,10,288,PostMonsoon
31.6,25.5,27.8,1006.6,87,10,20.2,248,0.0,3,0.0,28.1,84.0,10,289,PostMonsoon
30.3,23.8,26.8,1007.8,85,25,17.8,252,0.0,3,0.0,27.8,87.0,10,290,PostMonsoon
30.3,24.4,26.9,1008.8,85,10,21.7,262,0.0,1,0.0,26.8,85.0,10,291,PostMonsoon
33.3,24.3,28.0,1008.7,79,29,19.6,270,0.0,3,0.0,26.9,85.0,10,292,PostMonsoon
33.0,23.8,28.3,1008.2,77,13,21.0,268,0.0,3,0.0,28.0,79.0,10,293,PostMonsoon
32.5,24.0,28.1,1008.0,72,0,24.9,260,0.0,0,0.0,28.3,77.0,10,294,PostMonsoon
31.4,26.0,28.1,1008.2,75,1,32.6,268,0.0,0,0.0,28.1,72.0,10,295,PostMonsoon
30.6,25.5,27.7,1009.9,78,8,30.5,269,0.0,1,0.0,28.1,75.0,10,296,PostMonsoon
30.9,25.8,27.9,1012.2,80,17,27.5,272,0.0,2,0.0,27.7,78.0,10,297,PostMonsoon
31.7,25.3,27.7,1013.0,81,0,24.0,272,0.0,0,0.0,27.9,80.0,10,298,PostMonsoon
33.2,24.5,27.6,1011.8,76,0,23.9,249,0.0,0,0.0,27.7,81.0,10,299,PostMonsoon
29.4,25.2,27.1,1011.9,79,14,16.9,212,0.0,2,0.0,27.6,76.0,10,300,PostMonsoon
29.7,23.8,26.3,1013.2,79,11,19.2,242,0.0,2,0.0,27.1,79.0,10,301,PostMonsoon
30.6,22.4,26.1,1014.1,79,15,16.6,276,0.0,3,0.0,26.3,79.0,10,302,PostMonsoon
34.8,22.6,28.5,1014.9,51,0,20.7,311,0.0,0,0.0,26.1,79.0,10,303,PostMonsoon
34.4,23.4,28.6,1012.6,44,0,18.9,297,0.0,0,0.0,28.5,51.0,10,304,PostMonsoon
33.6,23.7,27.8,1013.4,58,0,21.2,284,0.0,0,0.0,28.6,44.0,11,305,PostMonsoon
31.8,22.3,26.2,1013.8,71,0,19.1,292,0.0,0,0.0,27.8,58.0,11,306,PostMonsoon
30.7,21.8,25.5,1012.9,79,3,16.6,285,0.0,1,0.0,26.2,71.0,11,307,PostMonsoon
33.7,21.7,26.6,1014.1,62,15,19.0,322,0.0,3,0.0,25.5,79.0,11,308,PostMonsoon
34.0,22.9,28.1,1014.1,34,0,19.8,352,0.0,0,0.0,26.6,62.0,11,309,PostMonsoon
32.3,22.8,27.2,1013.8,46,0,20.6,332,0.0,0,0.0,28.1,34.0,11,310,PostMonsoon
31.9,20.6,26.0,1013.0,63,0,21.0,278,0.0,0,0.0,27.2,46.0,11,311,PostMonsoon
30.3,22.0,25.5,1013.0,80,4,19.6,272,0.0,1,0.0,26.0,63.0,11,312,PostMonsoon
29.6,21.0,25.0,1012.6,81,17,16.4,278,0.0,3,0.0,25.5,80.0,11,313,PostMonsoon
31.6,21.3,26.1,1013.0,60,0,18.4,311,0.0,0,0.0,25.0,81.0,11,314,PostMonsoon
31.5,21.4,26.4,1013.5,50,1,19.7,309,0.0,0,0.0,26.1,60.0,11,315,PostMonsoon
31.6,20.8,26.2,1011.7,51,0,20.5,300,0.0,0,0.0,26.4,50.0,11,316,PostMonsoon
27.9,22.4,25.3,1009.4,71,7,21.6,272,0.0,1,0.0,26.2,51.0,11,317,PostMonsoon
30.9,21.8,25.9,1008.9,53,5,22.4,304,0.1,51,0.0,25.3,71.0,11,318,PostMonsoon
30.0,19.5,24.6,1011.3,35,0,20.8,316,0.0,0,0.1,25.9,53.0,11,319,PostMonsoon
28.1,19.6,23.5,1014.1,49,1,19.9,49,0.0,0,0.0,24.6,35.0,11,320,PostMonsoon
27.7,18.5,22.7,1015.5,47,0,19.6,19,0.0,0,0.0,23.5,49.0,11,321,PostMonsoon
27.2,17.2,22.2,1016.2,46,0,21.0,6,0.0,0,0.0,22.7,47.0,11,322,PostMonsoon
27.5,17.4,22.2,1017.2,36,0,18.3,36,0.0,0,0.0,22.2,46.0,11,323,PostMonsoon
28.3,17.4,22.2,1017.5,34,0,17.0,28,0.0,0,0.0,22.2,36.0,11,324,PostMonsoon
26.8,16.2,21.4,1015.8,38,0,20.5,357,0.0,0,0.0,22.2,34.0,11,325,PostMonsoon
27.7,15.5,21.4,1014.6,38,4,16.2,28,0.0,2,0.0,21.4,38.0,11,326,PostMonsoon
26.8,15.3,21.0,1013.6,43,0,16.3,346,0.0,0,0.0,21.4,38.0,11,327,PostMonsoon
26.1,15.5,20.9,1014.8,64,0,19.3,303,0.0,0,0.0,21.0,43.0,11,328,PostMonsoon
28.2,17.1,22.5,1015.2,72,0,19.6,285,0.0,0,0.0,20.9,64.0,11,329,PostMonsoon
29.1,19.2,23.8,1015.9,67,0,16.8,48,0.0,0,0.0,22.5,72.0,11,330,PostMonsoon
29.2,18.1,23.4,1014.7,50,8,18.4,317,0.0,1,0.0,23.8,67.0,11,331,PostMonsoon
27.5,17.9,23.1,1012.5,75,0,23.3,279,0.0,0,0.0,23.4,50.0,11,332,PostMonsoon
27.6,19.1,23.2,1013.9,73,5,16.4,100,0.0,1,0.0,23.1,75.0,11,333,PostMonsoon
29.9,19.0,23.6,1015.2,41,0,21.8,39,0.0,0,0.0,23.2,73.0,11,334,PostMonsoon
28.4,17.1,22.3,1014.3,44,0,17.4,10,0.0,0,0.0,23.6,41.0,12,335,Winter
28.4,16.4,22.0,1014.5,45,68,18.3,2,0.0,3,0.0,22.3,44.0,12,336,Winter
29.0,16.9,22.4,1014.9,37,90,16.3,37,0.0,3,0.0,22.0,45.0,12,337,Winter
27.9,17.1,21.7,1014.3,35,30,19.2,10,0.0,3,0.0,22.4,37.0,12,338,Winter
26.2,14.3,19.8,1014.1,20,0,32.4,23,0.0,0,0.0,21.7,35.0,12,339,Winter
25.5,16.9,20.5,1015.2,24,0,29.3,38,0.0,0,0.0,19.8,20.0,12,340,Winter
26.1,13.8,19.4,1016.2,27,0,18.7,36,0.0,0,0.0,20.5,24.0,12,341,Winter
26.0,14.0,19.3,1016.0,27,0,19.1,32,0.0,0,0.0,19.4,27.0,12,342,Winter
26.8,13.9,20.0,1014.1,34,3,15.9,341,0.0,1,0.0,19.3,27.0,12,343,Winter
26.4,16.9,21.4,1013.2,37,37,18.2,27,0.0,3,0.0,20.0,34.0,12,344,Winter
23.3,16.1,19.8,1014.8,49,11,19.6,293,0.0,1,0.0,21.4,37.0,12,345,Winter
24.9,14.9,19.8,1014.7,37,0,20.6,308,0.0,0,0.0,19.8,49.0,12,346,Winter
24.3,15.4,19.4,1015.8,43,5,17.9,2,0.0,1,0.0,19.8,37.0,12,347,Winter
24.3,14.7,18.9,1018.4,47,1,23.2,47,0.0,0,0.0,19.4,43.0,12,348,Winter
23.1,13.8,17.9,1020.4,53,3,25.7,48,0.0,1,0.0,18.9,47.0,12,349,Winter
23.6,14.0,18.3,1021.4,45,4,33.6,51,0.0,3,0.0,17.9,53.0,12,350,Winter
24.9,14.8,19.3,1020.9,34,24,35.7,55,0.0,3,0.0,18.3,45.0,12,351,Winter
22.9,16.8,18.8,1020.9,45,54,32.8,35,1.7,51,0.0,19.3,34.0,12,352,Winter
26.0,15.5,19.5,1020.4,52,11,18.1,44,0.0,1,1.7,18.8,45.0,12,353,Winter
26.9,15.4,20.1,1020.7,64,2,14.8,21,0.0,0,0.0,19.5,52.0,12,354,Winter
27.2,15.7,20.4,1021.1,63,88,15.1,41,0.0,3,0.0,20.1,64.0,12,355,Winter
27.7,15.4,20.7,1019.5,51,24,18.3,40,0.0,3,0.0,20.4,63.0,12,356,Winter
25.9,14.4,19.7,1016.4,58,0,17.7,323,0.0,0,0.0,20.7,51.0,12,357,Winter
26.8,15.2,21.0,1014.3,58,0,14.9,357,0.0,0,0.0,19.7,58.0,12,358,Winter
29.0,15.4,21.5,1017.3,45,0,15.6,59,0.0,0,0.0,21.0,58.0,12,359,Winter
24.8,13.8,19.2,1017.2,55,10,12.3,27,0.0,3,0.0,21.5,45.0,12,360,Winter
24.9,14.1,19.6,1015.7,77,20,18.5,301,0.0,3,0.0,19.2,55.0,12,361,Winter
28.2,15.5,21.5,1015.6,59,18,17.8,52,0.0,3,0.0,19.6,77.0,12,362,Winter
27.7,16.5,21.2,1016.9,41,0,20.6,44,0.0,0,0.0,21.5,59.0,12,363,Winter
26.6,13.4,19.5,1017.7,44,0,14.5,31,0.0,0,0.0,21.2,41.0,12,364,Winter
24.1,12.2,18.5,1016.0,48,1,16.8,342,0.0,0,0.0,19.5,44.0,12,365,Winter
23.4,12.6,18.1,1014.1,61,0,13.3,323,0.0,0,0.0,18.5,48.0,1,1,Winter
23.9,13.2,18.4,1013.4,60,0,12.3,352,0.0,0,0.0,18.1,61.0,1,2,Winter
23.7,13.3,18.4,1013.8,69,0,15.1,306,0.0,0,0.0,18.4,60.0,1,3,Winter
24.5,18.2,20.9,1013.7,72,12,20.9,276,0.0,2,0.0,18.4,69.0,1,4,Winter
24.1,16.4,20.3,1013.2,78,12,16.5,148,0.2,51,0.0,20.9,72.0,1,5,Winter
24.2,15.5,19.5,1013.9,56,8,18.6,74,0.0,1,0.2,20.3,78.0,1,6,Winter
22.5,14.4,18.8,1015.3,66,0,15.4,193,0.0,0,0.0,19.5,56.0,1,7,Winter
22.7,14.7,18.9,1015.5,79,3,18.8,289,0.0,1,0.0,18.8,66.0,1,8,Winter
25.3,15.0,20.2,1017.3,55,0,16.3,51,0.0,0,0.0,18.9,79.0,1,9,Winter
27.0,15.8,21.1,1017.7,44,11,23.4,44,0.0,3,0.0,20.2,55.0,1,10,Winter
26.3,19.5,22.4,1017.2,36,65,19.9,50,0.0,3,0.0,21.1,44.0,1,11,Winter
26.5,18.3,22.1,1015.7,43,33,14.0,319,0.0,3,0.0,22.4,36.0,1,12,Winter
27.0,16.0,21.7,1015.2,45,0,14.4,325,0.0,0,0.0,22.1,43.0,1,13,Winter
28.0,15.4,21.3,1015.3,56,0,16.3,308,0.0,0,0.0,21.7,45.0,1,14,Winter
26.1,15.4,20.4,1015.9,53,0,13.4,337,0.0,0,0.0,21.3,56.0,1,15,Winter
25.4,14.8,20.4,1013.2,68,2,21.2,272,0.0,0,0.0,20.4,53.0,1,16,Winter
25.5,19.6,21.9,1012.1,71,8,21.7,262,0.0,1,0.0,20.4,68.0,1,17,Winter
25.9,14.9,20.4,1015.2,51,0,19.0,58,0.0,0,0.0,21.9,71.0,1,18,Winter
25.3,15.2,20.0,1016.7,46,0,19.4,358,0.0,0,0.0,20.4,51.0,1,19,Winter
24.9,14.3,19.5,1016.3,47,0,22.3,326,0.0,0,0.0,20.0,46.0,1,20,Winter
24.4,16.2,20.1,1013.4,69,0,20.9,283,0.0,0,0.0,19.5,47.0,1,21,Winter
24.8,19.2,21.7,1010.8,65,6,26.7,275,0.0,1,0.0,20.1,69.0,1,22,Winter
24.4,16.2,20.1,1012.1,35,0,23.7,309,0.0,0,0.0,21.7,65.0,1,23,Winter
23.2,13.9,19.4,1013.4,69,0,19.3,227,0.0,0,0.0,20.1,35.0,1,24,Winter
24.5,17.8,20.8,1012.7,74,7,20.8,267,0.0,1,0.0,19.4,69.0,1,25,Winter
23.6,14.4,19.6,1012.6,78,2,17.9,251,0.0,1,0.0,20.8,74.0,1,26,Winter
23.5,15.4,19.6,1012.5,80,7,15.1,269,0.0,2,0.0,19.6,78.0,1,27,Winter
23.5,14.7,19.1,1013.4,82,34,14.0,269,0.0,3,0.0,19.6,80.0,1,28,Winter
24.0,15.0,19.4,1015.0,86,29,15.9,299,0.0,3,0.0,19.1,82.0,1,29,Winter
26.7,15.8,20.7,1016.1,81,66,17.2,297,0.0,3,0.0,19.4,86.0,1,30,Winter
25.4,17.6,20.9,1015.8,83,37,19.8,292,0.0,3,0.0,20.7,81.0,1,31,Winter
26.8,19.2,22.3,1015.2,71,0,18.7,268,0.0,0,0.0,20.9,83.0,2,32,Winter
24.2,16.4,20.3,1014.0,76,1,16.4,252,0.0,0,0.0,22.3,71.0,2,33,Winter
26.3,14.7,20.5,1014.5,52,0,17.1,8,0.0,0,0.0,20.3,76.0,2,34,Winter
26.7,14.6,20.5,1015.3,36,7,18.9,19,0.0,2,0.0,20.5,52.0,2,35,Winter
25.9,17.5,20.9,1016.3,44,94,19.2,340,0.0,3,0.0,20.5,36.0,2,36,Winter
27.2,15.3,20.8,1017.5,50,10,16.0,349,0.0,3,0.0,20.9,44.0,2,37,Winter
25.5,14.5,20.0,1015.4,48,0,19.5,286,0.0,0,0.0,20.8,50.0,2,38,Winter
27.8,15.5,21.4,1013.1,60,25,20.5,276,0.0,3,0.0,20.0,48.0,2,39,Winter
25.6,16.2,20.8,1012.5,66,13,19.6,260,0.0,2,0.0,21.4,60.0,2,40,Winter
24.6,15.6,20.9,1012.7,72,56,21.7,260,0.0,3,0.0,20.8,66.0,2,41,Winter
23.7,17.7,20.7,1013.4,71,42,22.7,280,0.5,53,0.0,20.9,72.0,2,42,Winter
24.0,16.9,20.6,1016.0,74,19,18.3,202,0.0,3,0.5,20.7,71.0,2,43,Winter
25.2,18.0,21.3,1019.9,74,39,19.8,276,0.0,3,0.0,20.6,74.0,2,44,Winter
28.5,18.1,22.4,1021.3,51,70,24.5,52,0.0,3,0.0,21.3,74.0,2,45,Winter
25.8,16.0,21.3,1020.4,59,28,16.0,313,0.0,3,0.0,22.4,51.0,2,46,Winter
27.7,17.0,22.1,1018.7,79,11,19.5,285,0.0,2,0.0,21.3,59.0,2,47,Winter
28.2,19.0,22.6,1014.6,84,35,21.8,273,0.0,3,0.0,22.1,79.0,2,48,Winter
32.4,19.6,24.1,1010.8,73,1,21.8,262,0.0,0,0.0,22.6,84.0,2,49,Winter
27.2,19.2,22.4,1011.3,86,45,19.4,257,0.0,3,0.0,24.1,73.0,2,50,Winter
27.9,18.7,22.5,1012.4,84,46,22.7,267,0.0,3,0.0,22.4,86.0,2,51,Winter
27.2,18.6,22.9,1011.5,82,0,22.8,270,0.0,0,0.0,22.5,84.0,2,52,Winter
27.4,19.7,23.2,1010.5,83,44,21.9,268,0.0,3,0.0,22.9,82.0,2,53,Winter
27.4,21.5,23.7,1010.4,79,46,24.9,267,0.0,3,0.0,23.2,83.0,2,54,Winter
26.9,21.7,23.9,1012.4,82,29,23.5,249,0.0,3,0.0,23.7,79.0,2,55,Winter
31.9,19.3,25.6,1015.0,62,45,19.8,62,0.0,3,0.0,23.9,82.0,2,56,Winter
30.2,22.4,25.4,1014.3,53,59,19.9,45,0.0,3,0.0,25.6,62.0,2,57,Winter
31.2,20.2,25.1,1013.1,63,26,20.9,290,0.0,3,0.0,25.4,53.0,2,58,Winter
29.8,21.8,25.1,1012.0,62,92,22.8,282,0.0,3,0.0,25.1,63.0,2,59,Winter
30.2,22.2,25.4,1011.3,64,31,23.1,269,0.0,3,0.0,25.1,62.0,3,60,HotDry
29.6,21.1,24.9,1011.0,69,9,25.2,269,0.0,2,0.0,25.4,64.0,3,61,HotDry
30.6,22.8,25.7,1009.9,63,51,23.7,275,0.0,3,0.0,24.9,69.0,3,62,HotDry
27.5,20.3,24.0,1009.6,70,3,22.7,259,0.0,1,0.0,25.7,63.0,3,63,HotDry
29.8,19.2,24.3,1012.3,70,0,24.4,283,0.0,0,0.0,24.0,70.0,3,64,HotDry
31.5,19.9,25.6,1013.0,56,0,21.6,301,0.0,0,0.0,24.3,70.0,3,65,HotDry
31.6,21.2,26.1,1011.3,41,0,22.3,294,0.0,0,0.0,25.6,56.0,3,66,HotDry
32.3,19.4,25.5,1010.5,51,0,27.8,286,0.0,0,0.0,26.1,41.0,3,67,HotDry
29.9,21.3,24.9,1011.4,65,0,29.6,279,0.0,0,0.0,25.5,51.0,3,68,HotDry
29.1,19.7,24.2,1012.4,74,0,26.4,276,0.0,0,0.0,24.9,65.0,3,69,HotDry
28.8,21.1,24.4,1012.5,76,0,25.8,271,0.0,0,0.0,24.2,74.0,3,70,HotDry
29.4,21.5,24.6,1012.1,74,10,27.6,270,0.0,2,0.0,24.4,76.0,3,71,HotDry
27.9,22.2,24.6,1011.0,76,8,29.5,257,0.0,1,0.0,24.6,74.0,3,72,HotDry
28.2,23.3,25.3,1009.2,77,14,30.0,259,0.0,2,0.0,24.6,76.0,3,73,HotDry
29.7,23.3,25.7,1009.9,67,0,28.8,272,0.0,0,0.0,25.3,77.0,3,74,HotDry
30.1,22.1,25.1,1010.2,71,0,25.2,270,0.0,0,0.0,25.7,67.0,3,75,HotDry
29.8,21.2,24.7,1010.6,72,8,24.3,270,0.0,3,0.0,25.1,71.0,3,76,HotDry
26.5,21.1,23.8,1011.3,72,18,23.5,262,0.0,2,0.0,24.7,72.0,3,77,HotDry
28.1,22.8,25.0,1012.9,73,43,23.0,252,0.0,3,0.0,23.8,72.0,3,78,HotDry
27.9,21.0,24.7,1012.4,77,12,26.4,258,0.3,51,0.0,25.0,73.0,3,79,HotDry
31.0,22.1,25.7,1010.5,57,0,27.2,270,0.0,0,0.3,24.7,77.0,3,80,HotDry
27.6,21.6,24.4,1010.8,80,2,21.9,247,0.0,0,0.0,25.7,57.0,3,81,HotDry
28.7,21.8,24.7,1011.4,75,0,26.2,266,0.0,0,0.0,24.4,80.0,3,82,HotDry
30.6,21.0,25.3,1013.7,73,0,24.2,284,0.0,0,0.0,24.7,75.0,3,83,HotDry
34.7,21.8,27.3,1014.6,59,0,26.9,291,0.0,0,0.0,25.3,73.0,3,84,HotDry
34.3,22.6,27.6,1013.6,55,0,22.7,278,0.0,0,0.0,27.3,59.0,3,85,HotDry
34.6,23.0,27.6,1009.7,58,7,29.1,267,0.0,2,0.0,27.6,55.0,3,86,HotDry
35.0,23.4,27.6,1008.7,65,0,22.1,260,0.0,0,0.0,27.6,58.0,3,87,HotDry
35.8,21.9,27.7,1009.5,67,8,23.9,268,0.0,3,0.0,27.6,65.0,3,88,HotDry
32.8,23.4,27.3,1008.1,65,0,28.8,270,0.0,0,0.0,27.7,67.0,3,89,HotDry
31.6,25.0,27.7,1006.3,63,0,30.8,260,0.0,0,0.0,27.3,65.0,3,90,HotDry
30.8,24.4,27.2,1006.4,71,24,27.4,254,0.0,3,0.0,27.7,63.0,4,91,HotDry
29.5,23.9,26.4,1008.3,82,52,27.9,250,0.0,3,0.0,27.2,71.0,4,92,HotDry
29.6,23.7,26.3,1008.7,79,4,24.7,263,0.0,1,0.0,26.4,82.0,4,93,HotDry
30.5,23.7,26.4,1007.3,76,49,26.6,267,0.0,3,0.0,26.3,79.0,4,94,HotDry
30.4,24.0,26.7,1005.2,77,51,27.2,263,0.0,3,0.0,26.4,76.0,4,95,HotDry
30.5,24.4,27.0,1006.0,74,23,27.6,261,0.0,3,0.0,26.7,77.0,4,96,HotDry
30.8,23.1,26.7,1007.6,82,35,26.3,252,0.0,3,0.0,27.0,74.0,4,97,HotDry
32.2,23.5,27.1,1007.2,82,43,24.6,247,0.0,3,0.0,26.7,82.0,4,98,HotDry
30.0,24.8,27.3,1007.4,82,21,25.3,216,0.0,3,0.0,27.1,82.0,4,99,HotDry
31.1,24.0,27.7,1006.8,79,19,24.2,236,0.0,2,0.0,27.3,82.0,4,100,HotDry
36.6,24.8,29.4,1006.8,63,4,29.8,260,0.0,1,0.0,27.7,79.0,4,101,HotDry
37.8,25.8,30.4,1006.4,52,7,27.4,282,0.0,2,0.0,29.4,63.0,4,102,HotDry
31.3,24.3,27.8,1007.5,78,42,24.1,252,0.0,3,0.0,30.4,52.0,4,103,HotDry
33.7,24.7,28.7,1007.4,68,0,28.8,270,0.0,0,0.0,27.8,78.0,4,104,HotDry
